event_cluster,SCRIP_CD,stock,announcement_timestamp,timestamp_source,sensitivity,subject,member_count,member_newsid,member_subcategories,cluster_headlines,earnings_event,event_date
500180_1,500180,HDFC Bank Ltd,2023-08-21 21:05:27.310,DissemDT,Potentially Price-Sensitive,Corporate Actions,1,593fae8a-832d-493d-aa10-9e76debbe034,Allotment of Equity Shares,Allotment of Equity Shares pursuant to exercise of Warrants,False,2023-08-21
500180_10,500180,HDFC Bank Ltd,2023-09-04 18:19:56.450,DissemDT,Context-Dependent,Investor / Analyst,3,"418eb79b-adcb-46b6-937f-49e9cc8fa99a, f0e313a9-4e4e-4934-bd55-5f5b8d32f87a, 7261a3fd-e259-4266-9291-f8299bcb86a2",Reg. 39 (3) - Details of Loss of Certificate / Duplicate Certificate; Analyst / Investor Meet,"Intimation regarding loss of share certificates || Intimation of Schedule of Analyst/ Institutional Investor Meetings under the SEBI (Listing Obligations and Disclosure Requirements) Regulations, 2015 || Intimation of Schedule of Analyst/ Institutional Investor Meetings under the SEBI (Listing Obligations and Disclosure Requirements) Regulations, 2015",False,2023-09-04
500180_100,500180,HDFC Bank Ltd,2024-01-24 13:45:28.077,DissemDT,Routine / Lower Signal,Regulatory / Compliance,1,3e85d410-c493-4f00-bb3c-b8a3a756f602,Reg. 39 (3) - Details of Loss of Certificate / Duplicate Certificate,Notice for Loss/misplacement of share certificate,False,2024-01-24
500180_101,500180,HDFC Bank Ltd,2024-01-25 20:41:25.227,DissemDT,Routine / Lower Signal,Regulatory / Compliance,1,7fe66a1e-dd66-4d47-999e-721fc001f330,General,"Intimation under Regulation 30 of SEBI (Listing Obligations and Disclosure Requirements) Regulations, 2015",False,2024-01-25
500180_102,500180,HDFC Bank Ltd,2024-01-29 15:26:16.520,DissemDT,Routine / Lower Signal,Regulatory / Compliance,1,e754c5e1-4a87-467a-9a91-b7759b7bd9ba,Reg. 39 (3) - Details of Loss of Certificate / Duplicate Certificate,Intimation regarding Loss of Share Certificate,False,2024-01-29
500180_103,500180,HDFC Bank Ltd,2024-01-30 20:51:38.510,DissemDT,Potentially Price-Sensitive,Corporate Actions,1,790bebe7-f1dd-4928-bd8f-a9fd55a4aaee,Allotment of ESOP / ESPS,Allotment of equity shares under ESOP,False,2024-01-30
500180_104,500180,HDFC Bank Ltd,2024-01-31 12:20:09.320,DissemDT,Context-Dependent,Investor / Analyst,1,48c3a798-f2b0-402b-8f03-8f80fe41ca90,General,Intimation of Schedule of Analyst/ Institutional Investor Meetings,False,2024-01-31
500180_105,500180,HDFC Bank Ltd,2024-01-31 16:47:30.030,DissemDT,Context-Dependent,Investor / Analyst,1,ba731f5d-8d66-4688-b37a-16e636324c81,General,Intimation of Schedule of Analyst/ Institutional Investor Meetings,False,2024-01-31
500180_106,500180,HDFC Bank Ltd,2024-02-02 21:43:20.160,DissemDT,Potentially Price-Sensitive,Business / Strategic,1,8520c5ad-b781-454a-8fa6-0114ea91b501,Acquisition,"Disclosure under Regulation 30 of the SEBI (Listing Obligations and Disclosure Requirements) Regulations, 2015",False,2024-02-02
500180_107,500180,HDFC Bank Ltd,2024-02-05 14:45:40.470,DissemDT,Routine / Lower Signal,Regulatory / Compliance,1,f970e8a9-ce48-4981-8979-b9f9d5cb98ba,Reg. 39 (3) - Details of Loss of Certificate / Duplicate Certificate,Intimation regarding loss of Share Certificates,False,2024-02-05
500180_108,500180,HDFC Bank Ltd,2024-02-05 18:59:30.723,DissemDT,Context-Dependent,Investor / Analyst,1,b05ce641-6c64-42c0-a426-ca56ea5d68ca,General,Presentation - Analyst/ Institutional Investor Meetings,False,2024-02-05
500180_109,500180,HDFC Bank Ltd,2024-02-06 09:06:17.400,DissemDT,Routine / Lower Signal,Regulatory / Compliance,1,87971910-d2d7-470f-9406-4765a6ca0a07,General,"Intimation under Regulation 30 of the SEBI (LODR) Regulations, 2015",False,2024-02-06
500180_11,500180,HDFC Bank Ltd,2023-09-07 18:11:24.773,DissemDT,Context-Dependent,Investor / Analyst,1,8765423a-9e7d-498e-8dd6-b8afd1213c9b,Analyst / Investor Meet,"Intimation of Analyst/ Institutional Investor Meetings under the SEBI (Listing Obligations and Disclosure Requirements) Regulations, 2015",False,2023-09-07
500180_110,500180,HDFC Bank Ltd,2024-02-06 21:50:27.003,DissemDT,Routine / Lower Signal,Regulatory / Compliance,1,8504fdfe-c0e5-4a8f-b6e4-baab531c99d2,General,Intimation under Regulation 30 of LODR,False,2024-02-06
500180_111,500180,HDFC Bank Ltd,2024-02-08 15:19:27.630,DissemDT,Context-Dependent,Investor / Analyst,1,b7d3b102-3b64-4c27-b0c1-614579ebc3aa,General,Intimation of Schedule of Analyst / Institutional Investor Meetings,False,2024-02-08
500180_112,500180,HDFC Bank Ltd,2024-02-12 16:35:24.987,DissemDT,Routine / Lower Signal,Regulatory / Compliance,1,00ca5f96-e0b7-4af8-a6d5-e8e9480d9281,Reg. 39 (3) - Details of Loss of Certificate / Duplicate Certificate,Intimation regarding loss of share certificates,False,2024-02-12
500180_113,500180,HDFC Bank Ltd,2024-02-12 20:39:57.950,DissemDT,Potentially Price-Sensitive,Corporate Actions,1,e35c2e52-522d-4ad2-a552-3e8b5c2c0216,Allotment of ESOP / ESPS,Allotment of Equity shares under ESOP,False,2024-02-12
500180_114,500180,HDFC Bank Ltd,2024-02-12 22:48:32.843,DissemDT,Routine / Lower Signal,Regulatory / Compliance,1,c7b2873e-7a85-40ae-b4c7-aac3a22ba2d1,General,"Intimation under Regulation 30 of SEBI (Listing Obligations and Disclosure Requirements) Regulations, 2015",False,2024-02-12
500180_115,500180,HDFC Bank Ltd,2024-02-13 15:57:15.703,DissemDT,Routine / Lower Signal,Regulatory / Compliance,1,b63e9bfc-12d2-4840-af28-aad94f34ab6c,Reg. 39 (3) - Details of Loss of Certificate / Duplicate Certificate,Notice for loss/ misplacement of share certificate,False,2024-02-13
500180_116,500180,HDFC Bank Ltd,2024-02-13 17:25:42.143,DissemDT,Context-Dependent,Investor / Analyst,1,322b945c-138f-48df-a67f-ebf866bccfba,Analyst / Investor Meet,Intimation of Schedule of Analyst/ Institutional investor Meeting,False,2024-02-13
500180_117,500180,HDFC Bank Ltd,2024-02-15 14:21:53.600,DissemDT,Context-Dependent,Investor / Analyst,1,18e6cdbe-e526-435e-9cae-4c71054bcdef,Analyst / Investor Meet,Intimation of Schedule of Analyst / Institutional investor meeting,False,2024-02-15
500180_118,500180,HDFC Bank Ltd,2024-02-19 13:51:53.630,DissemDT,Routine / Lower Signal,Other,1,e07adde1-ba42-44e1-bf35-45be3697eed8,General,Grant of stock options under Employee Stock Option Schemes- ESOS 54(ESOS LIV) and ESOS 55 (ESOS LV) and Grant of Units under Employees'' Stock Incentive Master Scheme - 2022 - RSU 007 and RSU 008,False,2024-02-19
500180_119,500180,HDFC Bank Ltd,2024-02-20 14:39:12.793,DissemDT,Routine / Lower Signal,Regulatory / Compliance,1,10aa229e-0924-4f48-bdf1-327c4d74838b,Reg. 39 (3) - Details of Loss of Certificate / Duplicate Certificate,Intimation regarding loss of share certificates,False,2024-02-20
500180_12,500180,HDFC Bank Ltd,2023-09-08 20:07:18.170,DissemDT,Potentially Price-Sensitive,Corporate Actions,2,"d37dcb04-f3e0-4370-9ce9-fcb1c400d7dc, 0defb6e0-50fd-4240-ad5c-2edbd1e3c8a4",Analyst / Investor Meet; Allotment of ESOP / ESPS,"Intimation of Analyst/ Institutional Investor Meetings under the SEBI ( Listing Obligations and Disclosure Requirements) Regulations, 2015 || Allotment of Equity shares under ESOP",False,2023-09-08
500180_120,500180,HDFC Bank Ltd,2024-02-21 17:25:58.687,DissemDT,Routine / Lower Signal,Regulatory / Compliance,1,48b9e09b-157a-4e05-9450-dad5ee65a0b2,Reg. 39 (3) - Details of Loss of Certificate / Duplicate Certificate,Notice for loss/ misplacement of share certificates,False,2024-02-21
500180_121,500180,HDFC Bank Ltd,2024-02-23 22:59:57.880,DissemDT,Routine / Lower Signal,Other,1,3f453f31-2332-4d5f-ba9e-65d3555e5af6,General,Approval from Reserve Bank of India for sale of Equity shares of HDFC Credila Financial Services Limited,False,2024-02-23
500180_122,500180,HDFC Bank Ltd,2024-02-25 16:03:14.780,DissemDT,Routine / Lower Signal,Regulatory / Compliance,1,8798ec93-8e1d-4d55-8fd5-d82c2857146b,Newspaper Publication,"Intimation under Regulations 30, 51 (1) and 51 (2) of the SEBI (Listing Obligations and Disclosure Requirements) Regulations, 2015- Public Notice",False,2024-02-25
500180_123,500180,HDFC Bank Ltd,2024-02-26 15:05:57.943,DissemDT,Routine / Lower Signal,Regulatory / Compliance,1,ea41bbac-e71e-4419-957d-8c0df612e229,Reg. 39 (3) - Details of Loss of Certificate / Duplicate Certificate,Intimation regarding loss of share certificates,False,2024-02-26
500180_124,500180,HDFC Bank Ltd,2024-02-26 15:50:13.167,DissemDT,Potentially Price-Sensitive,Board / Management,1,eb338ce1-bca9-4a19-9112-5f1190311505,Postal Ballot,"Intimation under Regulation 30 of the Securities and Exchange Board of India ( Listing Obligations and Disclosure Requirements) Regulations, 2015- Notice of Postal Ballot",False,2024-02-26
500180_125,500180,HDFC Bank Ltd,2024-02-27 17:03:00.490,DissemDT,Routine / Lower Signal,Regulatory / Compliance,1,bad9dbb9-77d1-41b9-99c9-1635621badbe,Reg. 39 (3) - Details of Loss of Certificate / Duplicate Certificate,Notice for loss / misplacement of share certificates,False,2024-02-27
500180_126,500180,HDFC Bank Ltd,2024-02-28 20:29:59.937,DissemDT,Potentially Price-Sensitive,Corporate Actions,2,"cef547b3-4848-42ec-acdf-e1fcc61de6a3, 7b3d940f-1358-4404-8c86-e0fbaa5af829",Allotment of ESOP / ESPS; General,"Allotment of Equity shares under ESOP || Intimation under Regulation 30 of the Securities and Exchange Board of India (Listing Obligations and Disclosure Requirements) Regulations, 2015- Sale of shares of Indraprastha Medical ....",False,2024-02-28
500180_127,500180,HDFC Bank Ltd,2024-02-28 21:30:42.330,DissemDT,Context-Dependent,Investor / Analyst,1,1bf66cb6-17cd-4b2f-b582-3f3d2ed5a283,General,"Intimation of Schedule of Analyst/ Institutional Investor Meetings under SEBI ( Listing Obligations and Disclosure Requirements) Regulations, 2015",False,2024-02-28
500180_128,500180,HDFC Bank Ltd,2024-02-29 18:02:43.670,DissemDT,Potentially Price-Sensitive,Board / Management,1,893ae5a4-c36a-430e-aaad-81cae43ef21c,Change in Directorate,"Intimation under Regulation 30 of SEBI (Listing Obligations an Disclosure Requirements) Regulations, 2015- Change in Directorate",False,2024-02-29
500180_129,500180,HDFC Bank Ltd,2024-03-02 14:18:12.503,DissemDT,Routine / Lower Signal,Regulatory / Compliance,1,62d2af9e-0017-424a-b118-cd2e79fde344,General,Intimation under Regulation 30 of SEBI LODR,False,2024-03-02
500180_13,500180,HDFC Bank Ltd,2023-09-13 21:41:52.143,DissemDT,Context-Dependent,Investor / Analyst,2,"88b92743-8b4e-4198-86a1-4d5012944157, 13706663-7a4f-4883-8d44-f0096ab12455",Analyst / Investor Meet,"Intimation of schedule of Analyst/ Institutional Investor Meetings under the SEBI (Listing Obligations and Disclosure Requirements) Regulations, 2015 || Intimation of Schedule of Analyst / Institutional Investor Meetings under the SEBI (Listing Obligations and Disclosure Requirements) Regulations, 2015",False,2023-09-13
500180_130,500180,HDFC Bank Ltd,2024-03-04 15:04:00.120,DissemDT,Routine / Lower Signal,Regulatory / Compliance,1,9225057c-d1f7-4bfc-9b04-aa0f5cef69bc,Reg. 39 (3) - Details of Loss of Certificate / Duplicate Certificate,Intimation regarding loss of Share Certificate,False,2024-03-04
500180_131,500180,HDFC Bank Ltd,2024-03-05 19:55:56.543,DissemDT,Context-Dependent,Investor / Analyst,1,66ac898b-28dc-48b7-b130-7e62a02e0e7a,General,Intimation of Schedule of Analyst/ Institutional Investor Meetings,False,2024-03-05
500180_132,500180,HDFC Bank Ltd,2024-03-06 17:37:28.167,DissemDT,Routine / Lower Signal,Regulatory / Compliance,1,94b9a688-01ff-44dd-b498-31398babf121,General,Intimation under Regulation 30 of SEBI LODR,False,2024-03-06
500180_133,500180,HDFC Bank Ltd,2024-03-06 18:22:50.773,DissemDT,Context-Dependent,Investor / Analyst,1,dfd4f913-4cc0-4079-8483-fdb63592bc78,General,Investor Presentation,False,2024-03-06
500180_134,500180,HDFC Bank Ltd,2024-03-07 22:07:22.507,DissemDT,Routine / Lower Signal,Regulatory / Compliance,1,05878ff9-e9a0-431b-a48a-22add85d7700,General,Intimation under Regulation 30 of SEBI LODR,False,2024-03-07
500180_135,500180,HDFC Bank Ltd,2024-03-11 16:48:11.583,DissemDT,Routine / Lower Signal,Regulatory / Compliance,1,83040566-1393-4de0-b3bf-aedaea8df57a,Reg. 39 (3) - Details of Loss of Certificate / Duplicate Certificate,Intimation of Loss of Share Certificate,False,2024-03-11
500180_136,500180,HDFC Bank Ltd,2024-03-13 20:50:39.817,DissemDT,Potentially Price-Sensitive,Corporate Actions,1,fce69abe-76e8-4adf-b4c9-757e6519431e,Allotment of ESOP / ESPS,Allotment of equity shares under ESOP,False,2024-03-13
500180_137,500180,HDFC Bank Ltd,2024-03-15 15:54:19.840,DissemDT,Potentially Price-Sensitive,Business / Strategic,1,333fcc45-208e-4a63-95f4-8366accb3efa,"Disclosures under Reg. 29(1) of SEBI (SAST) Regulations, 2011","The Exchange has received the disclosure under Regulation 29(1) of SEBI (Substantial Acquisition of Shares & Takeovers) Regulations, 2011 for SBICAP Trustee Company Ltd",False,2024-03-15
500180_138,500180,HDFC Bank Ltd,2024-03-18 17:31:50.617,DissemDT,Routine / Lower Signal,Regulatory / Compliance,1,3d337cc7-cab2-4d93-9fdc-4270e3e27503,Reg. 39 (3) - Details of Loss of Certificate / Duplicate Certificate,Intimation of Loss of Share Certificate,False,2024-03-18
500180_139,500180,HDFC Bank Ltd,2024-03-18 22:09:32.463,DissemDT,Routine / Lower Signal,Regulatory / Compliance,1,4a3b86f0-08af-4c9c-9c53-488b2b3a5312,General,Disclosure,False,2024-03-18
500180_14,500180,HDFC Bank Ltd,2023-09-13 22:53:38.170,DissemDT,Routine / Lower Signal,Other,1,45a43e2c-1cab-4688-9373-be76ed7e8568,General,"Grant of Stock Options under Employee Stock Option Schemes - ESOS 45, ESOS 46 and ESOS 47 and Grant of units under Employees'' Stock Incentive Master Scheme 2022 - RSU 004",False,2023-09-13
500180_140,500180,HDFC Bank Ltd,2024-03-19 17:04:46.013,DissemDT,Routine / Lower Signal,Regulatory / Compliance,1,8b8f5f40-3b94-45b5-bf81-83a44876d1c2,Reg. 39 (3) - Details of Loss of Certificate / Duplicate Certificate,Intimation of Loss of Share Certificate,False,2024-03-19
500180_141,500180,HDFC Bank Ltd,2024-03-19 20:07:27.920,DissemDT,Potentially Price-Sensitive,Corporate Actions,2,"91d16136-19c9-468b-ad6e-4706a3438519, 20fe46d4-0e94-43bf-aeeb-e87c249fd1d0",General; Allotment of ESOP / ESPS,Intimation under Regulation 30 of SEBI LODR || Allotment of Equity Shares under ESOP,False,2024-03-19
500180_142,500180,HDFC Bank Ltd,2024-03-20 00:11:55.893,DissemDT,Routine / Lower Signal,Regulatory / Compliance,1,8158d797-99e6-4334-ad7d-bebccfacf0d6,General,"Intimation under Regulation 30, 51(1) and 51(2) of the SEBI Listing Regulations",False,2024-03-20
500180_143,500180,HDFC Bank Ltd,2024-03-20 13:39:13.613,DissemDT,Potentially Price-Sensitive,Corporate Actions,1,0f60283a-5558-4cff-baed-47033c29e4ac,Allotment of Equity Shares,Allotment of 7.65% HDFC Bank Infra Bonds - Series 2/2023-24,False,2024-03-20
500180_144,500180,HDFC Bank Ltd,2024-03-20 18:20:10.710,DissemDT,Potentially Price-Sensitive,Board / Management,1,b3fc35e4-5965-4434-859d-3b311b1a9d3e,Board Meeting,"HDFC Bank Ltdhas informed BSE that the meeting of the Board of Directors of the Company is scheduled on 20/04/2024 ,inter alia, to consider and approve Intimation of Board Meeting of HDFC ....",False,2024-03-20
500180_145,500180,HDFC Bank Ltd,2024-03-20 22:57:31.783,DissemDT,Routine / Lower Signal,Regulatory / Compliance,1,4926ca19-13aa-4375-b402-64dc6cca12a5,General,"Intimation under Regulation 30, 51(1) and 51(2) of the SEBI Listing Regulations",False,2024-03-20
500180_146,500180,HDFC Bank Ltd,2024-03-26 14:08:14.250,DissemDT,Routine / Lower Signal,Regulatory / Compliance,1,d4f86533-8beb-4858-b655-01b6aea726bf,Reg. 39 (3) - Details of Loss of Certificate / Duplicate Certificate,Intimation of Loss of Share Certificate,False,2024-03-26
500180_147,500180,HDFC Bank Ltd,2024-03-27 11:06:20.427,DissemDT,Routine / Lower Signal,Regulatory / Compliance,1,e694bdef-316f-4473-a7f4-86ab5c2544b9,Reg. 39 (3) - Details of Loss of Certificate / Duplicate Certificate,Intimation of Loss of Share Certificate,False,2024-03-27
500180_148,500180,HDFC Bank Ltd,2024-03-28 21:23:49.390,DissemDT,Routine / Lower Signal,Regulatory / Compliance,1,f0d398ce-6774-432a-8d25-5ff4ad14e2ae,Change in Management,"Intimation under Regulation 30 of the SEBI (Listing Obligations and Disclosure Requirements) Regulations, 2015",False,2024-03-28
500180_149,500180,HDFC Bank Ltd,2024-03-30 19:08:36.210,DissemDT,Routine / Lower Signal,Regulatory / Compliance,1,3d3d64c1-c0c7-4e4d-bae1-aa3c9b3e4536,Diversification / Disinvestment,Execution of binding term sheet as part of the process for sale of 100% equity shares held by HDFC Bank Limited in HDFC Education and Development Services Private Limited,False,2024-03-30
500180_15,500180,HDFC Bank Ltd,2023-09-14 21:39:16.160,DissemDT,Context-Dependent,Investor / Analyst,1,eadb380b-955d-41dc-a012-81bc47521f3d,Analyst / Investor Meet,"Intimation of Schedule of Analyst / Institutional Investor Meetings under the SEBI (Listing Obligations and Disclosure Requirements) Regulations, 2015",False,2023-09-14
500180_150,500180,HDFC Bank Ltd,2024-04-01 16:28:38.970,DissemDT,Potentially Price-Sensitive,Board / Management,1,4e3d52d1-5a68-423f-be15-7a1e279ba0fa,Postal Ballot,Result of Postal Ballot and E-voting on Resolutions of HDFC Bank Limited,False,2024-04-01
500180_151,500180,HDFC Bank Ltd,2024-04-01 17:35:54.723,DissemDT,Potentially Price-Sensitive,Board / Management,1,c1fa018c-dcc0-4d54-8360-ebf40f0f58be,Postal Ballot,"Intimation under Regulation 30 of the Securities and Exchange Board of India (Listing Obligations and Disclosure Requirements) Regulations, 2015 - Notice of Postal Ballot",False,2024-04-01
500180_152,500180,HDFC Bank Ltd,2024-04-01 20:45:37.230,DissemDT,Routine / Lower Signal,Regulatory / Compliance,1,2b33535e-b0eb-4466-ab54-4de1b8dc1007,Change in Management,"Disclosure under Regulation 30 of the SEBI (Listing Obligations and Disclosure Requirements) Regulations, 2015",False,2024-04-01
500180_153,500180,HDFC Bank Ltd,2024-04-04 08:22:39.073,DissemDT,Routine / Lower Signal,Regulatory / Compliance,1,b580fd6f-cb5a-402f-9fd5-8c4fc6e85497,General,"Intimation under SEBI (Listing Obligation and Disclosure Requirements) Regulation, 2015",False,2024-04-04
500180_154,500180,HDFC Bank Ltd,2024-04-04 21:22:02.233,DissemDT,Routine / Lower Signal,Regulatory / Compliance,1,1356042f-09a0-475e-9610-6293ea064b4a,General,Sale of shares of Indraprastha Medical Corporation Limited by HDFC Bank Limited,False,2024-04-04
500180_155,500180,HDFC Bank Ltd,2024-04-06 19:53:16.143,DissemDT,Routine / Lower Signal,Regulatory / Compliance,1,77b1be55-7433-4d56-ab35-f3e85b7f9e87,General,Intimation under Regulation 30 of SEBI LODR,False,2024-04-06
500180_156,500180,HDFC Bank Ltd,2024-04-08 18:19:56.777,DissemDT,Routine / Lower Signal,Regulatory / Compliance,1,3246d81c-df0b-4938-9cf8-ac373af86a76,Reg. 39 (3) - Details of Loss of Certificate / Duplicate Certificate,Intimation of loss of share certificate.,False,2024-04-08
500180_157,500180,HDFC Bank Ltd,2024-04-08 21:11:32.243,DissemDT,Routine / Lower Signal,Regulatory / Compliance,1,fc7f0fba-a15e-452f-b0dd-9e8c173802a9,General,"Intimation under Regulation 30 of the SEBI (Listing Obligations and Disclosure Requirements) Regulations, 2015",False,2024-04-08
500180_158,500180,HDFC Bank Ltd,2024-04-09 16:37:47.067,DissemDT,Routine / Lower Signal,Regulatory / Compliance,1,38082cd6-ac4a-407a-942c-fa215be8b384,General,Intimation under Regulation 30 of SEBI LODR,False,2024-04-09
500180_159,500180,HDFC Bank Ltd,2024-04-10 17:48:37.333,DissemDT,Routine / Lower Signal,Regulatory / Compliance,2,"2ecd5d56-b6cc-41b3-b873-ed896a73b5d2, 0ef24edc-14e9-4a69-85a1-1017ace299d3",Reg. 7(3) – Compliance Certificate (RTA & Compliance Officer); Reg. 39 (3) - Details of Loss of Certificate / Duplicate Certificate,"Compliance Certificate pursuant to Regulation 7(3) of SEBI (LODR) Regulations, 2015 for the year ended March 31, 2024 || Intimation of loss of share certificate.",False,2024-04-10
500180_16,500180,HDFC Bank Ltd,2023-09-15 15:34:43.720,DissemDT,Context-Dependent,Investor / Analyst,1,4699e156-8ed3-437a-a370-23b4ca21c0fc,Analyst / Investor Meet,"Intimation of Schedule of Analyst / Institutional Investor Meetings under the SEBI (Listing Obligations and Disclosure Requirements) Regulations, 2015",False,2023-09-15
500180_160,500180,HDFC Bank Ltd,2024-04-12 12:09:09.113,DissemDT,Routine / Lower Signal,Regulatory / Compliance,1,1f9e15d3-508c-4492-955a-a9c9089610aa,Reg. 40 (10) - PCS Certificate for Transfer / Transmission / Transposition,Compliance Certificate under Regulation 40(10) of SEBI (LODR) Regulations,False,2024-04-12
500180_161,500180,HDFC Bank Ltd,2024-04-16 16:26:48.860,DissemDT,Routine / Lower Signal,Regulatory / Compliance,1,f03d5151-65e8-478e-b6fa-09509c3b98e3,Reg. 39 (3) - Details of Loss of Certificate / Duplicate Certificate,Intimation of loss of share certificate.,False,2024-04-16
500180_162,500180,HDFC Bank Ltd,2024-04-16 18:13:01.093,DissemDT,Routine / Lower Signal,Regulatory / Compliance,1,05b1e2de-605c-4eaa-8e98-9b35834d3465,"Certificate under Reg. 74 (5) of SEBI (DP) Regulations, 2018","Certificate under Regulation 74 (5) of SEBI (Depositories and Participants) Regulations, 2018 for the quarter ended March 31, 2024",False,2024-04-16
500180_163,500180,HDFC Bank Ltd,2024-04-16 19:49:21.263,DissemDT,Potentially Price-Sensitive,Financial Results,1,971accde-c31e-4497-a04b-9eaceb8442c4,Analyst / Investor Meet,"Earnings call for the audited financial results for the year ended March 31, 2024",True,2024-04-16
500180_164,500180,HDFC Bank Ltd,2024-04-17 17:20:19.043,DissemDT,Potentially Price-Sensitive,Board / Management,1,7b6e6637-1782-4828-ab27-381fec00f63e,Board Meeting,"HDFC Bank Ltdhas informed BSE that the meeting of the Board of Directors of the Company is scheduled on 20/04/2024 ,inter alia, to consider and approve In continuation of our intimation ....",False,2024-04-17
500180_165,500180,HDFC Bank Ltd,2024-04-20 14:33:08.687,DissemDT,Potentially Price-Sensitive,Financial Results,4,"89764d5e-0a17-43b8-900b-3035a31f10b3, 46a78bc7-2b83-468e-9828-86215b4804ce, d7e9b74e-f937-4164-8485-f2459944a335, 94a9eef1-e2e0-4bd9-9397-464bb878ce09",Financial Results; Press Release / Media Release; Outcome of Board Meeting; Reg. 54 - Asset Cover details,"Audited Financial Results of HDFC Bank Limited for the quarter and year ended March 31, 2024 || Press Release on Audited Financial Results of HDFC Bank Limited for the quarter and year ended March 31, 2024 || Outcome of Board Meeting held on April 20, 2024 - Dividend || Security Cover Certificate",True,2024-04-20
500180_166,500180,HDFC Bank Ltd,2024-04-20 15:53:43.897,DissemDT,Potentially Price-Sensitive,Corporate Actions,2,"118e8df4-a6f1-434e-a79e-53985b1f7c95, 09b9b58b-a7b2-452a-936e-193aa87a3d9a",Record Date; General,"Record Date for the Purpose of Dividend || Half-Yearly Disclosure of Related Party Transactions for the Period Ended March 31, 2024 under Regulation 23(9) of SEBI (Listing Obligations And Disclosure Requirement ) Regulations, 2015",False,2024-04-20
500180_167,500180,HDFC Bank Ltd,2024-04-20 16:45:59.590,DissemDT,Potentially Price-Sensitive,Board / Management,1,9b03a611-1b6f-450c-bede-65ada7e2fd88,General,"Outcome of Board Meeting held on April 20, 2024",False,2024-04-20
500180_168,500180,HDFC Bank Ltd,2024-04-21 10:45:25.173,DissemDT,Context-Dependent,Investor / Analyst,2,"0edae5b8-6d60-41ae-9fa8-135eded8077e, 599ea215-96f9-45a0-9f44-9c91ecf46480",General; Analyst / Investor Meet,"Intimation under Regulation 30 of SEBI Listing Regulations || Presentation and Audio Recording of Earnings Call for the quarter ended March 31, 2024",False,2024-04-21
500180_169,500180,HDFC Bank Ltd,2024-04-22 16:02:14.503,DissemDT,Routine / Lower Signal,Regulatory / Compliance,1,a74980fb-4161-4f6a-90cc-c8511dcd53e4,Reg. 39 (3) - Details of Loss of Certificate / Duplicate Certificate,"Intimation in terms of Regulation 39 (3) of the SEBI (Listing Obligations and Disclosure Requirements) Regulations, 2015 regarding loss of share certificates",False,2024-04-22
500180_17,500180,HDFC Bank Ltd,2023-09-16 17:15:49.943,DissemDT,Context-Dependent,Investor / Analyst,1,487147a8-3e66-437f-9126-27b8d799836b,Analyst / Investor Meet,Presentation made at Analyst / Institutional Investor Meetings,False,2023-09-16
500180_170,500180,HDFC Bank Ltd,2024-04-22 23:17:33.410,DissemDT,Routine / Lower Signal,Regulatory / Compliance,1,07caebf4-626c-4dcf-ab16-915f78bc6dcf,General,"Intimation under Regulation 30 of SEBI (Listing Obligations and Disclosure Requirements) Regulations, 2015",False,2024-04-22
500180_171,500180,HDFC Bank Ltd,2024-04-23 11:18:48.593,DissemDT,Routine / Lower Signal,Regulatory / Compliance,1,108bd7b6-2e3c-4aa3-b276-59f70625e285,General,"Intimation under Regulation 30 of the SEBI (Listing Obligations and Disclosure Requirements) Regulations, 2015",False,2024-04-23
500180_172,500180,HDFC Bank Ltd,2024-04-23 16:38:54.900,DissemDT,Routine / Lower Signal,Regulatory / Compliance,1,7402e034-f83c-439c-bf62-c6df77ae8bdd,Reg. 39 (3) - Details of Loss of Certificate / Duplicate Certificate,Notice for loss/ misplacement of share certificates,False,2024-04-23
500180_173,500180,HDFC Bank Ltd,2024-04-24 17:30:58.670,DissemDT,Routine / Lower Signal,Regulatory / Compliance,1,f2a800a7-5653-4fff-907f-ad76aa1c3677,General,"Intimation under the SEBI (Listing Obligations and Disclosure Requirements) Regulations, 2015",False,2024-04-24
500180_174,500180,HDFC Bank Ltd,2024-04-25 15:50:06.020,DissemDT,Routine / Lower Signal,Regulatory / Compliance,1,669ca197-ef5f-4ee5-b710-6cf17d8dac0d,General,"Intimation under Regulation 30 of the SEBI (Listing Obligations and Disclosure Requirements ) Regulations, 2015",False,2024-04-25
500180_175,500180,HDFC Bank Ltd,2024-04-26 15:44:11.413,DissemDT,Routine / Lower Signal,Regulatory / Compliance,1,b80a9643-9224-478c-a683-9d4d12b5d0ee,General,"Intimation under Regulation 30 of the SEBI (Listing Obligations and Disclosure Requirements) Regulations, 2015",False,2024-04-26
500180_176,500180,HDFC Bank Ltd,2024-04-26 17:15:21.883,DissemDT,Context-Dependent,Investor / Analyst,1,5b49c5d0-01d2-4547-a217-acc0b031c5d5,General,"Transcript of Earnings call for the year ended March 31, 2024",False,2024-04-26
500180_177,500180,HDFC Bank Ltd,2024-04-26 17:56:25.007,DissemDT,Routine / Lower Signal,Regulatory / Compliance,1,c9dbc69d-261b-40eb-927c-2623ca84dd39,General,Disclosure under Clause 2.2(b) of Chapter-XIV,False,2024-04-26
500180_178,500180,HDFC Bank Ltd,2024-04-29 10:21:40.663,DissemDT,Routine / Lower Signal,Regulatory / Compliance,1,dd3c21d3-71b7-471d-84e2-15dd3bc83ee4,Reg. 40 (10) - PCS Certificate for Transfer / Transmission / Transposition,Compliance Certificate under Regulation 40(10) of SEBI (LODR) Regulations,False,2024-04-29
500180_179,500180,HDFC Bank Ltd,2024-04-29 15:25:57.247,DissemDT,Routine / Lower Signal,Regulatory / Compliance,1,8e9ec46b-88e7-44bf-aa58-7741586327fc,Reg. 39 (3) - Details of Loss of Certificate / Duplicate Certificate,Intimation of Loss of Share Certificate,False,2024-04-29
500180_18,500180,HDFC Bank Ltd,2023-09-18 14:07:52.200,DissemDT,Routine / Lower Signal,Regulatory / Compliance,1,b71f7255-e6da-4b7f-87d5-9fead20ca3e7,Reg. 39 (3) - Details of Loss of Certificate / Duplicate Certificate,Intimation regarding loss of share certificate,False,2023-09-18
500180_180,500180,HDFC Bank Ltd,2024-04-29 20:49:59.660,DissemDT,Potentially Price-Sensitive,Corporate Actions,1,8a75c8d1-e738-41d6-984e-cf73ec6dce58,Allotment of ESOP / ESPS,Allotment of Equity Shares under ESOP,False,2024-04-29
500180_181,500180,HDFC Bank Ltd,2024-04-30 15:10:36.963,DissemDT,Routine / Lower Signal,Regulatory / Compliance,1,98c9e0cf-e6fc-4fd3-8044-1ff72c665cdc,Reg. 39 (3) - Details of Loss of Certificate / Duplicate Certificate,Notice for loss/ misplacement of share certificates,False,2024-04-30
500180_182,500180,HDFC Bank Ltd,2024-04-30 15:50:30.617,DissemDT,Routine / Lower Signal,Regulatory / Compliance,1,d891a442-8d5a-4386-929e-0dbd2067eaa7,General,"Intimation under Regulation 30 of the SEBI (Listing Obligations and Disclosure Requirements) Regulations, 2015",False,2024-04-30
500180_183,500180,HDFC Bank Ltd,2024-04-30 19:58:43.833,DissemDT,Routine / Lower Signal,Regulatory / Compliance,1,cdcf4e10-b455-407a-b4e7-35354ffd2e9d,General,"Intimation under Regulation 30 of the SEBI (Listing Obligations and Disclosure Requirements) Regulations, 2015",False,2024-04-30
500180_184,500180,HDFC Bank Ltd,2024-04-30 23:17:45.140,DissemDT,Routine / Lower Signal,Regulatory / Compliance,1,3d02253e-c6eb-4596-a2d5-8f02214df404,Change in Management,"Disclosure under Regulation 30 of the SEBI (Listing Obligations and Disclosure Requirements) Regulations, 2015",False,2024-04-30
500180_185,500180,HDFC Bank Ltd,2024-05-01 12:06:37.003,DissemDT,Routine / Lower Signal,Regulatory / Compliance,1,0ee09f10-635d-4616-97a9-471a824f1d9a,General,"Intimation under Regulation 30 of the SEBI (Listing Obligations and Disclosure Requirements) Regulations, 2015",False,2024-05-01
500180_186,500180,HDFC Bank Ltd,2024-05-03 14:14:13.957,DissemDT,Potentially Price-Sensitive,Corporate Actions,1,a7d83b96-5b85-4150-8a99-470c66569f05,Newspaper Publication,Newspaper Publication on communication to Shareholders regarding deduction of tax at source on dividend,False,2024-05-03
500180_187,500180,HDFC Bank Ltd,2024-05-03 16:02:52.740,DissemDT,Routine / Lower Signal,Regulatory / Compliance,1,e3aecd38-af32-4e89-b165-1f56d166f494,Change in Management,"Disclosure under Regulation 30 of the SEBI (Listing Obligation and Disclosure Requirement) Regulations, 2015",False,2024-05-03
500180_188,500180,HDFC Bank Ltd,2024-05-03 21:03:35.913,DissemDT,Potentially Price-Sensitive,Corporate Actions,1,aeaa50e6-b299-4145-b486-d85b55e22ecd,Allotment of ESOP / ESPS,Allotment of Equity Shares under ESOP,False,2024-05-03
500180_189,500180,HDFC Bank Ltd,2024-05-06 16:37:49.257,DissemDT,Potentially Price-Sensitive,Board / Management,2,"ac6124fc-997b-4887-95f3-74e53a2e974d, 2c0a9865-9365-4037-b71c-c1c720237d7d",Reg. 39 (3) - Details of Loss of Certificate / Duplicate Certificate; Postal Ballot,Intimation of Loss of Share Certificate || Result of Postal Ballot and E-voting on Resolution of HDFC Bank Limited,False,2024-05-06
500180_19,500180,HDFC Bank Ltd,2023-09-18 15:51:15.700,DissemDT,Context-Dependent,Investor / Analyst,1,8b097537-01a7-467a-beb6-1f072dec6897,General,Presentation to be made at Analyst/ Institutional Investor Meetings,False,2023-09-18
500180_190,500180,HDFC Bank Ltd,2024-05-13 16:12:22.337,DissemDT,Routine / Lower Signal,Regulatory / Compliance,1,0f71ce02-69fe-4eed-a1bc-bcf8bebf895d,Reg. 39 (3) - Details of Loss of Certificate / Duplicate Certificate,Intimation of Loss of Share Certificate,False,2024-05-13
500180_191,500180,HDFC Bank Ltd,2024-05-14 15:00:22.490,DissemDT,Routine / Lower Signal,Regulatory / Compliance,1,17a75ee2-f0f0-42f4-99ce-6a1241776ed2,Reg. 39 (3) - Details of Loss of Certificate / Duplicate Certificate,Intimation of Loss of Share Certificate,False,2024-05-14
500180_192,500180,HDFC Bank Ltd,2024-05-17 19:43:42.847,DissemDT,Potentially Price-Sensitive,Business / Strategic,1,bcdb9caf-27ec-4a09-a724-8339fc19c97b,Acquisition,Disclosure under Regulation 30 of SEBI Listing Regulations,False,2024-05-17
500180_193,500180,HDFC Bank Ltd,2024-05-18 00:40:35.950,DissemDT,Potentially Price-Sensitive,Business / Strategic,1,bbea272e-b3e4-4238-bc52-dd100afb2729,Acquisition,"Disclosure under Regulation 30 of the SEBI (Listing Obligations and Disclosure Requirements) Regulations, 2015",False,2024-05-18
500180_194,500180,HDFC Bank Ltd,2024-05-19 20:38:17.610,DissemDT,Potentially Price-Sensitive,Business / Strategic,1,06ee61cb-d28f-4097-8194-723fd92510c7,Acquisition,Disclosure under Regulation 30 of SEBI Listing Regulations,False,2024-05-19
500180_195,500180,HDFC Bank Ltd,2024-05-21 14:06:15.460,DissemDT,Routine / Lower Signal,Regulatory / Compliance,1,32458b0e-5062-4706-8488-6314d6c24073,Reg. 39 (3) - Details of Loss of Certificate / Duplicate Certificate,Intimation of Loss of Share Certificate,False,2024-05-21
500180_196,500180,HDFC Bank Ltd,2024-05-21 17:08:22.203,DissemDT,Routine / Lower Signal,Regulatory / Compliance,1,ed735e3b-61fb-44bb-919a-89d34e39950c,General,"Intimation under Regulation 30 of the SEBI (Listing Obligations and Disclosure Requirements) Regulations, 2015",False,2024-05-21
500180_197,500180,HDFC Bank Ltd,2024-05-22 13:52:32.010,DissemDT,Routine / Lower Signal,Regulatory / Compliance,1,d1f10213-df2f-464e-9916-24c1bae4b893,Reg. 39 (3) - Details of Loss of Certificate / Duplicate Certificate,Intimation of Loss of Share Certificate,False,2024-05-22
500180_198,500180,HDFC Bank Ltd,2024-05-24 20:20:47.407,DissemDT,Potentially Price-Sensitive,Corporate Actions,1,849624b7-6769-4c55-8a4b-9a4fa8486553,Allotment of ESOP / ESPS,Allotment of Equity Shares under ESOP,False,2024-05-24
500180_199,500180,HDFC Bank Ltd,2024-05-27 17:04:03.157,DissemDT,Routine / Lower Signal,Regulatory / Compliance,1,10cc79dd-6128-4cd3-849e-4fa2b9d5fbe9,Reg. 39 (3) - Details of Loss of Certificate / Duplicate Certificate,Intimation of Loss of Share Certificate,False,2024-05-27
500180_2,500180,HDFC Bank Ltd,2023-08-22 15:39:01.150,DissemDT,Routine / Lower Signal,Regulatory / Compliance,1,3ec37b08-d06c-4b0e-a288-b3360a9cca47,Reg. 39 (3) - Details of Loss of Certificate / Duplicate Certificate,Notice for loss/misplacement of Share Certificates,False,2023-08-22
500180_20,500180,HDFC Bank Ltd,2023-09-18 20:19:01.793,DissemDT,Potentially Price-Sensitive,Corporate Actions,2,"ca098204-b595-4d84-8592-580e1a7683a7, 691c6eef-0629-4020-bf81-0bd89b809292",Allotment of ESOP / ESPS; Analyst / Investor Meet,Allotment of equity shares under ESOP || Analyst / Institutional Investor Meetings,False,2023-09-18
500180_200,500180,HDFC Bank Ltd,2024-05-28 11:39:06.190,DissemDT,Routine / Lower Signal,Regulatory / Compliance,1,811b4209-d513-484f-af90-063c2dcee62a,Reg. 39 (3) - Details of Loss of Certificate / Duplicate Certificate,Intimation of Loss of Share Certificate,False,2024-05-28
500180_201,500180,HDFC Bank Ltd,2024-05-29 11:53:06.277,DissemDT,Routine / Lower Signal,Regulatory / Compliance,1,4a899c62-a1c3-4edc-8340-10093f421871,Reg.24(A)-Annual Secretarial Compliance,"Annual Secretarial Compliance Report for the year ended March 31, 2024",False,2024-05-29
500180_202,500180,HDFC Bank Ltd,2024-05-30 16:50:57.790,DissemDT,Context-Dependent,Investor / Analyst,1,9d8241e4-811c-47ef-abd0-b47273ee0a69,Analyst / Investor Meet,"Intimation of Schedule of Analyst/ Institutional Investor Meeting
",False,2024-05-30
500180_203,500180,HDFC Bank Ltd,2024-05-30 23:19:45.600,DissemDT,Potentially Price-Sensitive,Business / Strategic,1,896e4c49-56a9-4315-889f-6e507929d4a3,Acquisition,"Intimation under Regulation 30 of the Securities and Exchange Board of India (Listing Obligations and Disclosure Requirement) Regulations, 2015",False,2024-05-30
500180_204,500180,HDFC Bank Ltd,2024-06-04 14:24:15.057,DissemDT,Routine / Lower Signal,Regulatory / Compliance,1,1321dc50-dbe5-4268-b6c4-dbabfaa0d906,Reg. 39 (3) - Details of Loss of Certificate / Duplicate Certificate,Notice for Loss/Misplacement of Share Certificate,False,2024-06-04
500180_205,500180,HDFC Bank Ltd,2024-06-06 16:31:37.743,DissemDT,Context-Dependent,Investor / Analyst,1,27bc5a33-fd5d-4e96-973f-fcc6999cdc8b,Analyst / Investor Meet,"Intimation of Schedule of Analyst / Institutional Investor Meetings under the SEBI (Listing Obligations and Disclosure Requirements) Regulations, 2015",False,2024-06-06
500180_206,500180,HDFC Bank Ltd,2024-06-07 11:48:19.767,DissemDT,Context-Dependent,Investor / Analyst,1,aa1f5654-8d79-4494-863f-969adfe52766,Analyst / Investor Meet,"Intimation of Schedule of Analyst / Institutional Investor Meetings under the SEBI (Listing Obligations and Disclosure Requirements) Regulations, 2015",False,2024-06-07
500180_207,500180,HDFC Bank Ltd,2024-06-07 20:42:37.153,DissemDT,Potentially Price-Sensitive,Corporate Actions,1,395f10cc-265b-4e6a-8468-593618a79eac,Allotment of ESOP / ESPS,Allotment of Equity Shares under ESOP,False,2024-06-07
500180_208,500180,HDFC Bank Ltd,2024-06-10 16:02:11.257,DissemDT,Routine / Lower Signal,Regulatory / Compliance,1,21b41937-9165-4937-bd77-84e12ef6f77f,Reg. 39 (3) - Details of Loss of Certificate / Duplicate Certificate,Intimation regarding loss of share certificates,False,2024-06-10
500180_209,500180,HDFC Bank Ltd,2024-06-10 21:56:07.317,DissemDT,Routine / Lower Signal,Other,1,b6e77f53-c3a4-4e22-b3cb-c83b9b43e448,General,Grant of stock options under Employee Stock Option Scheme,False,2024-06-10
500180_21,500180,HDFC Bank Ltd,2023-09-19 16:38:50.803,DissemDT,Potentially Price-Sensitive,Board / Management,1,a0281c68-c447-4306-a8a8-75b79332ed2d,General,Approval from Reserve Bank of India (RBI) regarding re-appointment of Managing Director and Chief Executive Officer of HDFC Bank Limited.,False,2023-09-19
500180_210,500180,HDFC Bank Ltd,2024-06-14 20:49:27.523,DissemDT,Potentially Price-Sensitive,Corporate Actions,1,d3d2c4e4-2d26-484b-90cd-1df7f0bd4659,Allotment of ESOP / ESPS,Allotment of Equity Shares under ESOP,False,2024-06-14
500180_211,500180,HDFC Bank Ltd,2024-06-18 14:25:32.930,DissemDT,Routine / Lower Signal,Regulatory / Compliance,1,ac2fbbeb-af68-43d1-b5b6-934d8c6ecac5,Reg. 39 (3) - Details of Loss of Certificate / Duplicate Certificate,Intimation of loss of share certificate,False,2024-06-18
500180_212,500180,HDFC Bank Ltd,2024-06-19 18:18:53.280,DissemDT,Routine / Lower Signal,Regulatory / Compliance,1,bbb1616d-3f40-4d88-85ac-11d9578c7a88,Reg. 39 (3) - Details of Loss of Certificate / Duplicate Certificate,Intimation of loss of share certificate,False,2024-06-19
500180_213,500180,HDFC Bank Ltd,2024-06-20 18:56:35.680,DissemDT,Potentially Price-Sensitive,Board / Management,2,"64cd1981-cee6-4a30-92c2-4a8637387f8c, 343377f2-4962-4c40-be33-68ca5184fc2f",General,"Outcome of the Board Meeting held on June 20, 2024 || Adoption of Employee Stock Option Scheme 2024",False,2024-06-20
500180_214,500180,HDFC Bank Ltd,2024-06-21 13:24:33.023,DissemDT,Potentially Price-Sensitive,Financial Results,1,7f5867a3-2b58-46b0-983f-e217c72c0942,Board Meeting,"HDFC Bank Ltdhas informed BSE that the meeting of the Board of Directors of the Company is scheduled on 20/07/2024 ,inter alia, to consider and approve unaudited standalone and consolidated ....",True,2024-06-21
500180_215,500180,HDFC Bank Ltd,2024-06-24 12:42:35.540,DissemDT,Routine / Lower Signal,Regulatory / Compliance,1,94baff38-dbfc-4f56-b42d-98836d184f2b,Reg. 39 (3) - Details of Loss of Certificate / Duplicate Certificate,Intimation of loss of share certificate,False,2024-06-24
500180_216,500180,HDFC Bank Ltd,2024-06-26 13:31:10.223,DissemDT,Routine / Lower Signal,Regulatory / Compliance,1,b69f0323-0cf8-470c-8ae9-57bce5d2a8bc,General,Intimation under Regulation 30 of SEBI Listing Regulations,False,2024-06-26
500180_217,500180,HDFC Bank Ltd,2024-06-27 18:47:41.347,DissemDT,Potentially Price-Sensitive,Board / Management,1,4f70219b-80dd-44e5-97b4-10f5b1c2f59c,Resignation of Company Secretary / Compliance Officer,Disclosure under Regulation 30 of SEBI Listing Regulations,False,2024-06-27
500180_218,500180,HDFC Bank Ltd,2024-07-01 15:27:27.113,DissemDT,Routine / Lower Signal,Regulatory / Compliance,1,e0ff180c-9325-40c9-9263-2e2dad109454,Reg. 39 (3) - Details of Loss of Certificate / Duplicate Certificate,Intimation of loss of share certificate,False,2024-07-01
500180_219,500180,HDFC Bank Ltd,2024-07-04 17:48:33.217,DissemDT,Routine / Lower Signal,Regulatory / Compliance,1,83861fbb-c8c6-4d71-b470-99f17aa2ab6b,General,"Intimation under SEBI (Listing Obligations and Disclosure Requirements) Regulations, 2015",False,2024-07-04
500180_22,500180,HDFC Bank Ltd,2023-09-20 14:06:08.763,DissemDT,Routine / Lower Signal,Regulatory / Compliance,1,d16591d6-70e6-45bc-b161-f741a0d547c4,Reg. 39 (3) - Details of Loss of Certificate / Duplicate Certificate,Notice for Loss/misplacement of share certificates,False,2023-09-20
500180_220,500180,HDFC Bank Ltd,2024-07-09 20:52:51.910,DissemDT,Routine / Lower Signal,Regulatory / Compliance,1,6a10f6a4-7f44-4944-a581-301534f1d97d,Reg. 39 (3) - Details of Loss of Certificate / Duplicate Certificate,Notice for loss/misplacement of share certificate,False,2024-07-09
500180_221,500180,HDFC Bank Ltd,2024-07-15 17:24:20.847,DissemDT,Routine / Lower Signal,Regulatory / Compliance,1,195ad987-0eae-4855-806b-a107c2cd8a8c,Reg. 39 (3) - Details of Loss of Certificate / Duplicate Certificate,Intimation of loss of share certificate,False,2024-07-15
500180_222,500180,HDFC Bank Ltd,2024-07-16 11:54:51.920,DissemDT,Routine / Lower Signal,Regulatory / Compliance,1,ac416af6-3961-4815-8a39-836f127e4fba,Reg. 39 (3) - Details of Loss of Certificate / Duplicate Certificate,Notice for loss/misplacement of share certificate,False,2024-07-16
500180_223,500180,HDFC Bank Ltd,2024-07-16 14:50:54.867,DissemDT,Routine / Lower Signal,Regulatory / Compliance,1,1ff53636-da2a-48e2-8bee-3344ab65e016,"Certificate under Reg. 74 (5) of SEBI (DP) Regulations, 2018","Certificate under Regulation 74(5) of SEBI (Depositories and Participants) Regulations, 2018 for the quarter ended June 30, 2024",False,2024-07-16
500180_224,500180,HDFC Bank Ltd,2024-07-16 19:45:00.770,DissemDT,Potentially Price-Sensitive,Financial Results,1,70f7e32b-e814-4764-bfc3-0b275cc1f9a9,Analyst / Investor Meet,"Earnings call for the un-audited financial results for the quarter ended June 30, 2024",True,2024-07-16
500180_225,500180,HDFC Bank Ltd,2024-07-18 18:02:24.770,DissemDT,Potentially Price-Sensitive,Board / Management,3,"5fbb23c6-6019-48b5-a6d7-634c4b0fae4f, c30509c2-cc9e-4bec-814e-4fed7b614424, aec5bbe5-03b4-4f79-a2d8-78b145d64f0c",Reg. 34 (1) Annual Report; AGM; Business Responsibility and Sustainability Reporting (BRSR),"Intimation under SEBI (Listing Regulations and Disclosure Requirements) Regulations, 2015 || Intimation under SEBI ( Listing Obligations and Disclosure Requirements) Regulations, 2015 || Business Responsibility and Sustainability Report",False,2024-07-18
500180_226,500180,HDFC Bank Ltd,2024-07-19 16:01:48.703,DissemDT,Routine / Lower Signal,Regulatory / Compliance,1,cb1a13f7-4eb8-436b-a6f1-ff46df903d9b,Newspaper Publication,Newspaper Advertisement,False,2024-07-19
500180_227,500180,HDFC Bank Ltd,2024-07-20 14:14:30.630,DissemDT,Potentially Price-Sensitive,Financial Results,1,334cddad-5cd9-4597-b4a1-e1435f59067a,Financial Results,"Unaudited Financial Results for the First quarter ended June 30, 2024",True,2024-07-20
500180_228,500180,HDFC Bank Ltd,2024-07-20 14:53:57.327,DissemDT,Potentially Price-Sensitive,Financial Results,2,"1fc5241e-b80c-4e3a-83f9-75bf69f4a328, d14dbdce-a5cb-410a-9f25-73959c7a7205",General; Press Release / Media Release,"Unaudited Financial Results of HDFC Bank Limited (""the Bank"") for the quarter ended June 30, 2024 || Press Release on Unaudited Financial Results for the quarter ended June 30, 2024",True,2024-07-20
500180_229,500180,HDFC Bank Ltd,2024-07-20 16:52:28.070,DissemDT,Potentially Price-Sensitive,Board / Management,2,"85b73d78-aaff-4b53-8dd2-3c1d0fb4bb8e, aee4a33a-8f47-4efc-921d-3d44ac5fac63",General; Appointment of Company Secretary / Compliance Officer,"Outcome of Board Meeting held on July 20, 2024 || Intimation under Regulation 30 of the SEBI (Listing Obligations and Disclosure Requirements) Regulations, 2015",False,2024-07-20
500180_23,500180,HDFC Bank Ltd,2023-09-20 16:58:19.447,DissemDT,Context-Dependent,Investor / Analyst,1,085175c4-aceb-4fd4-810d-663ddcee531c,Analyst / Investor Meet,"Intimation of Schedule of Analyst / Institutional Investor Meetings under the SEBI (Listing Obligations and Disclosure Requirements) Regulations, 2015",False,2023-09-20
500180_230,500180,HDFC Bank Ltd,2024-07-20 22:55:56.737,DissemDT,Routine / Lower Signal,Other,1,c495af8c-0d71-4bef-8933-a8d33cf7c58f,General,"Update on the process for sale of 100% equity shares held by HDFC Bank Limited (""HDFC Bank"") in HDFC Education and Development Services Private Limited (""HDFC Edu"")",False,2024-07-20
500180_231,500180,HDFC Bank Ltd,2024-07-21 18:43:35.657,DissemDT,Context-Dependent,Investor / Analyst,1,e78ab8e1-baf6-4def-bde4-aa81d3341d3e,Analyst / Investor Meet,"Audio Recording of Earnings Call for the quarter ended June 30, 2024",False,2024-07-21
500180_232,500180,HDFC Bank Ltd,2024-07-22 14:45:35.880,DissemDT,Routine / Lower Signal,Regulatory / Compliance,1,8c32132d-0b5c-48e4-9d0c-4236e37b2d5c,Reg. 39 (3) - Details of Loss of Certificate / Duplicate Certificate,Intimation of Loss of Share Certificate,False,2024-07-22
500180_233,500180,HDFC Bank Ltd,2024-07-23 17:23:08.490,DissemDT,Routine / Lower Signal,Regulatory / Compliance,1,2a562b88-99ff-43ab-b6ba-44a7807d5174,Reg. 39 (3) - Details of Loss of Certificate / Duplicate Certificate,Intimation of Loss of Share Certificate,False,2024-07-23
500180_234,500180,HDFC Bank Ltd,2024-07-23 21:09:07.593,DissemDT,Potentially Price-Sensitive,Corporate Actions,1,0b19d0f8-c85c-4545-926e-2a573228ac24,Allotment of ESOP / ESPS,Allotment of Equity Shares under ESOP,False,2024-07-23
500180_235,500180,HDFC Bank Ltd,2024-07-25 19:58:30.797,DissemDT,Context-Dependent,Investor / Analyst,1,e7687f76-5405-4bff-90c3-6eda708bf22a,Earnings Call Transcript,"Transcript of Earnings call for the quarter ended June 30, 2024",False,2024-07-25
500180_236,500180,HDFC Bank Ltd,2024-07-26 12:34:21.277,DissemDT,Routine / Lower Signal,Regulatory / Compliance,1,1fb87ab5-2933-4f12-98cf-f88f1fc535c3,General,"Intimation under Regulation 30 of the SEBI (Listing Obligations and Disclosure Requirements) Regulations, 2015",False,2024-07-26
500180_237,500180,HDFC Bank Ltd,2024-07-28 20:44:47.160,DissemDT,Routine / Lower Signal,Regulatory / Compliance,1,78c71189-e560-427e-95f1-ad8e745acd19,General,Clarification on an article,False,2024-07-28
500180_238,500180,HDFC Bank Ltd,2024-07-29 15:23:31.143,DissemDT,Routine / Lower Signal,Regulatory / Compliance,1,989fd1e3-b422-4b25-8db5-bfbc102d040a,Reg. 39 (3) - Details of Loss of Certificate / Duplicate Certificate,Intimation of loss of share certificate,False,2024-07-29
500180_239,500180,HDFC Bank Ltd,2024-07-30 17:09:49.130,DissemDT,Routine / Lower Signal,Other,1,afc78589-db0f-408a-b9de-f8f85ab2560b,General,Grant of stock options under Employee Stock Option Scheme - ESOS 57,False,2024-07-30
500180_24,500180,HDFC Bank Ltd,2023-09-21 17:06:15.273,DissemDT,Context-Dependent,Investor / Analyst,2,"42bc7e97-0191-43fc-98c4-fd298609f18c, 4adae5ff-3c7d-455e-a29e-59b79aa56e81",Business Responsibility and Sustainability Reporting (BRSR); Analyst / Investor Meet,"Business Responsibility and Sustainability Report || Intimation of Analyst/ Institutional Investor Meetings under the SEBI (Listing Obligations and Disclosure Requirements) Regulations, 2015",False,2023-09-21
500180_240,500180,HDFC Bank Ltd,2024-07-30 21:29:50.760,DissemDT,Potentially Price-Sensitive,Corporate Actions,1,7c8bd2e3-959b-4fa8-b629-c797b996ae29,Allotment of ESOP / ESPS,Allotment of Equity Shares under ESOP,False,2024-07-30
500180_241,500180,HDFC Bank Ltd,2024-08-02 22:27:45.713,DissemDT,Routine / Lower Signal,Regulatory / Compliance,1,68a60160-4101-4693-bef9-0177da45ea77,General,"Intimation under Regulation 30 of SEBI (Listing Obligations and Disclosure Requirement) Regulations, 2015",False,2024-08-02
500180_242,500180,HDFC Bank Ltd,2024-08-05 16:36:18.300,DissemDT,Routine / Lower Signal,Regulatory / Compliance,1,28aee20a-2c70-465c-9d34-6f68966de55b,Reg. 39 (3) - Details of Loss of Certificate / Duplicate Certificate,Intimation of Loss of share certificate,False,2024-08-05
500180_243,500180,HDFC Bank Ltd,2024-08-06 14:26:46.920,DissemDT,Routine / Lower Signal,Regulatory / Compliance,1,3502ba14-5c68-416a-abd1-a3da43d13613,Reg. 39 (3) - Details of Loss of Certificate / Duplicate Certificate,Notice for loss/misplacement of share certificate,False,2024-08-06
500180_244,500180,HDFC Bank Ltd,2024-08-07 15:32:35.637,DissemDT,Context-Dependent,Investor / Analyst,1,335cb3c1-074b-429a-9d69-85ee95917705,Analyst / Investor Meet,"Intimation of Schedule of Analyst / Institutional Investor Meetings under the SEBI (Listing Obligations and Disclosure Requirements) Regulations, 2015
",False,2024-08-07
500180_245,500180,HDFC Bank Ltd,2024-08-09 19:32:15.540,DissemDT,Routine / Lower Signal,Regulatory / Compliance,1,3c260d55-3f80-4823-8b98-7a7e8ff1cb61,General,"Intimation under Regulation 30 of SEBI (Listing Obligations and Disclosure Requirements) Regulations, 2015",False,2024-08-09
500180_246,500180,HDFC Bank Ltd,2024-08-09 23:56:01.270,DissemDT,Potentially Price-Sensitive,Board / Management,1,fda9c21d-a8e5-4872-a2be-3f39ea4a20fc,AGM,"Outcome of 30th Annual General Meeting - Proceedings, Voting Results and Scrutinizer Report",False,2024-08-09
500180_247,500180,HDFC Bank Ltd,2024-08-12 16:55:19.980,DissemDT,Routine / Lower Signal,Regulatory / Compliance,1,2ecae321-e870-411a-a35b-05f2febd2bf8,Reg. 39 (3) - Details of Loss of Certificate / Duplicate Certificate,Intimation of loss of share certificate,False,2024-08-12
500180_248,500180,HDFC Bank Ltd,2024-08-13 20:41:55.620,DissemDT,Potentially Price-Sensitive,Corporate Actions,1,66704887-275e-40ac-aeaf-bb0215efdb38,Allotment of ESOP / ESPS,Allotment of Equity Shares under ESOP,False,2024-08-13
500180_249,500180,HDFC Bank Ltd,2024-08-14 23:33:12.753,DissemDT,Routine / Lower Signal,Regulatory / Compliance,1,2a0ba24f-e9d6-49ba-8009-8ae930cbf2ce,General,"Intimation under Regulation 30 of SEBI (Listing Obligations and Disclosure Requirements) Regulation, 2015",False,2024-08-14
500180_25,500180,HDFC Bank Ltd,2023-09-21 21:31:07.020,DissemDT,Context-Dependent,Investor / Analyst,2,"8ebb2555-7249-449a-97f3-81331ff1654e, ef4633bc-642a-4686-aa5d-da8df32cc999",Analyst / Investor Meet; General,"Intimation of Analyst / Institutional Investor Meetings under the SEBI (Listing Obligations and Disclosure Requirements) Regulations, 2015 || Approval from RBI to HDFC Asset Management Company Limited to acquire shares or voting rights in banking companies",False,2023-09-21
500180_250,500180,HDFC Bank Ltd,2024-08-19 16:40:45.440,DissemDT,Routine / Lower Signal,Regulatory / Compliance,1,51784647-b3c0-411b-972d-5e447038a5ac,Reg. 39 (3) - Details of Loss of Certificate / Duplicate Certificate,Intimation of loss of share certificate,False,2024-08-19
500180_251,500180,HDFC Bank Ltd,2024-08-20 21:49:30.220,DissemDT,Routine / Lower Signal,Regulatory / Compliance,1,9995cc2c-6df7-427d-abf2-2586cab7a5b4,General,"Intimation under Regulation 30 of the SEBI (Listing Obligations and Disclosure Requirements) Regulations, 2015",False,2024-08-20
500180_252,500180,HDFC Bank Ltd,2024-08-21 19:30:23.657,DissemDT,Routine / Lower Signal,Regulatory / Compliance,1,84ff537e-9f1a-433b-bbb3-9daa5a7a0638,General,"Intimation under Regulation 30 of the SEBI (Listing Obligations and Disclosure Requirements ) Regulations, 2015",False,2024-08-21
500180_253,500180,HDFC Bank Ltd,2024-08-22 10:25:16.530,DissemDT,Routine / Lower Signal,Regulatory / Compliance,1,6c415499-06ab-49b2-a4c7-6f9539b94cfa,General,"Intimation under Regulation 30 of the SEBI (Listing Obligations and Disclosure Requirements) Regulations, 2015",False,2024-08-22
500180_254,500180,HDFC Bank Ltd,2024-08-23 10:38:09.597,DissemDT,Routine / Lower Signal,Regulatory / Compliance,1,907f1863-9414-453d-89d9-3a4243165b97,General,"Intimation under Regulation 30 of SEBI (Listing Obligations and Disclosure Requirements) Regulations, 2015",False,2024-08-23
500180_255,500180,HDFC Bank Ltd,2024-08-27 10:50:32.180,DissemDT,Routine / Lower Signal,Regulatory / Compliance,1,597cf1fa-092f-4f71-b3c6-1084a5c35589,General,"Intimation under Regulation 30 of the SEBI (Listing Obligations and Disclosure Requirements) Regulations, 2015",False,2024-08-27
500180_256,500180,HDFC Bank Ltd,2024-08-27 23:04:54.897,DissemDT,Routine / Lower Signal,Regulatory / Compliance,1,10c53c57-2dbd-406a-bfc2-4c2974b91e2d,General,"Intimation under Regulation 30 of the SEBI (Listing Obligations and Disclosure Requirements) Regulations, 2015",False,2024-08-27
500180_257,500180,HDFC Bank Ltd,2024-08-28 22:22:25.180,DissemDT,Routine / Lower Signal,Regulatory / Compliance,1,89bccf8f-4886-4cce-8d5d-db253f4ce3bc,General,"Intimation under Regulation 30 of SEBI (Listing Obligations and Disclosure Requirements) Regulation, 2015",False,2024-08-28
500180_258,500180,HDFC Bank Ltd,2024-08-29 21:14:03.820,DissemDT,Potentially Price-Sensitive,Corporate Actions,1,6aacf7a3-c557-4ba1-83db-78f79ae206c5,Allotment of ESOP / ESPS,Allotment of Equity Shares under ESOP,False,2024-08-29
500180_259,500180,HDFC Bank Ltd,2024-08-30 18:58:38.677,DissemDT,Routine / Lower Signal,Regulatory / Compliance,1,40003491-f548-43d5-9c5b-f65e7b4143e9,General,"Intimation under Regulation 30 of the SEBI (Listing Obligations and Disclosure Requirements) Regulations , 2015",False,2024-08-30
500180_26,500180,HDFC Bank Ltd,2023-09-22 00:00:16.500,DissemDT,Routine / Lower Signal,Other,1,277f9727-c5a5-49ee-8f09-d5d1e9e15c89,General,Sale of shares of Hindustan Oil Exploration Company Limited by HDFC Bank and erstwhile HDFC Ltd,False,2023-09-22
500180_260,500180,HDFC Bank Ltd,2024-08-31 16:36:51.483,DissemDT,Routine / Lower Signal,Regulatory / Compliance,1,f95df803-c65b-4cf8-84fc-ec55c49e8149,General,"Intimation under Regulation 30 of the SEBI (Listing Obligations and Disclosure Requirements) Regulations, 2015",False,2024-08-31
500180_261,500180,HDFC Bank Ltd,2024-09-01 13:06:24.840,DissemDT,Routine / Lower Signal,Regulatory / Compliance,1,0fffcef5-d416-479c-bcbe-6e226546de04,General,"Intimation under Regulation 30 of the SEBI (Listing Obligations and Disclosure Requirements) Regulations , 2015",False,2024-09-01
500180_262,500180,HDFC Bank Ltd,2024-09-02 16:53:14.040,DissemDT,Routine / Lower Signal,Regulatory / Compliance,1,40a5ff50-e24f-432d-b3ba-e98c634e1e3c,Reg. 39 (3) - Details of Loss of Certificate / Duplicate Certificate,Intimation of loss of share certificate,False,2024-09-02
500180_263,500180,HDFC Bank Ltd,2024-09-02 22:29:08.617,DissemDT,Routine / Lower Signal,Regulatory / Compliance,1,d2bf9994-a3bf-4763-84c8-5b323f0eeccd,General,"Intimation under Regulation 30 of the SEBI (Listing Obligations and Disclosure Requirements) Regulations, 2015",False,2024-09-02
500180_264,500180,HDFC Bank Ltd,2024-09-06 21:53:05.680,DissemDT,Context-Dependent,Investor / Analyst,1,52d75991-bc75-42ac-b1a8-7ee2689c63aa,Analyst / Investor Meet,"Intimation of Schedule of Analyst/ Institutional Investor Meetings under the SEBI (Listing Obligations and Disclosure Requirements) Regulations, 2015",False,2024-09-06
500180_265,500180,HDFC Bank Ltd,2024-09-09 15:11:30.820,DissemDT,Routine / Lower Signal,Regulatory / Compliance,1,5caca570-3d59-40e6-9466-efff793565c4,Reg. 39 (3) - Details of Loss of Certificate / Duplicate Certificate,Intimation of loss of share certificate,False,2024-09-09
500180_266,500180,HDFC Bank Ltd,2024-09-10 18:41:37.933,DissemDT,Routine / Lower Signal,Regulatory / Compliance,1,c23f2471-b895-43d5-90c2-f95d5c930c8c,General,"Intimation under Regulation 30 of SEBI (Listing Obligations and Disclosure Requirements) Regulations, 2015",False,2024-09-10
500180_267,500180,HDFC Bank Ltd,2024-09-11 17:59:50.193,DissemDT,Context-Dependent,Investor / Analyst,1,21e4e1af-75af-42d9-9b8b-8265c0822db5,Analyst / Investor Meet,"Intimation of Schedule of Analyst/ Institutional investor meetings under the SEBI (Listing Obligations and Disclosure Requirements) Regulations, 2015",False,2024-09-11
500180_268,500180,HDFC Bank Ltd,2024-09-11 20:51:29.033,DissemDT,Potentially Price-Sensitive,Corporate Actions,1,0aea0906-2ac6-40b8-8dc4-48af431321b5,Allotment of ESOP / ESPS,Allotment of Equity Shares under ESOP,False,2024-09-11
500180_269,500180,HDFC Bank Ltd,2024-09-13 19:59:20.487,DissemDT,Context-Dependent,Investor / Analyst,1,1e74f19a-73de-4581-9d67-e30aae511da2,Analyst / Investor Meet,"Intimation of Schedule of Analyst / Institutional Investor Meetings under the SEBI (Listing Obligations and Disclosure Requirements) Regulations, 2015",False,2024-09-13
500180_27,500180,HDFC Bank Ltd,2023-09-25 19:04:33.340,DissemDT,Context-Dependent,Investor / Analyst,1,a4f7c913-2322-4a21-b8ca-55b5962ea451,Analyst / Investor Meet,"Intimation of Analyst / Institutional Investor Meetings under the SEBI (Listing Obligations and Disclosure Requirements) Regulations, 2015",False,2023-09-25
500180_270,500180,HDFC Bank Ltd,2024-09-16 09:47:22.940,DissemDT,Potentially Price-Sensitive,Financial Results,1,421672c7-5af7-485f-8e10-a9e0fcf0bf72,Board Meeting,"HDFC Bank Ltdhas informed BSE that the meeting of the Board of Directors of the Company is scheduled on 19/10/2024 ,inter alia, to consider and approve the un-audited standalone and consolidated ....",True,2024-09-16
500180_271,500180,HDFC Bank Ltd,2024-09-16 21:29:16.653,DissemDT,Routine / Lower Signal,Regulatory / Compliance,1,e8d0d0bc-6e8d-4990-90b6-2e76209bbb30,Reg. 39 (3) - Details of Loss of Certificate / Duplicate Certificate,Intimation of loss of share certificate,False,2024-09-16
500180_272,500180,HDFC Bank Ltd,2024-09-17 12:20:20.400,DissemDT,Routine / Lower Signal,Regulatory / Compliance,1,2b357048-474b-4a2e-a616-94d4e7086855,Reg. 39 (3) - Details of Loss of Certificate / Duplicate Certificate,Notice for loss/ misplacement of share certificate,False,2024-09-17
500180_273,500180,HDFC Bank Ltd,2024-09-18 20:26:39.733,DissemDT,Potentially Price-Sensitive,Corporate Actions,1,46ca816f-0bf5-4989-9b46-c26f5ddc55d7,Allotment of ESOP / ESPS,Allotment of Equity Shares under ESOP,False,2024-09-18
500180_274,500180,HDFC Bank Ltd,2024-09-20 16:05:11.273,DissemDT,Routine / Lower Signal,Regulatory / Compliance,1,e466641b-2cf9-4f86-b42e-0298c451fd8e,General,"Intimation under Regulation 30 of the Securities and Exchange Board of India (Listing Obligations and Disclosure Requirements) Regulations, 2015",False,2024-09-20
500180_275,500180,HDFC Bank Ltd,2024-09-23 18:19:17.167,DissemDT,Routine / Lower Signal,Regulatory / Compliance,1,d02d3abf-8926-4db3-98eb-5377e95cdc43,Reg. 39 (3) - Details of Loss of Certificate / Duplicate Certificate,Intimation of loss of share certificate,False,2024-09-23
500180_276,500180,HDFC Bank Ltd,2024-09-24 16:12:02.433,DissemDT,Routine / Lower Signal,Regulatory / Compliance,1,ba9c8ef6-2f0c-4272-b438-5264d9230b1e,Reg. 39 (3) - Details of Loss of Certificate / Duplicate Certificate,Notice for loss/misplacement of share certificate,False,2024-09-24
500180_277,500180,HDFC Bank Ltd,2024-09-27 20:46:50.070,DissemDT,Potentially Price-Sensitive,Corporate Actions,1,c4a285da-bf01-462a-8dc7-fdcd9f8ccf13,Allotment of ESOP / ESPS,Allotment of Equity Shares under ESOP,False,2024-09-27
500180_278,500180,HDFC Bank Ltd,2024-09-30 16:34:41.803,DissemDT,Routine / Lower Signal,Regulatory / Compliance,1,9fd2e6d8-cfa5-49ac-a71f-014fedf5298e,Reg. 39 (3) - Details of Loss of Certificate / Duplicate Certificate,Intimation of loss of share certificate,False,2024-09-30
500180_279,500180,HDFC Bank Ltd,2024-10-01 15:52:11.603,DissemDT,Routine / Lower Signal,Regulatory / Compliance,1,9d2651d7-53c7-4d74-98e7-6b3fcc06d387,Reg. 39 (3) - Details of Loss of Certificate / Duplicate Certificate,Intimation of Loss of Share Certificate,False,2024-10-01
500180_28,500180,HDFC Bank Ltd,2023-09-27 20:41:23.577,DissemDT,Potentially Price-Sensitive,Corporate Actions,1,4d6f800c-bc9e-4ae4-bd0c-6b78dc657ee5,Allotment of ESOP / ESPS,Allotment of equity shares under ESOP,False,2023-09-27
500180_280,500180,HDFC Bank Ltd,2024-10-01 21:55:31.670,DissemDT,Potentially Price-Sensitive,Business / Strategic,1,d7549562-c29d-4f1c-84c7-5ec1ef90e2be,Acquisition,"Incorporation of HDFC Securities IFSC Limited, a wholly owned subsidiary of HDFC Securities Limited (subsidiary of HDFC Bank Limited)",False,2024-10-01
500180_281,500180,HDFC Bank Ltd,2024-10-04 08:42:19.990,DissemDT,Routine / Lower Signal,Regulatory / Compliance,1,2b6ecfcd-7d55-48f1-a503-7291fb51511c,General,"Intimation under SEBI (Listing Obligations and Disclosure Requirements) Regulations, 2015",False,2024-10-04
500180_282,500180,HDFC Bank Ltd,2024-10-07 16:53:56.827,DissemDT,Routine / Lower Signal,Regulatory / Compliance,1,da37c3e6-b4a3-4013-ad08-41b32c4a8330,General,"Sale of shares of HDFC Education and Development Services Private Limited (""HDFC Edu"").",False,2024-10-07
500180_283,500180,HDFC Bank Ltd,2024-10-08 17:27:55.227,DissemDT,Routine / Lower Signal,Regulatory / Compliance,1,db48b462-b6a8-43d9-a191-4698094e6db0,Reg. 39 (3) - Details of Loss of Certificate / Duplicate Certificate,Intimation of Loss of Share Certificate,False,2024-10-08
500180_284,500180,HDFC Bank Ltd,2024-10-15 18:24:55.220,DissemDT,Potentially Price-Sensitive,Financial Results,1,c4a7cd4f-f7d3-4ced-9d6c-37740b6ddba6,Analyst / Investor Meet,"Earnings call for the unaudited financial results for the quarter and half year ended September 30, 2024",True,2024-10-15
500180_285,500180,HDFC Bank Ltd,2024-10-17 14:45:12.813,DissemDT,Routine / Lower Signal,Regulatory / Compliance,1,f4fcb8b7-623d-48d6-9e1b-21a0f1d43bc9,"Certificate under Reg. 74 (5) of SEBI (DP) Regulations, 2018","Certificate under Regulation 74(5) of SEBI (Depositories and Participants) Regulations, 2018 for the quarter ended September 30, 2024",False,2024-10-17
500180_286,500180,HDFC Bank Ltd,2024-10-18 19:36:01.347,DissemDT,Routine / Lower Signal,Other,1,8d833d27-cf86-4571-9c31-9f9314574fd1,General,"Sale of shares of HDFC Education and Development Services Private Limited (""HDFC Edu"") by HDFC Bank Limited",False,2024-10-18
500180_287,500180,HDFC Bank Ltd,2024-10-19 14:10:01.670,DissemDT,Potentially Price-Sensitive,Financial Results,3,"4a3d87b7-7a8d-43f1-886f-6ab24b72c79f, 97ebea38-97a2-4170-bdf4-0a29a312b6b6, 19436f11-d635-4f81-87cb-9f19ae6aad2f",Outcome of Board Meeting; Press Release / Media Release; General,"Unaudited Financial Results of HDFC Bank Limited (""the Bank"") for the quarter/half-year ended September 30, 2024 || Press Release on Unaudited Financial Results of HDFC Bank Limited (""the Bank"") for the quarter and half-year ended September 2024 || Half-yearly disclosure of Related Party Transactions for the half-year ended September 30, 2024",True,2024-10-19
500180_288,500180,HDFC Bank Ltd,2024-10-19 15:55:22.490,DissemDT,Routine / Lower Signal,Other,1,961e0269-fd78-42c4-bfaf-b5f980492627,General,Intimation regarding utilization of issue proceeds and Statement of deviation/ variation in use of Issue proceeds of non-convertible securities,False,2024-10-19
500180_289,500180,HDFC Bank Ltd,2024-10-19 17:55:17.700,DissemDT,Routine / Lower Signal,Regulatory / Compliance,1,e0f4c7df-a13b-4193-bf75-f56bcb027336,General,"Intimation under Regulation 30 of the SEBI (Listing Obligations and Disclosure Requirements) Regulations, 2015",False,2024-10-19
500180_29,500180,HDFC Bank Ltd,2023-09-29 16:31:40.523,DissemDT,Potentially Price-Sensitive,Board / Management,1,0cdba3e2-ff76-42e9-ae58-86cea1dcbeef,General,Appointment of Chief Compliance Officer (Senior Management Personnel) of HDFC Bank Limited,False,2023-09-29
500180_290,500180,HDFC Bank Ltd,2024-10-20 14:22:23.780,DissemDT,Context-Dependent,Investor / Analyst,1,c7a393cb-af87-4ad7-963f-d6e6763111b9,Analyst / Investor Meet,"Audio Recording of Earnings Call for the quarter and half year ended September 30, 2024",False,2024-10-20
500180_291,500180,HDFC Bank Ltd,2024-10-23 15:29:54.947,DissemDT,Potentially Price-Sensitive,Financial Results,1,87c305a7-bf10-4095-a589-ac812727da4d,General,"Unaudited Financial Results of HDFC Bank Limited (""the Bank"") for the quarter and half year ended September 30, 2024 in machine readable form",True,2024-10-23
500180_292,500180,HDFC Bank Ltd,2024-10-25 16:01:41.670,DissemDT,Context-Dependent,Investor / Analyst,1,3d0457da-13bb-4e1a-9feb-7f324255daf8,Earnings Call Transcript,"Transcript of Earnings Call for the quarter and half year ended September 30, 2024",False,2024-10-25
500180_293,500180,HDFC Bank Ltd,2024-10-28 19:53:33.863,DissemDT,Routine / Lower Signal,Regulatory / Compliance,1,b44f164e-ba6d-415d-bc90-cd2683a25349,Reg. 39 (3) - Details of Loss of Certificate / Duplicate Certificate,Intimation of Loss of Share Certificate,False,2024-10-28
500180_294,500180,HDFC Bank Ltd,2024-10-29 09:17:33.930,DissemDT,Routine / Lower Signal,Other,1,8a6e7ba4-a5ce-486c-bdb6-3181926c9dca,General,"Grant of stock options under Employee Stock Option Scheme - ESOS 58 and Restricted Stock Units under Employee''s Stock Incentive Master Scheme - 2022 - RSU 009, RSU 010 and RSU 011",False,2024-10-29
500180_295,500180,HDFC Bank Ltd,2024-10-29 16:00:32.820,DissemDT,Context-Dependent,Investor / Analyst,2,"be5a15e0-5e55-4935-89ed-1537a0f04597, 9c4e6d80-db80-41cc-96d2-92edb96384b3",Reg. 39 (3) - Details of Loss of Certificate / Duplicate Certificate; Analyst / Investor Meet,Intimation of Loss of Share Certificate || Intimation of Schedule of Analyst / Institutional Investor Meeting,False,2024-10-29
500180_296,500180,HDFC Bank Ltd,2024-10-29 20:39:03.243,DissemDT,Potentially Price-Sensitive,Corporate Actions,1,e68e3eff-07dd-4cab-9cdf-db2da29230ac,Allotment of ESOP / ESPS,Allotment of Equity Shares under ESOP,False,2024-10-29
500180_297,500180,HDFC Bank Ltd,2024-10-31 09:22:30.810,DissemDT,Routine / Lower Signal,Regulatory / Compliance,1,d5b789d1-96ba-46b6-87fe-d59760559e32,General,"Intimation under Regulation 30 of the Securities and Exchange Board of India (Listing Obligations and Disclosure Requirements) Regulations, 2015",False,2024-10-31
500180_298,500180,HDFC Bank Ltd,2024-10-31 12:20:56.520,DissemDT,Routine / Lower Signal,Regulatory / Compliance,1,4a914920-4f89-4edf-a776-97b2614463dd,General,"Intimation under Regulation 30 of the Securities and Exchange Board of India (Listing Obligations and Disclosure Requirements) Regulations, 2015",False,2024-10-31
500180_299,500180,HDFC Bank Ltd,2024-11-04 16:53:11.613,DissemDT,Routine / Lower Signal,Regulatory / Compliance,1,4a81b6f5-89f1-4252-97eb-6ba385d671cb,Reg. 39 (3) - Details of Loss of Certificate / Duplicate Certificate,Intimation of loss of share certificate,False,2024-11-04
500180_3,500180,HDFC Bank Ltd,2023-08-23 16:35:17.660,DissemDT,Context-Dependent,Investor / Analyst,1,3bc3dde2-27d2-4f48-8c0a-a45fe2b19dff,Analyst / Investor Meet,"Intimation of Schedule of Analyst / Institutional Investor Meetings under the SEBI (Listing Obligations and Disclosure Requirements) Regulations, 2015",False,2023-08-23
500180_30,500180,HDFC Bank Ltd,2023-10-04 09:32:26.653,DissemDT,Routine / Lower Signal,Regulatory / Compliance,1,b742e918-3f70-4fd3-9539-6c96a6fb81c5,General,Intimation under SEBI LODR,False,2023-10-04
500180_300,500180,HDFC Bank Ltd,2024-11-06 19:26:09.650,DissemDT,Context-Dependent,Investor / Analyst,2,"4140f753-5eb3-41af-93fa-f19eef0c027a, 00aaf4b8-e7f1-4dcc-95ba-0c9003f86b1b",General; Analyst / Investor Meet,"Intimation under Regulation 30 of the SEBI (Listing Obligations and Disclosure Requirements) Regulations, 2015 || Intimation of Schedule of Analyst/ Institutional Investor Meetings under the SEBI (Listing Obligations and Disclosure Requirements) Regulations, 2015",False,2024-11-06
500180_301,500180,HDFC Bank Ltd,2024-11-12 15:47:59.617,DissemDT,Context-Dependent,Investor / Analyst,1,5e15c842-99d5-4928-ad90-e97a85d3cded,Analyst / Investor Meet,"Intimation of Schedule of Analyst / Institutional Investor Meetings under the SEBI (Listing Obligations and Disclosure Requirements) Regulations, 2015",False,2024-11-12
500180_302,500180,HDFC Bank Ltd,2024-11-12 21:07:34.750,DissemDT,Potentially Price-Sensitive,Corporate Actions,1,8a5e87f1-0424-4b8d-888d-611f4ecbdce8,Allotment of ESOP / ESPS,Allotment of Equity Shares under ESOP,False,2024-11-12
500180_303,500180,HDFC Bank Ltd,2024-11-18 09:45:28.363,DissemDT,Potentially Price-Sensitive,Board / Management,1,a49794af-49a1-4c49-8af2-f5fefcff658a,Change in Directorate,Appointment of Additional Independent Director,False,2024-11-18
500180_304,500180,HDFC Bank Ltd,2024-11-19 21:21:20.010,DissemDT,Routine / Lower Signal,Regulatory / Compliance,1,5a81c3a6-1321-4c7d-b1a0-7170aa12d89e,Reg. 39 (3) - Details of Loss of Certificate / Duplicate Certificate,Notice for loss/ misplacement of share certificates,False,2024-11-19
500180_305,500180,HDFC Bank Ltd,2024-11-25 17:22:10.853,DissemDT,Context-Dependent,Investor / Analyst,2,"c799404d-8c2c-498d-820d-85d028d87217, 213fe220-e4ee-4e8b-8bcc-125893be10a6",Analyst / Investor Meet; Reg. 39 (3) - Details of Loss of Certificate / Duplicate Certificate,Intimation of Schedule of Analyst Meet || Intimation of loss of share certificates,False,2024-11-25
500180_306,500180,HDFC Bank Ltd,2024-11-26 16:04:04.840,DissemDT,Routine / Lower Signal,Regulatory / Compliance,2,"e5d3b6d8-f7a4-407e-8569-9ea54a894a28, 5ecbb636-1946-4e73-a549-4124b6c8abcc",Reg. 39 (3) - Details of Loss of Certificate / Duplicate Certificate; General,"Notice for loss/ misplacement of share certificates || Intimation under Regulation 30 of the SEBI (Listing Obligations and Disclosure Requirements) Regulations, 2015",False,2024-11-26
500180_307,500180,HDFC Bank Ltd,2024-11-28 20:26:22.147,DissemDT,Potentially Price-Sensitive,Corporate Actions,2,"f628b555-faac-405f-a84c-02ecae7b9111, f6f63302-8f29-4df7-995a-6bac745409c7",Allotment of ESOP / ESPS; Analyst / Investor Meet,"Allotment of equity shares under ESOP || Intimation under Regulation 30 of the SEBI (Listing Obligations and Disclosure Requirements) Regulations, 2015",False,2024-11-28
500180_308,500180,HDFC Bank Ltd,2024-11-29 15:37:26.420,DissemDT,Context-Dependent,Investor / Analyst,1,d45d804a-f5e3-42f9-8c0d-e31344db3221,Analyst / Investor Meet,"Intimation under Regulation 30 of the SEBI (Listing Obligations and Disclosure Requirements) Regulations, 2015",False,2024-11-29
500180_309,500180,HDFC Bank Ltd,2024-12-02 14:49:55.627,DissemDT,Routine / Lower Signal,Regulatory / Compliance,1,98e9a49f-6c9f-4e6d-8206-a36ceaee94c9,Reg. 39 (3) - Details of Loss of Certificate / Duplicate Certificate,Intimation of Loss of Share Certificate,False,2024-12-02
500180_31,500180,HDFC Bank Ltd,2023-10-06 14:53:42.430,DissemDT,Potentially Price-Sensitive,Financial Results,1,92e7a49e-186f-442f-a7dd-84bd1574fd38,Board Meeting,"HDFC Bank Ltdhas informed BSE that the meeting of the Board of Directors of the Company is scheduled on 15/10/2023 ,inter alia, to consider and approve unaudited standalone and consolidated ....",True,2023-10-06
500180_310,500180,HDFC Bank Ltd,2024-12-03 11:34:30.587,DissemDT,Routine / Lower Signal,Regulatory / Compliance,1,ba8371e7-f5a3-4fb6-8c6f-2fd314a7af76,Reg. 39 (3) - Details of Loss of Certificate / Duplicate Certificate,Intimation of Loss of Share Certificate,False,2024-12-03
500180_311,500180,HDFC Bank Ltd,2024-12-10 17:53:07.647,DissemDT,Context-Dependent,Investor / Analyst,2,"a081e621-4451-47b0-a032-24a6671f3433, 6761993e-56a8-4bfb-824c-ecfe880fd304",Analyst / Investor Meet; Reg. 39 (3) - Details of Loss of Certificate / Duplicate Certificate,"Intimation of Schedule of Analyst / Institutional Investor Meetings under the SEBI (Listing Obligations and Disclosure Requirements) Regulations, 2015 || Intimation of Loss of share certificate",False,2024-12-10
500180_312,500180,HDFC Bank Ltd,2024-12-10 23:44:03.150,DissemDT,Potentially Price-Sensitive,Board / Management,1,c07e132e-8434-4c46-a6ec-e1d23ad58e0e,Postal Ballot,"Intimation under Regulation 30 of the Securities and Exchange Board of India (Listing Obligations and Disclosure Requirements) Regulations, 2015 - Notice of Postal Ballot",False,2024-12-10
500180_313,500180,HDFC Bank Ltd,2024-12-12 13:07:54.857,DissemDT,Routine / Lower Signal,Regulatory / Compliance,1,92e9608f-79f9-423d-9667-ba2da6d5b6d4,General,"Intimation under Regulation 30 of SEBI (Listing Obligations and Disclosure Requirements) Regulations, 2015 (""SEBI Listing Regulations"")",False,2024-12-12
500180_314,500180,HDFC Bank Ltd,2024-12-13 11:28:15.740,DissemDT,Routine / Lower Signal,Regulatory / Compliance,1,329aea5c-1438-4265-a110-b405aa3721f2,Newspaper Publication,Newspaper publication confirming the dispatch of postal ballot notice,False,2024-12-13
500180_315,500180,HDFC Bank Ltd,2024-12-16 16:41:26.323,DissemDT,Potentially Price-Sensitive,Financial Results,1,d4910778-06eb-420c-a403-d2636da79b87,Board Meeting,"HDFC Bank Ltdhas informed BSE that the meeting of the Board of Directors of the Company is scheduled on 22/01/2025 ,inter alia, to consider and approve the unaudited standalone and consolidated ....",True,2024-12-16
500180_316,500180,HDFC Bank Ltd,2024-12-16 17:59:28.223,DissemDT,Routine / Lower Signal,Regulatory / Compliance,1,2a4354ed-a78f-4b91-a6d7-f58015adf200,General,"Intimation under Regulation 30 of SEBI (Listing Obligations and Disclosure Requirements) Regulations, 2015",False,2024-12-16
500180_317,500180,HDFC Bank Ltd,2024-12-17 18:15:56.080,DissemDT,Context-Dependent,Investor / Analyst,1,eb3a9676-42c5-4814-bfaf-1f90a0be7e0b,Newspaper Publication,Newspaper publication w.r.t. Notice of transfer of equity shares to Investor Education and Protection Fund (IEPF) authority,False,2024-12-17
500180_318,500180,HDFC Bank Ltd,2024-12-17 20:45:12.420,DissemDT,Potentially Price-Sensitive,Corporate Actions,1,295a589b-b9c8-4b62-9181-58e4dbbdb52b,Allotment of ESOP / ESPS,Allotment of equity shares under ESOP,False,2024-12-17
500180_319,500180,HDFC Bank Ltd,2024-12-20 21:31:22.287,DissemDT,Routine / Lower Signal,Other,1,eba06afd-ac64-492e-a99e-31fb43530dd6,General,Update on sale of shares of HDFC Education and Development Services Private Limited by HDFC Bank Limited,False,2024-12-20
500180_32,500180,HDFC Bank Ltd,2023-10-09 13:54:56.407,DissemDT,Routine / Lower Signal,Regulatory / Compliance,1,eae8bfa2-413a-4760-b8f9-2d600b9c0e0d,Reg. 39 (3) - Details of Loss of Certificate / Duplicate Certificate,Intimation regarding loss of share certificates,False,2023-10-09
500180_320,500180,HDFC Bank Ltd,2024-12-30 21:07:22.603,DissemDT,Potentially Price-Sensitive,Corporate Actions,1,52b86517-4049-421e-91ff-940d1d154f9a,Allotment of ESOP / ESPS,Allotment of equity shares under ESOP,False,2024-12-30
500180_321,500180,HDFC Bank Ltd,2025-01-03 22:17:54.843,DissemDT,Routine / Lower Signal,Other,1,83142656-a1e7-4dfd-bccf-2c78099c008a,General,"Receipt of approval from Reserve Bank of India to HDFC Bank Group for making investments in Kotak Mahindra Bank Limited, AU Small Finance Bank Limited and Capital Small Finance Bank Limited",False,2025-01-03
500180_322,500180,HDFC Bank Ltd,2025-01-04 18:24:22.397,DissemDT,Routine / Lower Signal,Regulatory / Compliance,1,bbff3b51-1e0e-4a3a-afd5-091829bad6ec,General,"Intimation under SEBI (Listing Obligations and Disclosure Requirement) Regulations, 2015",False,2025-01-04
500180_323,500180,HDFC Bank Ltd,2025-01-11 23:10:46.233,DissemDT,Potentially Price-Sensitive,Board / Management,1,a3005d9f-0325-41f6-ab60-eb67b091994e,Postal Ballot,Outcome of Postal Ballot - Voting Results & Scrutinizer Report,False,2025-01-11
500180_324,500180,HDFC Bank Ltd,2025-01-16 16:00:08.313,DissemDT,Potentially Price-Sensitive,Financial Results,1,a655c83c-c595-489e-b2c2-cc5de845f9ca,Analyst / Investor Meet,"Earnings call for the un-audited financial results for the quarter and nine-months ended December 31, 2024",True,2025-01-16
500180_325,500180,HDFC Bank Ltd,2025-01-17 17:19:01.780,DissemDT,Routine / Lower Signal,Regulatory / Compliance,1,e402e097-06c9-4247-931c-2c8568cdd105,"Certificate under Reg. 74 (5) of SEBI (DP) Regulations, 2018","Certificate under Regulation 74(5) of SEBI (DP) Regulations, 2018 for the quarter ended December 31, 2024",False,2025-01-17
500180_326,500180,HDFC Bank Ltd,2025-01-22 14:13:41.727,DissemDT,Potentially Price-Sensitive,Financial Results,3,"a0cfd7d4-36ab-4858-ad7d-848b1929e7a8, 01f5ddf4-ac7c-40ce-b8fc-f36a44140b35, 652dbd3b-3f7b-437a-a9bb-37a2c4e58176",Financial Results; Integrated Filing (Financial); Press Release / Media Release,"Unaudited Financial Results of HDFC Bank Limited (""the Bank"") for the quarter and nine-months ended December 31, 2024 || Integrated Filing (Financial) - Unaudited Financial Results of HDFC Bank Limited for the quarter and nine- months ended December 31, 2024 || Press Release - Unaudited Financial Results of HDFC Bank Limited (""the Bank"") for the quarter and nine-months ended December 31, 2024",True,2025-01-22
500180_327,500180,HDFC Bank Ltd,2025-01-22 15:20:06.293,DissemDT,Routine / Lower Signal,Regulatory / Compliance,1,824f21b2-ed0b-48cc-8fbe-c7fc923a8442,General,Security Cover Certificate,False,2025-01-22
500180_328,500180,HDFC Bank Ltd,2025-01-22 16:08:16.490,DissemDT,Context-Dependent,Investor / Analyst,1,2884dce7-8200-44fe-827a-b5503db9156a,Investor Presentation,Earnings Call Presentation,False,2025-01-22
500180_329,500180,HDFC Bank Ltd,2025-01-22 22:53:46.510,DissemDT,Context-Dependent,Investor / Analyst,1,695614a1-a2e5-4047-bb0d-a649d99e3652,Analyst / Investor Meet,"Audio recording of earnings call for the quarter and nine-months ended December 31, 2024",False,2025-01-22
500180_33,500180,HDFC Bank Ltd,2023-10-10 17:33:11.183,DissemDT,Potentially Price-Sensitive,Financial Results,1,3d9a7e81-b4dc-42df-bd0d-e7aec5544624,Analyst / Investor Meet,"Earnings call for the un-audited financial results for the quarter/ half-year ended September 30, 2023",True,2023-10-10
500180_330,500180,HDFC Bank Ltd,2025-01-28 21:24:47.417,DissemDT,Potentially Price-Sensitive,Financial Results,1,27074ebe-4a8e-4306-b9e3-d0178f2ffcc9,General,"Unaudited Financial Results of HDFC Bank Limited (""the Bank"") for the quarter and nine months ended December 31, 2024 in machine readable form",True,2025-01-28
500180_331,500180,HDFC Bank Ltd,2025-01-29 15:46:47.710,DissemDT,Context-Dependent,Investor / Analyst,1,b98a71ba-3dab-432a-b32d-d03dba5a7c26,General,"Transcript of Earnings call for the quarter and nine-months ended December 31, 2024",False,2025-01-29
500180_332,500180,HDFC Bank Ltd,2025-01-29 20:47:26.040,DissemDT,Potentially Price-Sensitive,Corporate Actions,1,b60a3cfa-ae19-4297-b651-4d5bee364c36,Allotment of ESOP / ESPS,Allotment of equity shares under ESOP,False,2025-01-29
500180_333,500180,HDFC Bank Ltd,2025-01-30 15:48:40.933,DissemDT,Routine / Lower Signal,Other,1,88b02e8f-fc39-4d1b-b5bb-f45327952aaa,General,Grant of stock options under Employee Stock Option Scheme - ESOS - Plan H-2024,False,2025-01-30
500180_334,500180,HDFC Bank Ltd,2025-01-31 09:19:37.383,DissemDT,Routine / Lower Signal,Regulatory / Compliance,1,43b55eec-04bc-434d-8532-6c9475cfb6de,Change in Management,"Disclosure under Regulation 30 of the SEBI (Listing Obligations and Disclosure Requirements) Regulations, 2015",False,2025-01-31
500180_335,500180,HDFC Bank Ltd,2025-02-05 16:42:54.507,DissemDT,Context-Dependent,Investor / Analyst,1,f1b8c89b-b0a2-4c75-b9bf-c9832cc2b1d3,Analyst / Investor Meet,"Intimation of Schedule of Analyst/ Institutional Investor Meetings under the SEBI (Listing Obligations and Disclosure Requirements) Regulations, 2015",False,2025-02-05
500180_336,500180,HDFC Bank Ltd,2025-02-14 21:13:04.940,DissemDT,Potentially Price-Sensitive,Corporate Actions,1,600706a3-502e-4c5e-a793-dae9e233ef22,Allotment of ESOP / ESPS,Allotment of equity shares under ESOP,False,2025-02-14
500180_337,500180,HDFC Bank Ltd,2025-02-20 17:32:57.393,DissemDT,Context-Dependent,Investor / Analyst,1,043c7839-5408-488d-b811-8572b15a2e3f,Analyst / Investor Meet,"Intimation of Schedule of Analyst / Institutional Investor Meetings under the SEBI (Listing Obligations and Disclosure Requirements) Regulations, 2015",False,2025-02-20
500180_338,500180,HDFC Bank Ltd,2025-02-24 18:23:04.030,DissemDT,Potentially Price-Sensitive,Board / Management,1,289f1214-f74b-4f60-89b9-ba0a070b1860,Postal Ballot,"Intimation under Regulation 30 of the SEBI (Listing Obligations and Disclosure Requirements) Regulations, 2015- Notice of Postal Ballot",False,2025-02-24
500180_339,500180,HDFC Bank Ltd,2025-02-25 14:02:00.077,DissemDT,Routine / Lower Signal,Regulatory / Compliance,1,cd9b0463-dc76-4c87-9913-77c82cc86308,Newspaper Publication,Newspaper publication confirming the dispatch of postal ballot notice,False,2025-02-25
500180_34,500180,HDFC Bank Ltd,2023-10-13 15:23:06.040,DissemDT,Routine / Lower Signal,Regulatory / Compliance,1,f10ff82a-3eb4-49c0-9d1f-ec7b803bbf75,General,"Disclosure under Regulation 6(1) of SEBI (Listing Obligation and Disclosure Requirements) Regulations, 2015 (""Listing Regulations"")",False,2023-10-13
500180_340,500180,HDFC Bank Ltd,2025-02-28 22:04:03.733,DissemDT,Potentially Price-Sensitive,Corporate Actions,1,de14968e-7721-43e3-a0c2-5c5374c55281,Allotment of ESOP / ESPS,Allotment of equity shares under ESOP,False,2025-02-28
500180_341,500180,HDFC Bank Ltd,2025-03-01 16:45:28.160,DissemDT,Potentially Price-Sensitive,Corporate Actions,1,b52c48b0-2cd6-4aba-ab8c-9baaef6f6e94,Allotment of ESOP / ESPS,Allotment of equity shares under ESOP,False,2025-03-01
500180_342,500180,HDFC Bank Ltd,2025-03-05 12:01:11.010,DissemDT,Context-Dependent,Investor / Analyst,1,eb5d77a7-9955-42ff-ba6b-74d2b3ea6d59,Newspaper Publication,Newspaper publication w.r.t Notice of transfer of equity shares to Investor Education and Protection Fund ( IEPF) Authority,False,2025-03-05
500180_343,500180,HDFC Bank Ltd,2025-03-11 12:21:36.760,DissemDT,Context-Dependent,Investor / Analyst,1,2fc1e924-1905-4937-987f-57cd9391287f,Analyst / Investor Meet,"Intimation of Schedule of Analyst/ Institutional Investor Meetings under the SEBI (Listing Obligations and Disclosure Requirements) Regulations, 2015",False,2025-03-11
500180_344,500180,HDFC Bank Ltd,2025-03-13 21:34:03.510,DissemDT,Potentially Price-Sensitive,Corporate Actions,1,233829c1-e956-427e-85fe-9d3ba9f42a22,Allotment of ESOP / ESPS,Allotment of equity shares under ESOP,False,2025-03-13
500180_345,500180,HDFC Bank Ltd,2025-03-18 15:55:20.570,DissemDT,Potentially Price-Sensitive,Financial Results,1,f9101523-cc5e-47a5-9f1c-df3446409669,Board Meeting,"HDFC Bank Ltdhas informed BSE that the meeting of the Board of Directors of the Company is scheduled on 19/04/2025 ,inter alia, to consider and approve 1. Audited standalone and consolidated ....",True,2025-03-18
500180_346,500180,HDFC Bank Ltd,2025-03-26 20:37:58.150,DissemDT,Potentially Price-Sensitive,Corporate Actions,1,b0dd3b80-72c8-412f-9c35-c16c09bec28b,Allotment of ESOP / ESPS,Allotment of equity shares under ESOP,False,2025-03-26
500180_347,500180,HDFC Bank Ltd,2025-03-26 21:34:18.560,DissemDT,Routine / Lower Signal,Regulatory / Compliance,1,c5c39b7b-bbaf-438b-9629-e2f35edc0865,General,"Intimation under Regulation 30 of SEBI ( Listing Obligations and Disclosure Requirements) Regulations, 2015",False,2025-03-26
500180_348,500180,HDFC Bank Ltd,2025-03-27 16:03:13.513,DissemDT,Potentially Price-Sensitive,Board / Management,1,74e8aba8-4513-4bb1-a62c-cc52513514f5,Postal Ballot,Outcome of Postal Ballot - Voting Results & Scrutinizer Report,False,2025-03-27
500180_349,500180,HDFC Bank Ltd,2025-04-02 19:38:26.157,DissemDT,Routine / Lower Signal,Regulatory / Compliance,1,25df2292-6440-40c6-80be-5c3ee93257fd,General,"Intimation under Regulation 30 of SEBI (Listing Obligations and Disclosure Requirements) Regulations, 2015",False,2025-04-02
500180_35,500180,HDFC Bank Ltd,2023-10-15 18:58:50.387,DissemDT,Potentially Price-Sensitive,Board / Management,1,5ea0de61-5ded-42af-8a1b-3fde4db781bf,Change in Directorate,"Outcome of Board deliberations on October 15, 2023",False,2023-10-15
500180_350,500180,HDFC Bank Ltd,2025-04-03 20:38:15.133,DissemDT,Routine / Lower Signal,Regulatory / Compliance,1,280a6f6c-5312-4f06-ad7a-de5340cf62fe,General,"Intimation under SEBI (Listing Obligation and Disclosure Requirements) Regulations, 2015",False,2025-04-03
500180_351,500180,HDFC Bank Ltd,2025-04-08 19:38:37.483,DissemDT,Routine / Lower Signal,Regulatory / Compliance,1,893a982d-8bdb-4ae8-9ea1-9f4b36358e77,Change in Management,"Intimation under Regulation 30 of SEBI (Listing Obligations and Disclosure Requirements) Regulations, 2015",False,2025-04-08
500180_352,500180,HDFC Bank Ltd,2025-04-15 16:34:29.530,DissemDT,Potentially Price-Sensitive,Financial Results,1,c9082846-c2c8-4a27-9350-c40b8a2e2b6b,Analyst / Investor Meet,"Earnings call for the audited financial results for the quarter/year ended March 31, 2025",True,2025-04-15
500180_353,500180,HDFC Bank Ltd,2025-04-16 15:36:34.993,DissemDT,Routine / Lower Signal,Regulatory / Compliance,1,14a160b5-c000-4751-be88-989950d1ef79,"Certificate under Reg. 74 (5) of SEBI (DP) Regulations, 2018","Certificate under Regulation 74(5) of SEBI (Depositories and Participants) Regulations, 2018 for the quarter ended March 31, 2025",False,2025-04-16
500180_354,500180,HDFC Bank Ltd,2025-04-19 14:58:31.240,DissemDT,Potentially Price-Sensitive,Financial Results,3,"817c7bbc-60a9-484f-83c0-fad34de0b1c7, a67f706d-21b5-44a3-b2a9-4f7c0be8e21d, a1856637-c84f-4733-abe8-02eb36e75d06",Financial Results; Outcome of Board Meeting; Record Date,"Audited Standalone and Consolidated Financial Results of the Bank for the quarter and year ended March 31, 2025 || Outcome of Board Meeting held on April 19 2025- Dividend || Record Date for the purpose of Dividend",True,2025-04-19
500180_355,500180,HDFC Bank Ltd,2025-04-19 16:04:19.010,DissemDT,Context-Dependent,Investor / Analyst,1,d39e858d-7c4d-472d-8787-320b9fa5de45,Investor Presentation,Investor Presentation,False,2025-04-19
500180_356,500180,HDFC Bank Ltd,2025-04-19 16:51:16.960,DissemDT,Potentially Price-Sensitive,Board / Management,2,"5884fb56-2e48-495e-ae0c-49dff9cd1ac1, e60350b0-5c09-4644-88bc-5673bfa87dc1",General,"Intimation under Regulation 8(2) of the Securities and Exchange Board of India (Prohibition of Insider Trading) Regulations, 2015 || Outcome of the Board Meeting held on April 19 2025",False,2025-04-19
500180_357,500180,HDFC Bank Ltd,2025-04-19 18:02:54.527,DissemDT,Routine / Lower Signal,Regulatory / Compliance,1,82869bed-f1fb-42d4-bafb-44fbaa152c72,General,Disclosure with respect to Security Cover Certificate,False,2025-04-19
500180_358,500180,HDFC Bank Ltd,2025-04-19 22:48:24.420,DissemDT,Routine / Lower Signal,Regulatory / Compliance,1,161703f9-11e4-4ae9-9620-f8044602292c,General,"Half-yearly disclosure of Related Party Transactions for the period ended March 31, 2025",False,2025-04-19
500180_359,500180,HDFC Bank Ltd,2025-04-20 12:46:24.060,DissemDT,Context-Dependent,Investor / Analyst,1,e9e6b4f8-b5e1-4286-b2b0-36ac8d445b0a,Analyst / Investor Meet,"Audio Recording of Earnings Call for the quarter and year ended March 31, 2025",False,2025-04-20
500180_36,500180,HDFC Bank Ltd,2023-10-16 12:48:02.557,DissemDT,Routine / Lower Signal,Regulatory / Compliance,1,63ffafe4-9463-4c10-9e5b-e90c43cb1a06,Reg. 39 (3) - Details of Loss of Certificate / Duplicate Certificate,Intimation regarding loss of share certificates,False,2023-10-16
500180_360,500180,HDFC Bank Ltd,2025-04-23 21:25:48.300,DissemDT,Potentially Price-Sensitive,Corporate Actions,1,37d28468-474e-46c2-9edc-baae3f11fcc1,Allotment of ESOP / ESPS,Allotment of Equity Shares under ESOP,False,2025-04-23
500180_361,500180,HDFC Bank Ltd,2025-04-24 17:57:12.110,DissemDT,Context-Dependent,Investor / Analyst,1,ace34cf0-9f56-4d97-9ec3-a9c1928b2e3a,Analyst / Investor Meet,"Transcript of Earnings Call for the quarter and year ended March 31, 2025",False,2025-04-24
500180_362,500180,HDFC Bank Ltd,2025-04-25 20:42:54.633,DissemDT,Potentially Price-Sensitive,Corporate Actions,1,b2b3b116-57e5-43a2-aef6-796eefa6fbaf,Allotment of ESOP / ESPS,Allotment of Equity Shares under ESOP,False,2025-04-25
500180_363,500180,HDFC Bank Ltd,2025-05-10 22:52:20.160,DissemDT,Routine / Lower Signal,Other,1,6b0ae78d-67de-41f0-ace8-84d26070fe3e,General,Grant of stock options under Employee Stock Option Scheme - ESOS 60 and Restricted Stock Units under Employees Stock Incentive Master Scheme - 2022 RSU 012,False,2025-05-10
500180_364,500180,HDFC Bank Ltd,2025-05-15 18:46:51.337,DissemDT,Context-Dependent,Investor / Analyst,1,0d56e3d1-76cd-4f87-a618-bd7b16a82495,Analyst / Investor Meet,"Intimation of Schedule of Analyst / Institutional Investor Meetings under the SEBI (Listing Obligations and Disclosure Requirements) Regulations, 2015 
",False,2025-05-15
500180_365,500180,HDFC Bank Ltd,2025-05-15 20:28:58.890,DissemDT,Potentially Price-Sensitive,Corporate Actions,1,c927c517-9da3-4d84-8f99-9ee82287675c,Allotment of ESOP / ESPS,Allotment of Equity Shares under ESOP,False,2025-05-15
500180_366,500180,HDFC Bank Ltd,2025-05-21 17:30:34.197,DissemDT,Context-Dependent,Investor / Analyst,1,1870b4ab-44f4-4fb4-ac49-d5224f8b31d2,Analyst / Investor Meet,"Intimation of Schedule of Analyst / Institutional Investor Meetings under the SEBI (Listing Obligations and Disclosure Requirements) Regulations, 2015",False,2025-05-21
500180_367,500180,HDFC Bank Ltd,2025-05-22 16:34:32.500,DissemDT,Context-Dependent,Investor / Analyst,1,a72fdbb1-7deb-436c-9f0a-f3e0812ca69e,General,Publication of Notice in newspapers for transfer of equity shares to Investor Education and Protection Fund (IEPF) Authority,False,2025-05-22
500180_368,500180,HDFC Bank Ltd,2025-05-28 19:52:36.200,DissemDT,Potentially Price-Sensitive,Corporate Actions,2,"b0d67280-95dd-4038-85ff-03c8a1a0258e, 50a700b4-9638-483b-b1c0-4135dcd2598b",Allotment of ESOP / ESPS,Allotment of Equity Shares under ESOP || Allotment of Equity Shares under ESOP,False,2025-05-28
500180_369,500180,HDFC Bank Ltd,2025-05-29 17:00:16.047,DissemDT,Routine / Lower Signal,Regulatory / Compliance,1,a69217ab-b9a4-4e8d-a04f-83be7986fdae,Reg.24(A)-Annual Secretarial Compliance,Annual Secretarial Compliance Report for the Financial Year 2024-2025,False,2025-05-29
500180_37,500180,HDFC Bank Ltd,2023-10-16 15:51:12.960,DissemDT,Potentially Price-Sensitive,Financial Results,2,"cc7d8146-478a-49aa-961d-5087ec17e7e8, da98968f-a0f0-44ab-be74-ad09867d040d",Outcome of Board Meeting; Press Release / Media Release,"Unaudited financial results of HDFC Bank Limited for the second quarter ended September 30, 2023 || Press release for the unaudited financial results for the quarter ended September 30, 2023",True,2023-10-16
500180_370,500180,HDFC Bank Ltd,2025-06-08 18:06:50.857,DissemDT,Context-Dependent,Investor / Analyst,1,183056cf-da0b-4a88-98ac-222124f3122a,Press Release / Media Release,"Disclosure under Regulation 30 of the SEBI (Listing Obligations and Disclosure Requirements) Regulations, 2015",False,2025-06-08
500180_371,500180,HDFC Bank Ltd,2025-06-08 21:04:01.467,DissemDT,Context-Dependent,Investor / Analyst,1,32a93858-bee0-4ec6-a9bb-a18678151d84,Press Release / Media Release (Revised),"Disclosure under SEBI (Listing Obligations and Disclosure Requirements) Regulations, 2015",False,2025-06-08
500180_372,500180,HDFC Bank Ltd,2025-06-11 20:00:46.730,DissemDT,Context-Dependent,Investor / Analyst,1,b906a2cb-f02c-4b99-ae1f-cd40e1899ace,Analyst / Investor Meet,"Intimation of Schedule of Analyst / Institutional Investor Meetings under the SEBI (Listing Obligations and Disclosure Requirements) Regulations, 2015",False,2025-06-11
500180_373,500180,HDFC Bank Ltd,2025-06-11 21:58:55.730,DissemDT,Context-Dependent,Investor / Analyst,1,07206034-b4b3-4ac4-a746-0a01e950e226,Press Release / Media Release,"Disclosure under Regulation 30 of the Securities and Exchange Board of India (Listing Obligations and Disclosure Requirements) Regulations, 2015",False,2025-06-11
500180_374,500180,HDFC Bank Ltd,2025-06-12 15:41:16.960,DissemDT,Potentially Price-Sensitive,Corporate Actions,1,7ce6a706-9860-492e-96ca-a1544370f3bc,General,Newspaper publication on communication to shareholders regarding deduction of tax at source on dividend,False,2025-06-12
500180_375,500180,HDFC Bank Ltd,2025-06-17 18:40:27.480,DissemDT,Potentially Price-Sensitive,Corporate Actions,1,d89f6a3c-e959-412f-af10-776c30cffb77,Allotment of ESOP / ESPS,Allotment of Equity Shares under ESOP,False,2025-06-17
500180_376,500180,HDFC Bank Ltd,2025-06-18 18:38:55.473,DissemDT,Routine / Lower Signal,Regulatory / Compliance,1,c8021f8f-e1fb-47ed-9506-6f62eeffefb6,Change in Management,"Disclosure under Regulation 30 of the SEBI (Listing Obligations and Disclosure Requirements) Regulations, 2015- Change in Senior Management",False,2025-06-18
500180_377,500180,HDFC Bank Ltd,2025-06-19 15:55:32.537,DissemDT,Potentially Price-Sensitive,Business / Strategic,1,c5154a6c-c93c-47e0-ae77-7461ef3c0c49,General,"Intimation by HDB Financial Services Limited, subsidiary of HDFC Bank Limited, dated June 19, 2025 with respect to filing of Red Herring Prospectus",False,2025-06-19
500180_378,500180,HDFC Bank Ltd,2025-06-19 21:27:50.263,DissemDT,Potentially Price-Sensitive,Business / Strategic,1,49c750f2-2dca-4c2e-97d2-392cc3cd8bcc,General,"Intimation by HDB Financial Services Limited, subsidiary of HDFC Bank Limited dated June 19, 2025 with respect to fixing of price band",False,2025-06-19
500180_379,500180,HDFC Bank Ltd,2025-06-20 15:38:25.773,DissemDT,Potentially Price-Sensitive,Board / Management,1,6477b2f9-ca56-4cb8-ae4a-c5ae00ffe60a,General,"Outcome of Board Meeting held on June 20, 2025",False,2025-06-20
500180_38,500180,HDFC Bank Ltd,2023-10-16 17:03:01.167,DissemDT,Routine / Lower Signal,Regulatory / Compliance,2,"4b8aefd8-cab6-4ac2-9e15-92ad511b865d, 9611c660-6417-40c8-adaf-ee9dc7879a36",General,"Half-yearly disclosure of Related Party Transactions for the period ended September 30, 2023 under regulation 23(9) of the SEBI (Listing Obligations and Disclosure Requirements) Regulations, 2015 || Non-applicability of SEBI Circular dated May 19, 2022 bearing reference number SEBI/HO/MIRSD_CRADT/CIR/P/2022/67
",False,2023-10-16
500180_380,500180,HDFC Bank Ltd,2025-06-23 15:44:17.700,DissemDT,Potentially Price-Sensitive,Financial Results,1,13c58ff8-9e29-40bb-8c4f-6a4f98603048,Board Meeting,"HDFC Bank Ltdhas informed BSE that the meeting of the Board of Directors of the Company is scheduled on 19/07/2025 ,inter alia, to consider and approve the unaudited standalone and consolidated ....",True,2025-06-23
500180_381,500180,HDFC Bank Ltd,2025-06-25 13:53:41.800,DissemDT,Routine / Lower Signal,Other,1,9c6f274e-f17c-4906-9276-71917126a04a,General,Copy of newspaper publication,False,2025-06-25
500180_382,500180,HDFC Bank Ltd,2025-07-02 22:22:35.377,DissemDT,Routine / Lower Signal,Other,1,b3107ff0-f9bf-4a13-acfe-d763cf7b140e,General,Sale of shares of HDB Financial Services Limited in its Initial Public Offering,False,2025-07-02
500180_383,500180,HDFC Bank Ltd,2025-07-04 08:43:09.207,DissemDT,Routine / Lower Signal,Regulatory / Compliance,1,28b5e16b-6aaf-4b83-a659-a79bf83d3720,General,"Intimation under SEBI (Listing Obligations and Disclosure Requirements) Regulations, 2015",False,2025-07-04
500180_384,500180,HDFC Bank Ltd,2025-07-08 16:41:18.613,DissemDT,Routine / Lower Signal,Other,1,01d3e96b-1583-404d-a199-ee6f33824d00,General,Newspaper publication regarding special window for re-lodgement of transfer requests of physical shares of HDFC Bank Limited,False,2025-07-08
500180_385,500180,HDFC Bank Ltd,2025-07-11 20:38:37.667,DissemDT,Routine / Lower Signal,Regulatory / Compliance,1,00f8df47-94dc-4134-b59e-57442da0ca2b,General,"Intimation under Regulation 30 of SEBI (Listing Obligations and Disclosure Requirements) Regulations, 2015",False,2025-07-11
500180_386,500180,HDFC Bank Ltd,2025-07-14 07:56:53.710,DissemDT,Potentially Price-Sensitive,Board / Management,3,"1cc00b62-1fb6-4c37-b021-6d0541fb4aaa, abc33f89-e879-4e57-a7b5-855dfd12a4d6, f1ea8c47-08ce-43ae-a95e-71dff7d56802",Reg. 34 (1) Annual Report; AGM; Business Responsibility and Sustainability Reporting (BRSR),Notice of the 31st Annual General Meeting and Integrated Annual Report for FY 2024-25 || Notice of the 31st Annual General Meeting and Integrated Annual Report for FY 2024-25 || Business Responsibility and Sustainability Report,False,2025-07-14
500180_387,500180,HDFC Bank Ltd,2025-07-14 15:37:18.120,DissemDT,Potentially Price-Sensitive,Financial Results,1,252517b8-fea2-42fd-b4b9-c9d87b914814,Analyst / Investor Meet,"Earnings call in relation to the unaudited standalone financial results and unaudited consolidated financial results of the Bank for the quarter ended June 30, 2025",True,2025-07-14
500180_388,500180,HDFC Bank Ltd,2025-07-15 15:35:21.583,DissemDT,Routine / Lower Signal,Regulatory / Compliance,1,b317e863-ae4e-4c68-a2b7-2bb1901a0e74,Newspaper Publication,Copy of newspaper publication,False,2025-07-15
500180_389,500180,HDFC Bank Ltd,2025-07-16 08:52:28.923,DissemDT,Potentially Price-Sensitive,Board / Management,1,a3aa3450-aadf-4434-aab0-a72197c64995,Board Meeting,"HDFC Bank Ltdhas informed BSE that the meeting of the Board of Directors of the Company is scheduled on 19/07/2025 ,inter alia, to consider and approve Update on board meeting",False,2025-07-16
500180_39,500180,HDFC Bank Ltd,2023-10-16 22:52:07.470,DissemDT,Context-Dependent,Investor / Analyst,1,d9ce9187-3b98-49f2-9700-a6386a57d51d,General,"Audio Recording of Earnings Call for the quarter ended September 30, 2023",False,2023-10-16
500180_390,500180,HDFC Bank Ltd,2025-07-17 14:41:00.033,DissemDT,Routine / Lower Signal,Regulatory / Compliance,1,6c5ad44c-318f-4fad-a355-2bdda4b720e7,"Certificate under Reg. 74 (5) of SEBI (DP) Regulations, 2018","Certificate under Regulation 74(5) of SEBI (Depositories and Participants) Regulations, 2018",False,2025-07-17
500180_391,500180,HDFC Bank Ltd,2025-07-19 14:59:59.280,DissemDT,Potentially Price-Sensitive,Financial Results,3,"60202774-0033-4dc9-a75a-880d999201ba, cd305f42-cf5f-438a-94e7-8888720c63fe, 95339f72-3dff-4d2a-a66e-6ba7b1ab44dc",Outcome of Board Meeting; Dividend; Bonus,"Outcome of the Board Meeting held on July 19, 2025 - Financial Results, Special Interim Dividend & Bonus || Record Date for the purpose of Dividend || Record Date for the purpose of Bonus",True,2025-07-19
500180_392,500180,HDFC Bank Ltd,2025-07-19 16:12:42.387,DissemDT,Context-Dependent,Investor / Analyst,1,6a385915-d1ea-4f25-a16c-94719c24533e,General,Investor Presentation,False,2025-07-19
500180_393,500180,HDFC Bank Ltd,2025-07-19 22:12:09.180,DissemDT,Potentially Price-Sensitive,Financial Results,1,36e3847a-fd9f-4eca-be4f-2d1b444abcb3,Analyst / Investor Meet,"Audio recording of Earnings call in relation to the unaudited financial results for the quarter ended June 30, 2025",True,2025-07-19
500180_394,500180,HDFC Bank Ltd,2025-07-21 15:42:40.260,DissemDT,Routine / Lower Signal,Regulatory / Compliance,1,3948faea-1616-459a-92cd-26a1cb28abe8,Newspaper Publication,Copy of newspaper publication,False,2025-07-21
500180_395,500180,HDFC Bank Ltd,2025-07-22 07:59:19.340,DissemDT,Potentially Price-Sensitive,Board / Management,1,c1fd2686-cbe5-4358-b445-a1edf862e548,Postal Ballot,"Intimation under Regulation 30 of SEBI (Listing Obligations and Disclosure Requirements) Regulation, 2015 - Notice of Postal Ballot",False,2025-07-22
500180_396,500180,HDFC Bank Ltd,2025-07-22 21:03:49.500,DissemDT,Potentially Price-Sensitive,Corporate Actions,1,f52da9e4-881c-487d-8e2b-6fc392a2c0a9,Allotment of ESOP / ESPS,Allotment of Equity Shares under ESOP,False,2025-07-22
500180_397,500180,HDFC Bank Ltd,2025-07-23 15:32:32.557,DissemDT,Routine / Lower Signal,Regulatory / Compliance,2,"5877d2f7-eff2-46ee-b7da-22947d2bf7ac, db2a46c3-e27a-46f5-9a40-89f803aa7523",Newspaper Publication,Copy of newspaper publication || Copy of newspaper publication,False,2025-07-23
500180_398,500180,HDFC Bank Ltd,2025-07-25 21:47:48.620,DissemDT,Potentially Price-Sensitive,Financial Results,2,"3cf2fb0f-80be-45f9-a2b4-c836e09ed111, 2040e5b4-2886-41c8-b212-3d5b9f9d8b19",Analyst / Investor Meet; Reg. 34 (1) Annual Report,"Transcript of Earnings Call in relation to the unaudited standalone and consolidated financial results for the quarter ended June 30, 2025 || Integrated Annual Report for FY 2024-25",True,2025-07-25
500180_399,500180,HDFC Bank Ltd,2025-07-31 16:11:13.747,DissemDT,Potentially Price-Sensitive,Corporate Actions,1,ed47a39c-325e-4049-89bd-3a9c007fbfef,Allotment of ESOP / ESPS,Allotment of Equity Shares under ESOP,False,2025-07-31
500180_4,500180,HDFC Bank Ltd,2023-08-23 18:55:03.123,DissemDT,Routine / Lower Signal,Other,1,c12e09e3-0f40-4f05-958e-eed602aa0b1f,General,Update on Composite Scheme of Amalgamation,False,2023-08-23
500180_40,500180,HDFC Bank Ltd,2023-10-17 18:01:35.333,DissemDT,Routine / Lower Signal,Regulatory / Compliance,1,815129a1-89c4-4b72-8522-b307bc5e8673,"Certificate under Reg. 74 (5) of SEBI (DP) Regulations, 2018","Certificate under Regulation 74(5) of SEBI (Depositories and Participants) Regulations, 2018 for the quarter ended September 30, 2023",False,2023-10-17
500180_400,500180,HDFC Bank Ltd,2025-08-01 17:35:12.157,DissemDT,Potentially Price-Sensitive,Corporate Actions,1,25024f8e-110f-4bd1-b4e7-97dc6a5856b2,General,Update on the issuance of Bonus shares,False,2025-08-01
500180_401,500180,HDFC Bank Ltd,2025-08-08 20:36:13.867,DissemDT,Potentially Price-Sensitive,Board / Management,2,"ce330170-da39-4839-b2af-9416edb1666e, 158850ed-97c9-4887-98d3-f151cc839560",AGM,Summary of Proceedings of the 31st AGM || Scrutinizer''s Report,False,2025-08-08
500180_402,500180,HDFC Bank Ltd,2025-08-13 14:21:09.400,DissemDT,Context-Dependent,Investor / Analyst,1,79c7e5cf-c2d0-4323-9dbf-b0d7f67e8e76,Analyst / Investor Meet,"Intimation of Schedule of Analyst / Institutional Investor Meetings under Regulation 30 of the SEBI (Listing Obligations and Disclosure Requirements) Regulations, 2015",False,2025-08-13
500180_403,500180,HDFC Bank Ltd,2025-08-13 18:44:27.803,DissemDT,Potentially Price-Sensitive,Corporate Actions,1,a4cf1bc2-629c-4771-96f8-521cef50eada,General,Update on the issuance of Bonus Shares,False,2025-08-13
500180_404,500180,HDFC Bank Ltd,2025-08-19 13:24:55.550,DissemDT,Potentially Price-Sensitive,Corporate Actions,1,a60de6df-ac5f-41af-bb0a-2466d826b8ff,Allotment of ESOP / ESPS,Allotment of Equity Shares under ESOP,False,2025-08-19
500180_405,500180,HDFC Bank Ltd,2025-08-19 18:35:29.157,DissemDT,Potentially Price-Sensitive,Credit / Financing,1,b59be978-0c97-48a3-a572-4a81ada5dae9,Credit Rating,Intimation of Revision in Credit Rating,False,2025-08-19
500180_406,500180,HDFC Bank Ltd,2025-08-21 20:43:02.197,DissemDT,Potentially Price-Sensitive,Board / Management,1,fd1c4d0f-29bf-43da-b06c-18260491822f,Postal Ballot,Scrutinizer Report and Voting Results of Postal Ballot,False,2025-08-21
500180_407,500180,HDFC Bank Ltd,2025-08-26 15:27:22.397,DissemDT,Context-Dependent,Investor / Analyst,1,6c2a67ff-a8d7-49c0-8481-2a5ab8aa4faa,Analyst / Investor Meet,"Intimation of Schedule of Analyst / Institutional Investor Meetings under Regulation 30 of the SEBI (Listing Obligations and Disclosure Requirements) Regulations, 2015",False,2025-08-26
500180_408,500180,HDFC Bank Ltd,2025-08-28 11:32:58.433,DissemDT,Potentially Price-Sensitive,Corporate Actions,1,3b70f3f5-15d9-4888-ac59-e00874bccee7,Allotment of Equity Shares,Allotment of 7677039761 equity shares pursuant to Bonus,False,2025-08-28
500180_409,500180,HDFC Bank Ltd,2025-09-01 17:46:13.550,DissemDT,Potentially Price-Sensitive,Board / Management,1,910530d2-b779-421c-9082-fced5e687a19,Change in Management,Intimation of resignation of the Chief of Internal Vigilance of HDFC Bank Limited,False,2025-09-01
500180_41,500180,HDFC Bank Ltd,2023-10-18 16:46:58.920,DissemDT,Routine / Lower Signal,Regulatory / Compliance,1,3d985d93-ac19-4c09-b202-412f0ac92bf2,Reg. 39 (3) - Details of Loss of Certificate / Duplicate Certificate,Notice for loss/misplacement of share certificate,False,2023-10-18
500180_410,500180,HDFC Bank Ltd,2025-09-03 16:24:15.227,DissemDT,Potentially Price-Sensitive,Business / Strategic,1,d2b391b6-7eb2-437b-aedd-a2fc580ebfff,"Disclosures under Reg. 29(2) of SEBI (SAST) Regulations, 2011","The Exchange has received the disclosure under Regulation 29(2) of SEBI (Substantial Acquisition of Shares & Takeovers) Regulations, 2011 for SBICAP Trustee Company Ltd",False,2025-09-03
500180_411,500180,HDFC Bank Ltd,2025-09-09 16:31:54.297,DissemDT,Context-Dependent,Investor / Analyst,1,1d2a60a2-c3d4-4361-b1f6-767d9b40a150,Analyst / Investor Meet,"Intimation of schedule of analyst/ Institutional Investor Meetings under Regulation 30 of the SEBI (Listing Obligations and Disclosure Requirements) Regulations, 2015",False,2025-09-09
500180_412,500180,HDFC Bank Ltd,2025-09-11 17:12:04.337,DissemDT,Context-Dependent,Investor / Analyst,1,dee22636-8b84-4c87-9ce8-6d98d30d2319,Analyst / Investor Meet,"Intimation of schedule of analyst/ Institutional Investor Meetings under Regulation 30 of the SEBI (Listing Obligations and Disclosure Requirements) Regulations, 2015",False,2025-09-11
500180_413,500180,HDFC Bank Ltd,2025-09-15 17:29:46.657,DissemDT,Routine / Lower Signal,Regulatory / Compliance,1,f3e69aa3-faf5-4327-bf22-008dcdd82ee6,Newspaper Publication,Newspaper publication regarding 100 days campaign - Saksham Niveshak for shareholders,False,2025-09-15
500180_414,500180,HDFC Bank Ltd,2025-09-16 17:12:00.937,DissemDT,Potentially Price-Sensitive,Corporate Actions,1,fa02727b-6372-4e7a-b344-4c912d183c92,Allotment of ESOP / ESPS,Allotment of Equity Shares under ESOP,False,2025-09-16
500180_415,500180,HDFC Bank Ltd,2025-09-18 22:54:55.230,DissemDT,Routine / Lower Signal,Other,1,672f4ebf-2b72-423b-afce-533731dd47dc,General,Grant of stock options under Employee Stock Option Scheme and grant of restricted stock units under Employee''s Stock Incentive Master Scheme,False,2025-09-18
500180_416,500180,HDFC Bank Ltd,2025-09-23 12:39:09.467,DissemDT,Potentially Price-Sensitive,Financial Results,1,911d7530-2541-4f42-803f-171a5d211bed,Board Meeting,"HDFC Bank Ltdhas informed BSE that the meeting of the Board of Directors of the Company is scheduled on 18/10/2025 ,inter alia, to consider and approve unaudited standalone and consolidated ....",True,2025-09-23
500180_417,500180,HDFC Bank Ltd,2025-09-23 16:37:04.670,DissemDT,Routine / Lower Signal,Regulatory / Compliance,1,8862b234-5480-4426-8d81-4ee2741e33c6,Newspaper Publication,Newspaper publication regarding special window for re-lodgement of transfer requests of physical shares of HDFC Bank Limited,False,2025-09-23
500180_418,500180,HDFC Bank Ltd,2025-09-26 21:31:46.447,DissemDT,Routine / Lower Signal,Regulatory / Compliance,1,1cd20e72-8b57-4868-be4f-a6587063e498,General,"Intimation under Regulation 30 of SEBI (Listing Obligations and Disclosure Requirements ) Regulations, 2015",False,2025-09-26
500180_419,500180,HDFC Bank Ltd,2025-09-30 15:54:25.310,DissemDT,Potentially Price-Sensitive,Corporate Actions,1,8f78d8b0-dec2-41c9-879b-68c17abaea34,Allotment of ESOP / ESPS,Allotment of Equity Shares under ESOP,False,2025-09-30
500180_42,500180,HDFC Bank Ltd,2023-10-19 18:42:58.110,DissemDT,Potentially Price-Sensitive,Board / Management,1,8e8b5e18-f507-416b-8c57-c0ceff1ea7d2,General,Report of the Audit Committee and Independent Directors of HDFC Bank Limited certifying distribution of proceeds to eligible shareholders of fractional shares in accordance with the composite ....,False,2023-10-19
500180_420,500180,HDFC Bank Ltd,2025-09-30 18:49:51.233,DissemDT,Routine / Lower Signal,Regulatory / Compliance,1,81a8652f-3668-4e8b-a9fc-80b842cb016b,Change in Management,"Disclosure under Regulation 30 read with Point 7 of Paragraph A of Part A of Schedule III of the SEBI (Listing Obligations and Disclosure Requirements) Regulations, 2015",False,2025-09-30
500180_421,500180,HDFC Bank Ltd,2025-10-01 19:29:40.993,DissemDT,Routine / Lower Signal,Regulatory / Compliance,1,54b0596a-56a1-438a-b8a1-b2ec7caeea22,Change in Management,Change in Senior Management Personnel,False,2025-10-01
500180_422,500180,HDFC Bank Ltd,2025-10-04 09:34:18.540,DissemDT,Routine / Lower Signal,Regulatory / Compliance,1,10845ab8-8f4f-444f-bbf4-49e394fd96ae,General,"Intimation under SEBI (Listing Obligations and Disclosure Requirements) Regulations, 2015",False,2025-10-04
500180_423,500180,HDFC Bank Ltd,2025-10-10 23:03:08.750,DissemDT,Potentially Price-Sensitive,Credit / Financing,1,95037d4e-c908-4f25-90fe-1f5298fff667,General,Intimation of ESG rating,False,2025-10-10
500180_424,500180,HDFC Bank Ltd,2025-10-13 16:08:26.100,DissemDT,Potentially Price-Sensitive,Financial Results,1,96b39c25-0fe1-445d-9947-0c6dfd1d8315,Analyst / Investor Meet,"Earnings call in relation to the unaudited standalone and consolidated financial results of the Bank for the quarter and half-year ended September 30, 2025",True,2025-10-13
500180_425,500180,HDFC Bank Ltd,2025-10-17 14:32:04.550,DissemDT,Routine / Lower Signal,Regulatory / Compliance,1,e73ce735-cdfd-4620-b98e-3b5a34b3ead1,"Certificate under Reg. 74 (5) of SEBI (DP) Regulations, 2018","Certificate under Regulation 74(5) of SEBI (Depositories and Participants) Regulations, 2018 for the quarter ended September 30, 2025",False,2025-10-17
500180_426,500180,HDFC Bank Ltd,2025-10-18 14:06:08.133,DissemDT,Potentially Price-Sensitive,Board / Management,1,3bbf1c43-ebbb-4f11-8eed-6178dd35f832,Outcome of Board Meeting,"Outcome of the Board Meeting held on October 18, 2025",False,2025-10-18
500180_427,500180,HDFC Bank Ltd,2025-10-18 15:47:43.620,DissemDT,Context-Dependent,Investor / Analyst,1,e0e91022-b743-4fb7-b9b6-951c694c0059,Investor Presentation,Presentation to be made at the Earnings Call,False,2025-10-18
500180_428,500180,HDFC Bank Ltd,2025-10-18 22:09:50.593,DissemDT,Potentially Price-Sensitive,Financial Results,1,136ca99d-77c4-4040-938c-b6c0ee7a76ac,Analyst / Investor Meet,"Audio Recording of Earnings Call in relation to the unaudited financial results for the quarter and half-year ended September 30, 2025",True,2025-10-18
500180_429,500180,HDFC Bank Ltd,2025-10-27 18:52:21.090,DissemDT,Potentially Price-Sensitive,Financial Results,1,81443521-8f92-4e8b-9d43-60cebad2ccca,Analyst / Investor Meet,"Transcript of Earnings Call in relation to the unaudited standalone and consolidated financial results for the quarter and half-year ended September 30, 2025",True,2025-10-27
500180_43,500180,HDFC Bank Ltd,2023-10-21 22:04:34.487,DissemDT,Context-Dependent,Investor / Analyst,1,310ae001-1d5f-47d2-8b12-09494eac81f5,Earnings Call Transcript,"Transcript of Earnings Call for the second quarter ended September 30, 2023",False,2023-10-21
500180_430,500180,HDFC Bank Ltd,2025-10-28 15:46:50.350,DissemDT,Potentially Price-Sensitive,Corporate Actions,1,0a0eda04-f400-4014-aad5-caac72e0b2ed,Allotment of ESOP / ESPS,Allotment of Equity Shares under ESOP / RSU,False,2025-10-28
500180_431,500180,HDFC Bank Ltd,2025-10-28 16:53:52.950,DissemDT,Context-Dependent,Investor / Analyst,1,e8b0673a-436e-4e01-b336-beddcb12d9ac,Analyst / Investor Meet,"Intimation of Schedule of Analyst / Institutional Investor Meetings under Regulation 30 of the SEBI (Listing Obligations and Disclosure Requirements) Regulations, 2015",False,2025-10-28
500180_432,500180,HDFC Bank Ltd,2025-10-30 11:17:13.033,DissemDT,Potentially Price-Sensitive,Board / Management,1,eb277599-8125-4f52-a521-f3c2626abe4a,General,Re-appointment of Mr. Kaizad Bharucha as Deputy Managing Director of HDFC Bank Limited,False,2025-10-30
500180_433,500180,HDFC Bank Ltd,2025-11-06 18:38:12.870,DissemDT,Context-Dependent,Investor / Analyst,1,a610088c-809b-491f-95be-0b5c3258e998,Analyst / Investor Meet,"Intimation of Schedule of Analyst / Institutional Investor Meetings under Regulation 30 of the SEBI (Listing Obligations and Disclosure Requirements) Regulations, 2015",False,2025-11-06
500180_434,500180,HDFC Bank Ltd,2025-11-11 19:46:10.310,DissemDT,Context-Dependent,Investor / Analyst,1,57aaac55-e4bb-4d70-84ab-d53b789f19aa,Analyst / Investor Meet,"Intimation of Schedule of Analyst / Institutional Investor Meetings under Regulation 30 of the SEBI (Listing Obligations and Disclosure Requirements) Regulations, 2015",False,2025-11-11
500180_435,500180,HDFC Bank Ltd,2025-11-14 16:50:15.420,DissemDT,Potentially Price-Sensitive,Corporate Actions,1,ed1f7dc4-f3e2-423e-933b-707fe605fba6,Allotment of ESOP / ESPS,Allotment of Equity shares under ESOP,False,2025-11-14
500180_436,500180,HDFC Bank Ltd,2025-11-18 15:26:01.980,DissemDT,Potentially Price-Sensitive,Credit / Financing,1,32eca8c9-0e88-47ea-b0e8-39fd8f1d15f6,Credit Rating,"Intimation of Credit Rating pursuant to Regulation 30 of SEBI (Listing Obligations and Disclosure Requirements) Regulations, 2015",False,2025-11-18
500180_437,500180,HDFC Bank Ltd,2025-11-21 16:34:26.087,DissemDT,Routine / Lower Signal,Other,1,3dcd49eb-a23c-4911-bb2d-d101da95655e,General,Copy of newspaper publication,False,2025-11-21
500180_438,500180,HDFC Bank Ltd,2025-11-25 16:02:14.897,DissemDT,Context-Dependent,Investor / Analyst,1,e9a3f21e-fb6c-4501-a34e-322f35f92e15,Analyst / Investor Meet,"Intimation of Schedule of Analyst / Institutional Investor Meetings under Regulation 30 of the SEBI (Listing Obligations and Disclosure Requirements) Regulations, 2015",False,2025-11-25
500180_439,500180,HDFC Bank Ltd,2025-11-27 14:24:11.043,DissemDT,Potentially Price-Sensitive,Corporate Actions,1,2b40810a-770e-4024-ac8d-48482ac6ff00,Allotment of ESOP / ESPS,Allotment of Equity Shares under ESOP,False,2025-11-27
500180_44,500180,HDFC Bank Ltd,2023-10-23 14:55:21.093,DissemDT,Routine / Lower Signal,Regulatory / Compliance,1,da5e631c-4d09-4512-9cd8-889c2c9f39f4,Reg. 39 (3) - Details of Loss of Certificate / Duplicate Certificate,Intimation regarding loss of share certificate,False,2023-10-23
500180_440,500180,HDFC Bank Ltd,2025-11-28 18:53:05.980,DissemDT,Potentially Price-Sensitive,Board / Management,2,"a935db1e-8957-4114-b18c-80f3a46a4e09, 02f1902e-aa01-43ea-8dad-a9f4f36d313c",Clarification; Change in Management,"The Exchange has sought clarification from HDFC Bank Limited with reference to the media report https://economictimes.indiatimes.com dated November 28, 2025, (Link: https://economictimes.indiatimes.com/industry/banking/finance/banking/rbi-imposes-monetary-penalty-on-hdfc-bank-for-lapses-in-kyc-interest-rate-and-outsourcing-compliance/articleshow/125637325.cms) .... || Appointment of Mr. Vibhash Naik as the Chief Human Resource Officer of the Bank w.e.f. February 1, 2026",False,2025-11-28
500180_441,500180,HDFC Bank Ltd,2025-11-28 20:39:21.220,DissemDT,Routine / Lower Signal,Regulatory / Compliance,1,35c1fe7b-eaf8-475f-b5cb-14fcd6518e3c,General,"Intimation under Regulation 30 of SEBI (Listing Obligations and Disclosure Requirements) Regulations, 2015 - RBI Penalty",False,2025-11-28
500180_442,500180,HDFC Bank Ltd,2025-12-01 22:21:37.267,DissemDT,Routine / Lower Signal,Regulatory / Compliance,1,3fcdbad1-19e6-49a1-a567-2abe8b65a318,General,Response on the clarification sought with respect to the news item appearing in the media,False,2025-12-01
500180_443,500180,HDFC Bank Ltd,2025-12-09 16:48:13.877,DissemDT,Potentially Price-Sensitive,Credit / Financing,1,ef2c5bd0-4d4d-410e-843b-1dbe08236be1,General,Intimation of ESG Rating,False,2025-12-09
500180_444,500180,HDFC Bank Ltd,2025-12-09 17:49:27.773,DissemDT,Context-Dependent,Investor / Analyst,1,a45c7d62-9dd0-429c-9aac-4e1899047676,Analyst / Investor Meet,"Intimation of schedule of analyst/ Institutional Investor Meetings under Regulations 30 of the SEBI (Listing Obligations and Disclosure Requirements) Regulations, 2015",False,2025-12-09
500180_445,500180,HDFC Bank Ltd,2025-12-11 23:42:14.750,DissemDT,Routine / Lower Signal,Regulatory / Compliance,1,2f25d516-5af7-48bb-a506-d7ef1b387596,Change in Management,"Intimation under Regulation 30 of the SEBI (Listing Obligations and Disclosure Requirements) Regulations, 2015-  Elevation of certain employees as Group heads",False,2025-12-11
500180_446,500180,HDFC Bank Ltd,2025-12-15 23:17:13.150,DissemDT,Routine / Lower Signal,Other,1,b586959c-fd98-4f93-aa0e-328d0804acd2,General,Receipt of approval from the Reserve Bank of India to HDFC bank Limited for making investment in IndusInd Bank Limited,False,2025-12-15
500180_447,500180,HDFC Bank Ltd,2025-12-18 15:47:19.257,DissemDT,Context-Dependent,Investor / Analyst,1,ac6be10b-e226-4e65-8ddc-3ac441f7d23c,Newspaper Publication,Publication of Notice in newspapers for transfer of equity shares  to Investor Education and Protection Fund Authority,False,2025-12-18
500180_448,500180,HDFC Bank Ltd,2025-12-18 16:18:07.327,DissemDT,Potentially Price-Sensitive,Corporate Actions,1,edc59cfb-1c87-48c8-80a7-b9b3e526754b,Allotment of ESOP / ESPS,Allotment of Equity Shares under ESOP/RSU,False,2025-12-18
500180_449,500180,HDFC Bank Ltd,2025-12-23 20:00:53.043,DissemDT,Potentially Price-Sensitive,Financial Results,1,e1c7685c-9122-4341-a593-c2f2c8b6d5be,Board Meeting,"HDFC Bank Ltdhas informed BSE that the meeting of the Board of Directors of the Company is scheduled on 17/01/2026 ,inter alia, to consider and approve unaudited standalone and consolidated ....",True,2025-12-23
500180_45,500180,HDFC Bank Ltd,2023-10-25 14:41:26.880,DissemDT,Routine / Lower Signal,Regulatory / Compliance,1,a81b64f5-b37e-47e6-9c6c-b5b9d8adfdbd,Reg. 39 (3) - Details of Loss of Certificate / Duplicate Certificate,Notice for loss/ misplacement of share certificates,False,2023-10-25
500180_450,500180,HDFC Bank Ltd,2026-01-05 07:51:10.943,DissemDT,Routine / Lower Signal,Regulatory / Compliance,1,6fc9961b-62c7-47f9-8020-a658653a4c7f,General,"Intimation under SEBI (Listing Obligations and Disclosure Requirements) Regulations, 2015",False,2026-01-05
500180_451,500180,HDFC Bank Ltd,2026-01-12 17:32:44.217,DissemDT,Potentially Price-Sensitive,Financial Results,1,e17c72df-1d6a-4517-ac31-5876a1643fb1,Analyst / Investor Meet,"Earnings call in relation to the unaudited standalone and consolidated financial results of the Bank for the quarter and nine-months ended December 31, 2025",True,2026-01-12
500180_452,500180,HDFC Bank Ltd,2026-01-17 14:51:42.780,DissemDT,Potentially Price-Sensitive,Financial Results,3,"739da032-fa27-4c55-8c15-700c9f925c50, f3e7123b-f774-4832-b961-ce4d0307d339, a4ed64c4-a078-4c37-9e2f-06ad09ae529d",Outcome of Board Meeting; Retirement; Press Release / Media Release,"Outcome of Board Meeting held on January 17, 2026 || Retirement of Mr. Bhavesh Zaveri as an Executive Director of the Bank || Press Release - Financial Results (INDIAN GAAP) for the quarter and nine months ended December 31, 2025",True,2026-01-17
500180_453,500180,HDFC Bank Ltd,2026-01-17 17:39:52.993,DissemDT,Context-Dependent,Investor / Analyst,1,010740ea-f388-4aa6-8853-6fe0fd554a9f,Investor Presentation,Presentation to be made at the Earnings Call,False,2026-01-17
500180_454,500180,HDFC Bank Ltd,2026-01-17 22:14:34.603,DissemDT,Potentially Price-Sensitive,Financial Results,1,594b1c38-b639-4e04-bd11-d658aa178129,Analyst / Investor Meet,"Audio Recording of Earnings Call in relation to the unaudited financial results for the quarter and nine-months ended December 31, 2025",True,2026-01-17
500180_455,500180,HDFC Bank Ltd,2026-01-19 17:03:05.543,DissemDT,Routine / Lower Signal,Regulatory / Compliance,1,1e925f52-59c3-4d26-a188-6220640ffa90,"Certificate under Reg. 74 (5) of SEBI (DP) Regulations, 2018","Certificate under Regulation 74(5) of the SEBI (Depositories and Participants) Regulations, 2018 for the quarter ended December 31, 2025",False,2026-01-19
500180_456,500180,HDFC Bank Ltd,2026-01-20 19:46:43.913,DissemDT,Potentially Price-Sensitive,Board / Management,1,266a6182-b31e-4d58-ab4f-5380fef1a048,General,"Intimation under Regulation 30 of SEBI (Listing Obligation and Disclosure Requirements) Regulations, 2015 - Approval from the Reserve Bank of India for re-appointment of Mr. Kaizad Bharucha ....",False,2026-01-20
500180_457,500180,HDFC Bank Ltd,2026-01-21 16:57:59.713,DissemDT,Potentially Price-Sensitive,Corporate Actions,1,ff666dad-1a25-4f9b-9e7a-de2efeb31c4f,Allotment of ESOP / ESPS,Allotment of Equity Shares under ESOP/RSU,False,2026-01-21
500180_458,500180,HDFC Bank Ltd,2026-01-23 16:00:12.523,DissemDT,Potentially Price-Sensitive,Financial Results,1,444a9ddb-f92a-4392-89a7-f0597032461e,Analyst / Investor Meet,"Transcript of Earnings Call in relation to the unaudited standalone and consolidated financial results for the quarter and nine-months ended December 31, 2025",True,2026-01-23
500180_459,500180,HDFC Bank Ltd,2026-01-30 12:24:02.073,DissemDT,Potentially Price-Sensitive,Corporate Actions,1,f612f5be-b50a-4db9-bd53-29e9ce3b576d,Allotment of ESOP / ESPS,"Allotment of 12,19,698 equity shares under ESOP/RSU",False,2026-01-30
500180_46,500180,HDFC Bank Ltd,2023-10-25 18:08:15.020,DissemDT,Context-Dependent,Investor / Analyst,1,539334d5-5e75-4f6a-89be-15cd9cb4785b,Analyst / Investor Meet,"Intimation of schedule of analyst/ institutional investor meeting under the SEBI (Listing Obligations and Disclosure Requirements) Regulations, 2015",False,2023-10-25
500180_460,500180,HDFC Bank Ltd,2026-02-03 17:11:21.833,DissemDT,Potentially Price-Sensitive,Board / Management,1,92aac0ea-ee9d-4909-a9f2-22fe784ce53b,General,"Disclosure under Regulation 30 of SEBI (Listing Obligations and Disclosure Requirements) Regulations, 2015 - Outcome of the Board Meeting held on February 3, 2026",False,2026-02-03
500180_461,500180,HDFC Bank Ltd,2026-02-03 21:27:56.277,DissemDT,Routine / Lower Signal,Other,1,fa8169de-f627-4925-b28f-4312f30ecd30,General,"Grant of 12,23,724 stock options under Employee Stock Option Scheme (ESOS Plan H-2024) ESOS Plan (ESOS 062) and Grant of 12,760 Restricted Stock Units under Employee Stock Incentive Master ....",False,2026-02-03
500180_462,500180,HDFC Bank Ltd,2026-02-04 14:47:18.140,DissemDT,Context-Dependent,Investor / Analyst,2,"41804286-6331-4f6e-88a7-6d47cd8eff80, 264dee89-8e7d-4f8e-a943-f987a0a7c3eb",General; Analyst / Investor Meet,"Newspaper publication regarding special window for transfer and dematerialisation of physical shares of HDFC Bank Limited || Intimation of Schedule of Analyst / Institutional Investor Meetings under Regulation 30 of the SEBI (Listing Obligations and Disclosure Requirements) Regulations, 2015",False,2026-02-04
500180_463,500180,HDFC Bank Ltd,2026-02-11 15:47:49.960,DissemDT,Potentially Price-Sensitive,Board / Management,1,5a8b4aa8-bc83-46ad-8c7c-1dbbf0dbf594,Postal Ballot,"Intimation under Regulation 30 of the Securities and Exchange Board of India (Listing Obligations and Disclosure Requirements) Regulations, 2015 - Notice of Postal Ballot",False,2026-02-11
500180_464,500180,HDFC Bank Ltd,2026-02-11 22:42:41.253,DissemDT,Routine / Lower Signal,Regulatory / Compliance,1,d25deeeb-ec9d-479a-9616-ab001712ad57,General,"Intimation under Securities and Exchange Board of India (Listing Obligations and Disclosure Requirements) Regulations, 2015",False,2026-02-11
500180_465,500180,HDFC Bank Ltd,2026-02-12 16:05:26.660,DissemDT,Routine / Lower Signal,Regulatory / Compliance,1,89c3b44e-958a-4d12-af0f-43565b5f4314,Newspaper Publication,Newspaper Publication confirming the dispatch of Postal Ballot Notice,False,2026-02-12
500180_466,500180,HDFC Bank Ltd,2026-02-16 16:43:25.363,DissemDT,Context-Dependent,Investor / Analyst,1,ef2bc42d-a719-4e53-837f-7820c62a5c9a,Analyst / Investor Meet,"Intimation of Schedule of Analyst / Institutional Investor Meetings under Regulation 30 of the SEBI (Listing Obligations and Disclosure Requirements) Regulations, 2015",False,2026-02-16
500180_467,500180,HDFC Bank Ltd,2026-02-20 15:57:38.997,DissemDT,Potentially Price-Sensitive,Corporate Actions,1,ae1d8f83-8290-4766-a345-d087dbdd6132,Allotment of ESOP / ESPS,"Allotment of 13,60,302 equity shares under ESOP/ RSU",False,2026-02-20
500180_468,500180,HDFC Bank Ltd,2026-02-27 15:37:20.660,DissemDT,Potentially Price-Sensitive,Corporate Actions,1,69649104-4a2b-451c-aa2c-def127254753,Allotment of ESOP / ESPS,Allotment of Equity Shares under ESOP,False,2026-02-27
500180_469,500180,HDFC Bank Ltd,2026-03-04 16:10:40.370,DissemDT,Context-Dependent,Investor / Analyst,1,b1087242-fcbc-41fa-9c17-be3f90b9210b,Analyst / Investor Meet,"Intimation of schedule of analyst/ Institutional Investor Meetings under Regulation 30 of the SEBI (Listing Obligations and Disclosure Requirements) Regulations, 2015",False,2026-03-04
500180_47,500180,HDFC Bank Ltd,2023-10-25 21:24:53.227,DissemDT,Potentially Price-Sensitive,Corporate Actions,1,861c54ea-82fa-4799-8091-07f6e441df20,Allotment of ESOP / ESPS,Allotment of equity shares under ESOP,False,2023-10-25
500180_470,500180,HDFC Bank Ltd,2026-03-14 11:21:10.227,DissemDT,Potentially Price-Sensitive,Board / Management,1,26a33892-c4a8-4d72-b0cb-506f22587830,Postal Ballot,Scrutinizer Report and Voting Results of Postal Ballot,False,2026-03-14
500180_471,500180,HDFC Bank Ltd,2026-03-16 17:28:11.200,DissemDT,Potentially Price-Sensitive,Corporate Actions,1,79662289-2507-40a0-9cbd-b8370633b063,Allotment of ESOP / ESPS,Allotment of 1630554 equity shares under ESOP/RSU,False,2026-03-16
500180_472,500180,HDFC Bank Ltd,2026-03-18 11:31:42.473,DissemDT,Potentially Price-Sensitive,Credit / Financing,1,11609ee9-88f5-4df6-aa57-487a6a09829b,Credit Rating,"Intimation of credit rating pursuant to Regulation 30 of  SEBI (Listing Obligations and Disclosure Requirements) Regulations, 2015",False,2026-03-18
500180_473,500180,HDFC Bank Ltd,2026-03-18 22:33:27.510,DissemDT,Potentially Price-Sensitive,Board / Management,1,c71dbe28-5662-4101-adfd-68b360352a46,Resignation of Chairman,"Intimation under Regulation 30 of the SEBI (Listing Obligations and Disclosure Requirements) Regulations, 2015- Resignation of Mr. Atanu Chakraborty as a Part-time Chairman and Independent ....",False,2026-03-18
500180_474,500180,HDFC Bank Ltd,2026-03-19 02:45:43.040,DissemDT,Potentially Price-Sensitive,Board / Management,1,b8f19cf1-3f90-4b7c-afe4-c8a902c15e67,General,Continuation to the intimation made in relation to resignation of Mr. Atanu Chakraborty as a Part-time Chairman and Independent Director of HDFC Bank Limited,False,2026-03-19
500180_475,500180,HDFC Bank Ltd,2026-03-19 08:46:50.017,DissemDT,Context-Dependent,Investor / Analyst,1,4b42c783-f2c7-4a96-ab67-95e94486203c,Analyst / Investor Meet,"Analyst/ investor call in relation to the intimation made by HDFC Bank Limited ('the Bank') on March 18, 2026",False,2026-03-19
500180_476,500180,HDFC Bank Ltd,2026-03-19 13:35:51.470,DissemDT,Context-Dependent,Investor / Analyst,1,f2cc0797-48a0-41a8-8659-1f83ccaa1eb5,Analyst / Investor Meet,"Audio Recording in relation to the intimation made by HDFC Bank Limited on March 18, 2026",False,2026-03-19
500180_477,500180,HDFC Bank Ltd,2026-03-19 15:37:35.557,DissemDT,Routine / Lower Signal,Other,1,23d98a55-0394-4300-beea-36e1235ac8e7,General,"Statement issued by the Reserve Bank of India dated March 19, 2026",False,2026-03-19
500180_478,500180,HDFC Bank Ltd,2026-03-19 22:20:34.103,DissemDT,Context-Dependent,Investor / Analyst,1,e84e90d3-c754-405e-b994-bc547a7db75e,Earnings Call Transcript,"Transcript of Analyst / investor call in relation to the intimation made by HDFC Bank Limited on March 18, 2026",False,2026-03-19
500180_479,500180,HDFC Bank Ltd,2026-03-23 17:13:52.043,DissemDT,Routine / Lower Signal,Regulatory / Compliance,1,6a2a849e-efc8-4882-a626-45673e59cd1a,Clarification,"The Exchange has sought clarification from HDFC Bank Ltd on March 23, 2026, with reference to news appeared in https://www.businesstoday.in dated March 23, 2026 quoting ""HDFC Bank shares ....",False,2026-03-23
500180_48,500180,HDFC Bank Ltd,2023-10-25 23:12:33.973,DissemDT,Routine / Lower Signal,Other,1,5ce0c811-7939-4f01-a9c3-673f2a85e17d,General,"Grant of Stock Options under Employee Stock Option Schemes- ESOS 48, ESOS 49, ESOS 50 and ESOS 51 and Grant of Units under Employees'' Stock Inventive Master Scheme- 2022- RSU 005 and RSU 006",False,2023-10-25
500180_480,500180,HDFC Bank Ltd,2026-03-23 23:40:21.897,DissemDT,Potentially Price-Sensitive,Business / Strategic,1,8d19e547-bb0a-42f2-a1db-0728a401bb6d,Other,Clarification on a news article,False,2026-03-23
500180_481,500180,HDFC Bank Ltd,2026-03-24 06:04:49.543,DissemDT,Potentially Price-Sensitive,Board / Management,1,e7309da1-0fe3-4833-b6ca-a436cfdbbce3,General,Appointment of external law firms,False,2026-03-24
500180_482,500180,HDFC Bank Ltd,2026-03-24 13:50:31.023,DissemDT,Potentially Price-Sensitive,Corporate Actions,1,8e122eb8-a451-445a-b9aa-dd1beb1594ef,Allotment of ESOP / ESPS,Allotment of Equity Shares under ESOP/RSU,False,2026-03-24
500180_483,500180,HDFC Bank Ltd,2026-03-24 22:14:48.150,DissemDT,Potentially Price-Sensitive,Financial Results,1,4b42d2c1-2ada-49b5-a331-e9fdbc7df06c,Board Meeting,"HDFC Bank Ltdhas informed BSE that the meeting of the Board of Directors of the Company is scheduled on 18/04/2026 ,inter alia, to consider and approve audited standalone financial results ....",True,2026-03-24
500180_484,500180,HDFC Bank Ltd,2026-03-26 16:11:41.193,DissemDT,Potentially Price-Sensitive,Board / Management,1,8996e407-7b67-4510-ad82-e670e64fc4a3,Change in Directorate,Re-appointment of Dr. (Mrs.) Sunita Maheshwari as an Independent Director of HDFC Bank Limited,False,2026-03-26
500180_485,500180,HDFC Bank Ltd,2026-03-27 09:52:52.403,DissemDT,Potentially Price-Sensitive,Board / Management,1,84393b7d-c14c-4c7e-bafd-bdd630d8a435,Postal Ballot,Notice of Postal Ballot,False,2026-03-27
500180_486,500180,HDFC Bank Ltd,2026-03-28 15:03:24.093,DissemDT,Routine / Lower Signal,Regulatory / Compliance,1,91bf09c5-61f4-4043-bf8d-cfbabef24159,Newspaper Publication,Newspaper publication confirming the dispatch of Postal Ballot Notice,False,2026-03-28
500180_487,500180,HDFC Bank Ltd,2026-04-02 08:51:17.817,DissemDT,Potentially Price-Sensitive,Business / Strategic,1,42c6474b-84ef-4e04-9218-537e256ba856,"Disclosures under Reg. 29(2) of SEBI (SAST) Regulations, 2011","The Exchange has received the disclosure under Regulation 29(2) of SEBI (Substantial Acquisition of Shares & Takeovers) Regulations, 2011 for SBICAP Trustee Company Ltd",False,2026-04-02
500180_488,500180,HDFC Bank Ltd,2026-04-02 18:15:34.327,DissemDT,Potentially Price-Sensitive,Board / Management,2,"cda85a0d-9e36-4817-bab0-aa7336ace34b, fc5cfac3-17ab-454f-b1cb-1bbaedaaa3a5",General; Board Meeting,"Intimation of ESG rating || HDFC Bank Ltdhas informed BSE that the meeting of the Board of Directors of the Company is scheduled on 18/04/2026 ,inter alia, to consider and approve In continuation of our intimation ....",False,2026-04-02
500180_489,500180,HDFC Bank Ltd,2026-04-03 15:32:08.933,DissemDT,Routine / Lower Signal,Regulatory / Compliance,1,ae789af3-d0ae-4d64-b48b-e739c0f84f4e,Newspaper Publication,Newspaper publication regarding special window for transfer and dematerialisation of physical shares of HDFC Bank Limited,False,2026-04-03
500180_49,500180,HDFC Bank Ltd,2023-10-30 21:05:19.643,DissemDT,Context-Dependent,Investor / Analyst,1,40496a47-69ca-4f47-8b75-d5288a439d19,Analyst / Investor Meet,"Analyst/ Institutional Investor Meetings under the SEBI (Listing Obligations and Disclosure Requirements) Regulations, 2015",False,2023-10-30
500180_490,500180,HDFC Bank Ltd,2026-04-04 08:36:12.310,DissemDT,Routine / Lower Signal,Regulatory / Compliance,1,8c8ea48b-121f-4d52-aa8e-1b2b61812580,General,"Intimation under SEBI (Listing Obligations and Disclosure Requirements) Regulations, 2015",False,2026-04-04
500180_491,500180,HDFC Bank Ltd,2026-04-07 15:43:06.797,DissemDT,Routine / Lower Signal,Regulatory / Compliance,1,9cc7eebb-7fb7-4028-a771-207729140ee0,Newspaper Publication,Publication of notice in newspaper for transfer of equity shares to IEPF authority,False,2026-04-07
500180_492,500180,HDFC Bank Ltd,2026-04-13 17:20:44.923,DissemDT,Potentially Price-Sensitive,Financial Results,1,f5cc6e51-99d5-48ed-9079-3ca74fd99d9b,Analyst / Investor Meet,"Earnings call in relation to the audited standalone and consolidated financial results of HDFC Bank Limited for the quarter and year ended March 31, 2026",True,2026-04-13
500180_493,500180,HDFC Bank Ltd,2026-04-14 15:29:40.473,DissemDT,Potentially Price-Sensitive,Financial Results,1,ccd0ad2d-4ac6-4feb-9fb5-b3914dd9e0ba,Analyst / Investor Meet,"Update on the Earnings call in relation to the audited standalone and consolidated financial results of HDFC Bank Limited for the quarter and year ended March 31, 2026",True,2026-04-14
500180_494,500180,HDFC Bank Ltd,2026-04-16 15:35:53.743,DissemDT,Routine / Lower Signal,Regulatory / Compliance,1,1ae2e150-8da2-4946-bc5c-ea222e3a9eb4,"Certificate under Reg. 74 (5) of SEBI (DP) Regulations, 2018","Certificate under Regulation 74(5) of the SEBI (Depositories and Participants) Regulations, 2018 for the quarter ended March 31, 2026",False,2026-04-16
500180_495,500180,HDFC Bank Ltd,2026-04-16 16:40:14.603,DissemDT,Routine / Lower Signal,Other,1,eb97114c-f475-453d-889a-5b8603605c15,General,Investment in the equity shares of HDFC Life Insurance Company Limited,False,2026-04-16
500180_496,500180,HDFC Bank Ltd,2026-04-18 14:45:54.733,DissemDT,Potentially Price-Sensitive,Financial Results,3,"121e4ed1-888b-409e-9f57-bbc1e86ca250, 874d4397-a4d6-4bbb-8776-87760d165213, 7bc1462c-69f8-4db0-94b7-966b3f0c1320",Outcome of Board Meeting; Dividend; Financial Results,"Outcome of the Board Meeting held on April 18, 2026 || The Board has recommended a final dividend of Rs. 13 per equity share of Rs. 1 each for the year ended March 31, 2026 subject to approval of the shareholders at the forthcoming annual general meeting || Financial Results including the audited standalone and consolidated financial results of the Bank for the quarter and year ended March 31, 2026",True,2026-04-18
500180_497,500180,HDFC Bank Ltd,2026-04-18 15:41:26.007,DissemDT,Context-Dependent,Investor / Analyst,1,81de666e-1b0a-494b-8fe9-e3dbf3904d0e,Analyst / Investor Meet,Presentation to be made at the Earnings Call,False,2026-04-18
500180_498,500180,HDFC Bank Ltd,2026-04-18 19:50:39.623,DissemDT,Routine / Lower Signal,Regulatory / Compliance,1,e58710d8-4405-4c0b-911e-d4a558f03c48,Retirement,Retirement of Mr. Bhavesh Zaveri,False,2026-04-18
500180_499,500180,HDFC Bank Ltd,2026-04-18 22:23:39.170,DissemDT,Potentially Price-Sensitive,Financial Results,1,2817301b-67a8-4903-84e4-cdebc9bcfdfd,Analyst / Investor Meet,"Audio Recording of Earnings Call in relation to the audited standalone and consolidated financial results of the HDFC Bank Limited ('the Bank') for the quarter and year ended March 31, 2026",True,2026-04-18
500180_5,500180,HDFC Bank Ltd,2023-08-25 17:09:41.820,DissemDT,Potentially Price-Sensitive,Board / Management,1,f075ad2a-299d-49a0-8702-7e2d0a35b778,General,Re-appointment of Chief Risk Officer of HDFC Bank Limited,False,2023-08-25
500180_50,500180,HDFC Bank Ltd,2023-11-01 16:23:34.620,DissemDT,Potentially Price-Sensitive,Board / Management,1,480690ac-cb2c-41a6-a516-d59b4f25acb3,General,"Disclosure under Regulation 30 of the SEBI ( Listing Obligations and Disclosure Requirements) Regulations, 2015- Appointment of Chief of Internal Vigilance of the Bank",False,2023-11-01
500180_500,500180,HDFC Bank Ltd,2026-04-20 11:50:52.960,DissemDT,Potentially Price-Sensitive,Board / Management,1,e7d27a1e-036f-49ef-a5cb-8065543caa06,Postal Ballot,Notice of Postal Ballot,False,2026-04-20
500180_501,500180,HDFC Bank Ltd,2026-04-20 12:53:37.053,DissemDT,Routine / Lower Signal,Regulatory / Compliance,1,4b93658d-c5ba-4180-bfd6-d159e489251f,Newspaper Publication,Copy of newspaper publication,False,2026-04-20
500180_502,500180,HDFC Bank Ltd,2026-04-21 13:45:23.687,DissemDT,Routine / Lower Signal,Regulatory / Compliance,1,54120159-3628-4428-bdde-bc0f9d820b7a,Newspaper Publication,Copy of Newspaper Publication,False,2026-04-21
500180_503,500180,HDFC Bank Ltd,2026-04-22 14:34:09.433,DissemDT,Potentially Price-Sensitive,Corporate Actions,1,500e75f3-0b0c-4ef9-a278-103e536e5c9e,Allotment of ESOP / ESPS,"Allotment of 17,84,256 equity shares under ESOP/RSU",False,2026-04-22
500180_504,500180,HDFC Bank Ltd,2026-04-24 15:45:11.887,DissemDT,Potentially Price-Sensitive,Financial Results,1,2ad72d43-c5ec-497d-9bf0-0b8187781498,Analyst / Investor Meet,"Transcript of Earnings Call in relation to the audited standalone and consolidated financial results of the HDFC Bank Limited for the quarter and year ended March 31, 2026",True,2026-04-24
500180_505,500180,HDFC Bank Ltd,2026-04-27 14:36:14.687,DissemDT,Potentially Price-Sensitive,Board / Management,1,16a2c55b-0068-40a3-a14f-c86816fcf5c5,Postal Ballot,"Intimation under Regulation 30 and 44 of SEBI (Listing Obligation and Disclosure Requirements) Regulations, 2015",False,2026-04-27
500180_506,500180,HDFC Bank Ltd,2026-04-29 12:34:42.120,DissemDT,Potentially Price-Sensitive,Corporate Actions,1,630a02df-dd02-48b5-a685-6708f8732a0f,Allotment of ESOP / ESPS,Allotment of 383322 equity shares pursuant to exercise of ESOP/RSU,False,2026-04-29
500180_507,500180,HDFC Bank Ltd,2026-05-06 22:20:29.610,DissemDT,Routine / Lower Signal,Other,1,0520ec3f-f287-485a-b18f-d2fd9e2c41e9,General,Receipt of approval from the Reserve Bank of India to HDFC Bank Limited for making investment in ICICI Bank Limited and Kotak Mahindra Bank Limited,False,2026-05-06
500180_508,500180,HDFC Bank Ltd,2026-05-13 17:05:59.883,DissemDT,Potentially Price-Sensitive,Corporate Actions,1,50101cea-fa68-4e43-9f33-6654f910b46a,General,Newspaper publication on communication to shareholders regarding deduction of tax at source on dividend,False,2026-05-13
500180_509,500180,HDFC Bank Ltd,2026-05-19 16:20:51.820,DissemDT,Potentially Price-Sensitive,Corporate Actions,1,1d688cbd-125e-4dc0-a4f0-27bfaeb5cf85,Allotment of ESOP / ESPS,Allotment of Equity Shares under ESOP,False,2026-05-19
500180_51,500180,HDFC Bank Ltd,2023-11-01 17:11:24.650,DissemDT,Context-Dependent,Investor / Analyst,1,b3d37c75-576a-4d75-9900-281aa2a3fd9e,General,Intimation of Schedule of Analyst/ Institutional Investor Meetings,False,2023-11-01
500180_510,500180,HDFC Bank Ltd,2026-05-20 21:44:20.280,DissemDT,Potentially Price-Sensitive,Board / Management,1,8ce6c9d3-d28f-4620-9d81-a2bcfce5b72d,Postal Ballot,"Intimation under Regulations 30 and 44 of the SEBI (Listing Obligations and Disclosure Requirements) Regulations, 2015",False,2026-05-20
500180_511,500180,HDFC Bank Ltd,2026-05-26 15:54:03.400,DissemDT,Context-Dependent,Investor / Analyst,1,e6fb90bc-702a-4a48-8c60-f3635fd7bd83,General,Publication of Notice in newspapers for transfer of equity shares to Investor Education and Protection Fund (IEPF),False,2026-05-26
500180_512,500180,HDFC Bank Ltd,2026-05-26 17:10:03.603,DissemDT,Context-Dependent,Investor / Analyst,1,b675787a-243c-4f12-81c4-d7b497969534,Analyst / Investor Meet,"Intimation of Schedule of Analyst / Institutional Investor Meetings under Regulation 30 of the SEBI (Listing Obligations and Disclosure Requirements) Regulations, 2015",False,2026-05-26
500180_513,500180,HDFC Bank Ltd,2026-05-27 20:34:09.607,DissemDT,Routine / Lower Signal,Regulatory / Compliance,1,e861269e-8b53-41b7-9134-a878717b6a12,Clarification,"The Exchange has sought clarification from HDFC Bank Ltd with respect to news article appearing on https://www.fortuneindia.com/ dated May 27, 2026 (Link: https://www.fortuneindia.com/markets/hdfc-bank-shares-slide-25-amid-reports-of-internal-probe-into-45-crore-payment-to-state-transport-firm/139974) ....",False,2026-05-27
500180_514,500180,HDFC Bank Ltd,2026-05-28 21:29:42.280,DissemDT,Potentially Price-Sensitive,Business / Strategic,1,b05262e1-6b0c-4c07-8df9-292b32df963f,Other,Clarificatory response to the Letter/Email received on the news item appearing in Media/Publication,False,2026-05-28
500180_515,500180,HDFC Bank Ltd,2026-05-29 12:09:25.173,DissemDT,Potentially Price-Sensitive,Corporate Actions,1,e059788f-78bc-4829-9107-769f82b01fe4,Allotment of ESOP / ESPS,Allotment of 1316960 equity shares pursuant to exercise of ESOP/RSU,False,2026-05-29
500180_516,500180,HDFC Bank Ltd,2026-06-02 13:03:54.890,DissemDT,Routine / Lower Signal,Regulatory / Compliance,1,11945619-1a24-4d7c-bac7-fa8288088a8f,Newspaper Publication,Newspaper publication regarding special window for transfer and dematerialisation of physical shares of HDFC Bank Limited,False,2026-06-02
500180_517,500180,HDFC Bank Ltd,2026-06-16 14:29:01.037,DissemDT,Potentially Price-Sensitive,Corporate Actions,1,fb41cbd3-f975-4172-84d6-6e3f5b4534e9,Allotment of ESOP / ESPS,Allotment of 3160300 Equity Shares under ESOP/RSU,False,2026-06-16
500180_518,500180,HDFC Bank Ltd,2026-06-18 16:47:31.240,DissemDT,Potentially Price-Sensitive,Board / Management,1,25ff7a4f-e36d-4596-95d3-0bc1f43d1649,General,Updates: (a) Receipt of approval from the Reserve Bank of India for extension of tenure of Mr. Keki Mistry as an interim Part-time Chairman of the Bank; and (b) Outcome of the Board Meeting ....,False,2026-06-18
500180_519,500180,HDFC Bank Ltd,2026-06-23 20:51:56.953,DissemDT,Potentially Price-Sensitive,Financial Results,1,7b83c462-2be5-4ca5-aea1-009d0d9cf4c0,Board Meeting,"HDFC Bank Ltdhas informed BSE that the meeting of the Board of Directors of the Company is scheduled on 18/07/2026 ,inter alia, to consider and approve unaudited standalone and consolidated ....",True,2026-06-23
500180_52,500180,HDFC Bank Ltd,2023-11-06 15:01:58.630,DissemDT,Routine / Lower Signal,Regulatory / Compliance,1,b159428f-a77e-4275-aa96-25cae151d46d,Reg. 39 (3) - Details of Loss of Certificate / Duplicate Certificate,Intimation regarding Loss of Share Certificate,False,2023-11-06
500180_520,500180,HDFC Bank Ltd,2026-06-25 12:23:34.493,DissemDT,Potentially Price-Sensitive,Corporate Actions,1,741bddf8-1439-4e57-94e4-e70541473af0,Allotment of ESOP / ESPS,"Allotment of 5,18,036 equity shares pursuant to exercise of ESOP/RSU",False,2026-06-25
500180_521,500180,HDFC Bank Ltd,2026-06-26 15:04:21.930,DissemDT,Routine / Lower Signal,Regulatory / Compliance,1,6b3bff34-84f8-40bd-9d87-4b2e29f095b9,Newspaper Publication,Newspaper advertisement- Notice of the 32nd Annual General Meeting of HDFC Bank Limited and other related information,False,2026-06-26
500180_522,500180,HDFC Bank Ltd,2026-06-26 21:36:45.577,DissemDT,Routine / Lower Signal,Other,1,289cd89e-b748-4876-a91c-449fd6205768,General,HDFC Bank Limited Announces Conclusion of Previously Announced Legal Review,False,2026-06-26
500180_523,500180,HDFC Bank Ltd,2026-06-29 20:22:22.930,DissemDT,Potentially Price-Sensitive,Board / Management,1,ed9549f4-bda1-445f-b470-b0b2c23110b6,Change in Directorate,"Disclosure under Regulation 30 of the SEBI (Listing obligations and Disclosure Requirements) Regulations, 2015- Appointment of Mr. Rajiv Kumar as Part-time Chairman and Additional (Independent) ....",False,2026-06-29
500180_524,500180,HDFC Bank Ltd,2026-06-29 22:32:50.273,DissemDT,Routine / Lower Signal,Regulatory / Compliance,1,d3c41620-2014-4c5d-a653-fa3ed89f596f,Change in Management,"Disclosure under Regulation 30 of the SEBI (Listing Obligations and Disclosure Requirements) Regulations, 2015",False,2026-06-29
500180_525,500180,HDFC Bank Ltd,2026-07-04 09:04:20.740,DissemDT,Routine / Lower Signal,Regulatory / Compliance,1,65387f45-5c3c-473c-9dc3-ee04aec67d53,General,"Intimation under SEBI (Listing Obligations and Disclosure Requirements) Regulations, 2015",False,2026-07-04
500180_526,500180,HDFC Bank Ltd,2026-07-09 17:09:53.533,DissemDT,Potentially Price-Sensitive,Financial Results,1,aafd2aa9-b038-4153-9420-1ae22cd314e5,Analyst / Investor Meet,"Earnings call in relation to the unaudited standalone and consolidated financial results of HDFC Bank Limited for the quarter ended June 30, 2026",True,2026-07-09
500180_527,500180,HDFC Bank Ltd,2026-07-10 23:50:46.327,DissemDT,Potentially Price-Sensitive,Board / Management,3,"0e70249b-e200-445a-bccd-e374b5b27ba7, 154f0bb5-3361-4555-b37e-12f92a188c2d, c897d948-ce81-428f-9f57-f460b2cf5663",AGM; Business Responsibility and Sustainability Reporting (BRSR); Reg. 34 (1) Annual Report,Notice of the 32nd Annual General Meeting and Integrated Annual Report for FY 2025-26 || Business Responsibility and Sustainability Reporting for FY 2025-26 || Integrated Annual Report for FY 2025-26,False,2026-07-10
500180_528,500180,HDFC Bank Ltd,2026-07-12 14:33:20.370,DissemDT,Routine / Lower Signal,Regulatory / Compliance,1,ff4700f1-2662-4ff9-9749-fe9e2afb747e,Newspaper Publication,Copy of Newspaper Publication,False,2026-07-12
500180_529,500180,HDFC Bank Ltd,2026-07-15 17:00:31.020,DissemDT,Potentially Price-Sensitive,Board / Management,1,4bae54d2-9fb6-4d34-b5e5-e549a56e4f37,General,Receipt of approval from the Reserve Bank of India for appointment of Mr. Rajiv Kumar as Part-time Chairman of the Bank,False,2026-07-15
500180_53,500180,HDFC Bank Ltd,2023-11-07 14:40:22.357,DissemDT,Routine / Lower Signal,Regulatory / Compliance,1,f0da13ff-7e11-4895-9d2d-53478fb392f3,Reg. 39 (3) - Details of Loss of Certificate / Duplicate Certificate,Notice for loss/ misplacement of share certificates,False,2023-11-07
500180_530,500180,HDFC Bank Ltd,2026-07-16 11:06:25.983,DissemDT,Routine / Lower Signal,Regulatory / Compliance,1,72e5c9f0-7613-4309-bd36-27f42544d7d7,"Certificate under Reg. 74 (5) of SEBI (DP) Regulations, 2018","Certificate under Regulation 74(5) of the SEBI (Depositories and Participants) Regulations, 2018 for the quarter ended June 30, 2026",False,2026-07-16
500180_531,500180,HDFC Bank Ltd,2026-07-18 14:22:51.453,DissemDT,Potentially Price-Sensitive,Financial Results,2,"2d57b8ec-8a8b-4fd6-a793-9fd088561102, 504d44c3-9c2a-4d9c-b247-bec01839eaab",Outcome of Board Meeting; Financial Results,"Outcome of the Board Meeting held on July 18, 2026 || Unaudited standalone and consolidated financial results of the Bank for the quarter ended June 30, 2026",True,2026-07-18
500180_532,500180,HDFC Bank Ltd,2026-07-18 15:18:18.600,DissemDT,Context-Dependent,Investor / Analyst,1,74a4410e-c368-4058-bce8-bf2318c2599f,Analyst / Investor Meet,Presentation to be made at the Earnings Call,False,2026-07-18
500180_533,500180,HDFC Bank Ltd,2026-07-18 21:44:19.860,DissemDT,Potentially Price-Sensitive,Financial Results,1,b721d49a-325d-4aff-966e-101c5a3b6323,Analyst / Investor Meet,"Audio Recording of Earnings Call in relation to the unaudited standalone and consolidated financial results of HDFC Bank Limited for the quarter ended June 30, 2026",True,2026-07-18
500180_534,500180,HDFC Bank Ltd,2026-07-21 13:51:06.687,DissemDT,Potentially Price-Sensitive,Corporate Actions,1,1d76ca7a-6600-4c63-afbf-cfdfb9b9f985,Allotment of ESOP / ESPS,Allotment of 3815292 equity shares pursuant to exercise of ESOP/RSU,False,2026-07-21
500180_535,500180,HDFC Bank Ltd,2026-07-24 15:52:36.740,DissemDT,Potentially Price-Sensitive,Financial Results,1,bdd09d50-a84f-4f03-8995-4cc68c39dc8a,Analyst / Investor Meet,"Transcript of Earnings Call in relation to the unaudited standalone and consolidated financial results of the HDFC Bank Limited for the quarter ended June 30, 2026",True,2026-07-24
500180_536,500180,HDFC Bank Ltd,2026-07-24 19:07:05.070,DissemDT,Routine / Lower Signal,Regulatory / Compliance,1,2d5dc6dd-57bd-42d2-bcdd-637c828bb8fd,General,"Exercise of call option on US$1,000,000,000 3.7% Additional Tier 1 Notes issued by HDFC Bank Limited",False,2026-07-24
500180_537,500180,HDFC Bank Ltd,2026-07-27 15:56:57.080,DissemDT,Routine / Lower Signal,Other,1,8857a43b-1490-496d-952a-05d68f8ace32,General,HDFC Bank Limited announces conclusion of internal review pertaining to Maharashtra State Road Development Corporation arrangement,False,2026-07-27
500180_538,500180,HDFC Bank Ltd,2026-07-31 12:05:33.023,DissemDT,Potentially Price-Sensitive,Corporate Actions,2,"f29c34cb-aaf6-44a0-a489-e5ee25964d53, dfbaf156-98c9-481a-9c15-1649aa1e5128",Allotment of ESOP / ESPS; General,Allotment of 4248902 equity shares pursuant to exercise of ESOP/RSU || Newspaper publication regarding special window for transfer and dematerialisation of physical shares of HDFC Bank Limited,False,2026-07-31
500180_539,500180,HDFC Bank Ltd,2026-08-05 21:06:57.290,DissemDT,Potentially Price-Sensitive,Board / Management,2,"bf39a759-c4dc-4a51-a524-6238139b6d10, 23ece895-c034-4458-8803-800b2f529da3",AGM,"Intimation under Regulations 30 and 44 of the SEBI (Listing Obligations and Disclosure Requirements) Regulations, 2015 || Intimation under Regulations 30 and 44 of the SEBI (Listing Obligations and Disclosure Requirements) Regulations, 2015",False,2026-08-05
500180_54,500180,HDFC Bank Ltd,2023-11-09 09:08:55.290,DissemDT,Context-Dependent,Investor / Analyst,1,2b5ef2d0-10cc-4f00-ba61-cbc1af902b22,General,Intimation of Schedule of Analyst/ Institutional Investor Meeting,False,2023-11-09
500180_540,500180,HDFC Bank Ltd,2026-08-13 16:21:49.777,DissemDT,Context-Dependent,Investor / Analyst,1,a8e43384-e198-4e73-b137-60107113ccf0,Analyst / Investor Meet,"Intimation of Schedule of Analyst / Institutional Investor Meetings under Regulation 30 of the SEBI (Listing Obligations and Disclosure Requirements) Regulations, 2015",False,2026-08-13
500180_541,500180,HDFC Bank Ltd,2026-08-14 14:10:20.837,DissemDT,Potentially Price-Sensitive,Corporate Actions,1,fdedca80-5ed5-459b-8b46-6d9020656e72,Allotment of ESOP / ESPS,Allotment of 1729212 equity shares pursuant to exercise of ESOP/RSU,False,2026-08-14
500180_542,500180,HDFC Bank Ltd,2026-08-16 19:43:27.497,DissemDT,Context-Dependent,Investor / Analyst,1,dfebd7ae-ef5c-498b-bd7e-d6c9f5287d66,Analyst / Investor Meet,"Intimation of Schedule of Analyst / Institutional Investor Meetings under Regulation 30 of the SEBI (Listing Obligations and Disclosure Requirements) Regulations, 2015",False,2026-08-16
500180_543,500180,HDFC Bank Ltd,2026-08-19 22:52:54.670,DissemDT,Potentially Price-Sensitive,Credit / Financing,2,"391541fa-8d4b-41b6-9304-1e15bed1d5d8, d4395f8a-6089-4a17-8dec-385a6acb2b67",General; Credit Rating,"Intimation under Securities and Exchange Board of India (Listing Obligations and Disclosure Requirements) Regulations, 2015 (""SEBI Listing Regulations"") || Intimation of Credit Rating pursuant to Regulation 30 of SEBI (Listing Obligations and Disclosure Requirements) Regulations, 2015 (""SEBI Listing Regulations"")",False,2026-08-19
500180_55,500180,HDFC Bank Ltd,2023-11-10 20:23:42.803,DissemDT,Potentially Price-Sensitive,Corporate Actions,1,5a561793-35e6-4e8c-b36a-f25b5af4e098,Allotment of ESOP / ESPS,Allotment of equity shares under ESOP,False,2023-11-10
500180_56,500180,HDFC Bank Ltd,2023-11-13 14:55:09.867,DissemDT,Routine / Lower Signal,Regulatory / Compliance,1,b76e861d-54e4-46bc-bffc-952a39fbc030,Reg. 39 (3) - Details of Loss of Certificate / Duplicate Certificate,Intimation regarding loss of share certificate,False,2023-11-13
500180_57,500180,HDFC Bank Ltd,2023-11-15 13:36:46.047,DissemDT,Routine / Lower Signal,Regulatory / Compliance,1,fd3f5f9c-6b2b-4a90-8d72-24b559941b87,Reg. 39 (3) - Details of Loss of Certificate / Duplicate Certificate,Notice for loss/ misplacement of share certificate,False,2023-11-15
500180_58,500180,HDFC Bank Ltd,2023-11-16 17:49:38.573,DissemDT,Context-Dependent,Investor / Analyst,1,70a94121-65a9-4109-9406-bc28afffbcb3,General,Intimation of Schedule of Analyst/ Institutional Investor meetings,False,2023-11-16
500180_59,500180,HDFC Bank Ltd,2023-11-21 19:57:47.940,DissemDT,Potentially Price-Sensitive,Corporate Actions,1,a8170c00-bce0-4841-b952-5744125a5589,General,Allotment of equity shares under ESOP,False,2023-11-21
500180_6,500180,HDFC Bank Ltd,2023-08-25 20:57:51.650,DissemDT,Potentially Price-Sensitive,Corporate Actions,1,4b0559f7-96dd-4329-8ca5-b26d2a612ea8,Allotment of ESOP / ESPS,Allotment of Equity shares under ESOP,False,2023-08-25
500180_60,500180,HDFC Bank Ltd,2023-11-22 16:51:31.707,DissemDT,Context-Dependent,Investor / Analyst,1,f479d5ab-8d05-4942-a909-299c14e8c174,General,Intimation of Schedule of Analyst/ Institutional Investor Meetings,False,2023-11-22
500180_61,500180,HDFC Bank Ltd,2023-11-23 22:57:19.453,DissemDT,Potentially Price-Sensitive,Board / Management,1,b750d772-6c81-4290-8f3b-bd10f6dda7cd,Change in Directorate,Appointment of Executive Director,False,2023-11-23
500180_62,500180,HDFC Bank Ltd,2023-11-27 09:05:51.487,DissemDT,Potentially Price-Sensitive,Board / Management,1,dc85d2cc-a09f-456d-8cc6-c58af0938191,Change in Management,Appointment of Additional Independent Director and appointment of Executive Director,False,2023-11-27
500180_63,500180,HDFC Bank Ltd,2023-11-27 17:45:12.343,DissemDT,Routine / Lower Signal,Regulatory / Compliance,1,5734c6f3-1a17-477c-bbff-b2211a0da9a2,Reg. 39 (3) - Details of Loss of Certificate / Duplicate Certificate,Intimation regarding loss of share certificate,False,2023-11-27
500180_64,500180,HDFC Bank Ltd,2023-11-28 14:15:51.590,DissemDT,Routine / Lower Signal,Regulatory / Compliance,1,3d2f35ef-3246-4587-9184-d2dd79995c6e,Reg. 39 (3) - Details of Loss of Certificate / Duplicate Certificate,Notice for loss/ misplacement of share certificate,False,2023-11-28
500180_65,500180,HDFC Bank Ltd,2023-11-29 16:28:47.567,DissemDT,Context-Dependent,Investor / Analyst,1,657fdc5b-c6d4-4ab7-97d6-bb27d6a2f2c4,General,Intimation of Schedule of Analyst/ Institutional Investor Meetings,False,2023-11-29
500180_66,500180,HDFC Bank Ltd,2023-11-30 17:50:07.653,DissemDT,Routine / Lower Signal,Regulatory / Compliance,1,6d32e8a4-1945-4e68-93a0-1dda8d2730b4,General,"Intimation under Regulation 30 of SEBI (Listing Obligations and Disclosure Requirements) Regulations, 2015",False,2023-11-30
500180_67,500180,HDFC Bank Ltd,2023-12-01 14:09:44.913,DissemDT,Context-Dependent,Investor / Analyst,1,901aa4dc-72c6-4585-9462-218c5d5e89e2,General,Intimation of Schedule of Analyst/ Institutional Investor Meetings,False,2023-12-01
500180_68,500180,HDFC Bank Ltd,2023-12-04 16:36:30.937,DissemDT,Routine / Lower Signal,Regulatory / Compliance,1,0095e811-ec6f-46b7-8095-a19523d568dd,Reg. 39 (3) - Details of Loss of Certificate / Duplicate Certificate,Intimation regarding loss of share certificate,False,2023-12-04
500180_69,500180,HDFC Bank Ltd,2023-12-05 16:37:52.470,DissemDT,Routine / Lower Signal,Regulatory / Compliance,1,072e1afe-73be-421c-9def-8f5096c355fc,Reg. 39 (3) - Details of Loss of Certificate / Duplicate Certificate,Notice for loss/misplacement of share certificate,False,2023-12-05
500180_7,500180,HDFC Bank Ltd,2023-08-28 12:17:20.157,DissemDT,Routine / Lower Signal,Regulatory / Compliance,1,8dd072a4-d79f-4b1e-8912-df3cab7fc7a2,Reg. 39 (3) - Details of Loss of Certificate / Duplicate Certificate,Intimation regarding loss of share certificates,False,2023-08-28
500180_70,500180,HDFC Bank Ltd,2023-12-05 18:53:38.130,DissemDT,Potentially Price-Sensitive,Board / Management,1,7cd1604d-18c4-4579-b6e1-9da8e9edf704,Postal Ballot,"Intimation under Regulation 30 of the Securities and Exchange Board of India (Listing Obligations and Disclosure Requirements) Regulations, 2015- Notice of Postal Ballot",False,2023-12-05
500180_71,500180,HDFC Bank Ltd,2023-12-11 17:45:53.630,DissemDT,Potentially Price-Sensitive,Corporate Actions,2,"64088fb5-3775-4527-919c-b0febd87725c, 49cdef48-70fc-4b7b-bee8-c8d567e328d6",Allotment of ESOP / ESPS; Reg. 39 (3) - Details of Loss of Certificate / Duplicate Certificate,Allotment of equity shares under ESOP || Intimation regarding loss of share certificate,False,2023-12-11
500180_72,500180,HDFC Bank Ltd,2023-12-12 16:00:09.983,DissemDT,Routine / Lower Signal,Regulatory / Compliance,1,564ad08d-8ff9-4840-916f-3da1fc8e851c,Reg. 39 (3) - Details of Loss of Certificate / Duplicate Certificate,Notice for loss / misplacement of share certificate,False,2023-12-12
500180_73,500180,HDFC Bank Ltd,2023-12-13 19:08:17.650,DissemDT,Routine / Lower Signal,Regulatory / Compliance,1,96ef4de7-58df-454f-8bf1-e8e8444ed68b,General,"Disclosure under Regulations 30 of the SEBI (Listing Obligations and Disclosure Requirements Regulations, 2015- Approval received from National Stock Exchange of India Limited and BSE Limited ....",False,2023-12-13
500180_74,500180,HDFC Bank Ltd,2023-12-18 15:19:17.007,DissemDT,Routine / Lower Signal,Regulatory / Compliance,1,5a0bf584-66fa-425c-83e2-e76440cafc05,Reg. 39 (3) - Details of Loss of Certificate / Duplicate Certificate,Intimation regarding loss of share certificate,False,2023-12-18
500180_75,500180,HDFC Bank Ltd,2023-12-18 20:35:22.277,DissemDT,Potentially Price-Sensitive,Corporate Actions,1,f161d286-326a-44ad-88f9-9be2e1e23ed4,Allotment of ESOP / ESPS,Allotment of equity shares under ESOP,False,2023-12-18
500180_76,500180,HDFC Bank Ltd,2023-12-19 14:43:42.153,DissemDT,Routine / Lower Signal,Regulatory / Compliance,1,2c2afef6-b59a-436d-aef7-d94c60d6c234,Reg. 39 (3) - Details of Loss of Certificate / Duplicate Certificate,Notice for loss/ misplacement of share certificate,False,2023-12-19
500180_77,500180,HDFC Bank Ltd,2023-12-20 12:33:44.967,DissemDT,Potentially Price-Sensitive,Financial Results,1,368af3fc-d8f4-4448-b37d-a00de45ae37a,Board Meeting,"HDFC Bank Ltdhas informed BSE that the meeting of the Board of Directors of the Company is scheduled on 16/01/2024 ,inter alia, to consider and approve the unaudited standalone and consolidated ....",True,2023-12-20
500180_78,500180,HDFC Bank Ltd,2023-12-20 13:26:57.220,DissemDT,Potentially Price-Sensitive,Corporate Actions,1,d1770dec-9095-4a41-b751-d39c1fbfdea3,Allotment of Equity Shares,Allotment of 7.71% HDFC Bank Infra Bonds - Series 1/2023-24,False,2023-12-20
500180_79,500180,HDFC Bank Ltd,2023-12-26 15:44:25.100,DissemDT,Routine / Lower Signal,Regulatory / Compliance,1,15e64776-6f42-4a94-9d3f-66ca8319f87c,Reg. 39 (3) - Details of Loss of Certificate / Duplicate Certificate,Intimation regarding loss of share certificate,False,2023-12-26
500180_8,500180,HDFC Bank Ltd,2023-08-29 12:44:55.427,DissemDT,Routine / Lower Signal,Regulatory / Compliance,1,086c92f0-5c4c-4f40-88fd-8e8e217de8ea,Reg. 39 (3) - Details of Loss of Certificate / Duplicate Certificate,Notice for loss/misplacement of share certificate,False,2023-08-29
500180_80,500180,HDFC Bank Ltd,2023-12-26 16:20:11.557,DissemDT,Routine / Lower Signal,Regulatory / Compliance,1,4050bc18-5e20-413a-a907-ceb27fe97bf4,Reg. 39 (3) - Details of Loss of Certificate / Duplicate Certificate,Intimation for loss of share certificate,False,2023-12-26
500180_81,500180,HDFC Bank Ltd,2023-12-27 13:04:59.263,DissemDT,Potentially Price-Sensitive,Board / Management,1,ea49cc3a-fd23-4c60-beae-c512dcb5c188,Change in Directorate,Recommendation for re-appointment of Mr. Atanu Chakraborty  as Part time Non- Executive Chairman and Independent Director of HDFC Bank Limited,False,2023-12-27
500180_82,500180,HDFC Bank Ltd,2023-12-27 21:02:58.050,DissemDT,Routine / Lower Signal,Regulatory / Compliance,1,5319b99b-73cc-4338-85c1-7a6567764dda,Reg. 39 (3) - Details of Loss of Certificate / Duplicate Certificate,Notice of loss/misplacement of share certificate,False,2023-12-27
500180_83,500180,HDFC Bank Ltd,2023-12-28 09:30:12.063,DissemDT,Routine / Lower Signal,Regulatory / Compliance,1,1ee45227-68ce-466f-aacf-4d81d9801aaa,General,"Intimation under Regulation 30 of SEBI (Listing Obligations and Disclosure Requirements ) Regulations, 2015",False,2023-12-28
500180_84,500180,HDFC Bank Ltd,2023-12-29 19:59:45.843,DissemDT,Potentially Price-Sensitive,Corporate Actions,1,9194d3e0-276a-4b55-a80b-f5a90ccfe1c1,Allotment of ESOP / ESPS,Allotment of equity shares under ESOP,False,2023-12-29
500180_85,500180,HDFC Bank Ltd,2023-12-31 17:21:44.713,DissemDT,Routine / Lower Signal,Other,1,9e3fce71-0c27-4ba0-865a-4c50f13e70db,General,Consideration of candidature of Head Internal Audit of HDFC Bank Limited,False,2023-12-31
500180_86,500180,HDFC Bank Ltd,2024-01-02 15:57:35.867,DissemDT,Routine / Lower Signal,Regulatory / Compliance,1,53617d17-7b85-4eda-a847-81d0a94c9fa6,Reg. 39 (3) - Details of Loss of Certificate / Duplicate Certificate,Intimation regarding loss of share certificate,False,2024-01-02
500180_87,500180,HDFC Bank Ltd,2024-01-03 11:41:52.060,DissemDT,Routine / Lower Signal,Regulatory / Compliance,1,d5442699-3010-454d-b58f-3b0947f8067b,Reg. 39 (3) - Details of Loss of Certificate / Duplicate Certificate,Notice for loss of share certificate,False,2024-01-03
500180_88,500180,HDFC Bank Ltd,2024-01-05 09:04:46.787,DissemDT,Routine / Lower Signal,Regulatory / Compliance,1,955f97d0-a96d-4244-8e7c-1100d996dbb9,General,"Intimation under SEBI (Listing Obligation and Disclosure Requirements) Regulations, 2015",False,2024-01-05
500180_89,500180,HDFC Bank Ltd,2024-01-08 14:01:45.833,DissemDT,Routine / Lower Signal,Regulatory / Compliance,1,72596236-4aec-4b8f-ad8a-cd6f42404a1f,Reg. 39 (3) - Details of Loss of Certificate / Duplicate Certificate,Intimation regarding loss of share certificate,False,2024-01-08
500180_9,500180,HDFC Bank Ltd,2023-08-29 18:53:26.370,DissemDT,Context-Dependent,Investor / Analyst,1,f7bbb262-4263-4633-a789-dfe0e0a2d0ee,Analyst / Investor Meet,"Intimation of Schedule of Analyst / Institutional Investor Meetings under the SEBI (Listing Obligations and Disclosure Requirements) Regulations, 2015",False,2023-08-29
500180_90,500180,HDFC Bank Ltd,2024-01-09 16:54:27.477,DissemDT,Routine / Lower Signal,Regulatory / Compliance,1,0bea3dc0-dfb0-4c3f-b603-0b99103418de,Reg. 39 (3) - Details of Loss of Certificate / Duplicate Certificate,Notice for loss of share certificates,False,2024-01-09
500180_91,500180,HDFC Bank Ltd,2024-01-11 14:40:54.927,DissemDT,Potentially Price-Sensitive,Financial Results,2,"52f576ff-b639-4e7d-8a39-41639070d88d, 7cf82df1-ea46-4968-99bc-1baa2569b865",Postal Ballot; Analyst / Investor Meet,"Result of the Postal Ballot and e-voting on resolutions of HDFC Bank Limited || Earnings call for the unaudited financial results for the third quarter and nine months ended December 31, 2023",True,2024-01-11
500180_92,500180,HDFC Bank Ltd,2024-01-11 16:13:23.550,DissemDT,Potentially Price-Sensitive,Board / Management,1,72dd56cb-aca1-42c7-aa3d-4125ed258c99,Postal Ballot,Result of the Postal Ballot and e-voting on resolutions of HDFC Bank Limited,False,2024-01-11
500180_93,500180,HDFC Bank Ltd,2024-01-15 14:02:02.147,DissemDT,Routine / Lower Signal,Regulatory / Compliance,1,bde2a3d6-3f19-4428-9b95-d2b6e909b8f9,Reg. 39 (3) - Details of Loss of Certificate / Duplicate Certificate,Intimation regarding loss of share certificate,False,2024-01-15
500180_94,500180,HDFC Bank Ltd,2024-01-16 15:53:09.723,DissemDT,Potentially Price-Sensitive,Financial Results,2,"74d41429-2eaa-48b4-b0af-03616f1d4334, 0220f7ac-faa5-4b34-9940-5281bdad6912",Outcome of Board Meeting; Press Release / Media Release,"Unaudited Financial Results of HDFC Bank Limited for the third quarter and nine months ended December 31, 2023 || Press Release on Financial Results (Indian GAAP) for the quarter and nine months ended December 31, 2023",True,2024-01-16
500180_95,500180,HDFC Bank Ltd,2024-01-16 22:20:33.903,DissemDT,Context-Dependent,Investor / Analyst,1,6010155a-a004-4b42-b093-9ac5ccccc9f0,Analyst / Investor Meet,"Presentation and Audio Recording of Earnings Call for the quarter ended December 31, 2023",False,2024-01-16
500180_96,500180,HDFC Bank Ltd,2024-01-19 16:00:58.013,DissemDT,Routine / Lower Signal,Regulatory / Compliance,1,d3d40d78-341a-42f1-b430-219b2a2b8c7a,"Certificate under Reg. 74 (5) of SEBI (DP) Regulations, 2018","Certificate for the quarter ended December 31, 2023",False,2024-01-19
500180_97,500180,HDFC Bank Ltd,2024-01-19 20:48:03.977,DissemDT,Potentially Price-Sensitive,Corporate Actions,1,67c14c47-221e-40f7-aeaa-593239b2201b,Allotment of ESOP / ESPS,Allotment of Equity Shares under ESOP,False,2024-01-19
500180_98,500180,HDFC Bank Ltd,2024-01-23 12:49:47.580,DissemDT,Context-Dependent,Investor / Analyst,3,"ebb35dc7-09a9-4fc9-8f7b-0e755cd4d337, 4c45fdd5-6eb1-4303-b409-35b8626e9a31, b9a32068-998d-4dc3-9ba0-3175b02198b4",General; Reg. 39 (3) - Details of Loss of Certificate / Duplicate Certificate,"Transcript of Earnings Call for the third quarter ended December 31, 2023 || Intimation regarding Loss of Share Certificate || Grant of Stock Options under Employee Stock Schemes - ESOS 52 and ESOS 53",False,2024-01-23
500180_99,500180,HDFC Bank Ltd,2024-01-23 23:12:43.230,DissemDT,Routine / Lower Signal,Other,1,27654448-b9d2-4f2f-b28b-f95a32e569a1,General,Sale of Shares of CAMS by HDFC Bank Limited,False,2024-01-23
500325_1,500325,Reliance Industries Ltd,2023-08-22 19:58:13.133,DissemDT,Context-Dependent,Investor / Analyst,3,"8dd6068c-176c-4fe7-aa17-cd60df7125b3, f65eb10d-724b-4b74-963a-b54ccc7a49dc, 38535f2a-104a-47ed-8c32-1c966af12122",General; Reg. 39 (3) - Details of Loss of Certificate / Duplicate Certificate,"This is further to the disclosure dated August 10, 2023 made by the Company . We wish to inform you that the Company''s executives participated in the following Institutional Investors'' .... || We enclose the details of Letter(s) of Confirmation issued by the Company to its shareholders, in lieu of share certificate(s) reported as lost by them. || We enclose the information regarding loss of share certificate(s) for 4,420 shares received from the shareholder(s) of the Company on August 21, 2023.",False,2023-08-22
500325_10,500325,Reliance Industries Ltd,2023-08-28 23:33:17.867,DissemDT,Potentially Price-Sensitive,Board / Management,3,"9eaa0636-906b-4441-9446-900dbe82dc06, 4bf9ce1e-88c8-4172-b318-9548702a1efe, 4ca8baf8-993e-449f-8556-26560c2039c8",AGM; Amendments to Memorandum & Articles of Association; Change in Directorate,"Please find attached, gist of proceedings of the Forty-sixth Annual General Meeting (Post-IPO) of the Company held today, i.e., Monday, August 28, 2023. || This is to inform you that at the Forty-sixth Annual General Meeting (Post-IPO) of the Company held today, i.e., August 28, 2023, the members have approved the alteration to the Memorandum .... || This is to inform you that at the Forty-sixth Annual General Meeting (Post-IPO) of the Company held today, i.e., Monday, August 28, 2023, the members have approved (i) Re-appointment of ....",False,2023-08-28
500325_100,500325,Reliance Industries Ltd,2023-12-08 19:41:51.010,DissemDT,Routine / Lower Signal,Regulatory / Compliance,1,ebbd3270-d21f-4728-a0d4-65719e658c67,Reg. 39 (3) - Details of Loss of Certificate / Duplicate Certificate,"We enclose the information regarding loss of share certificate(s) received from the shareholder(s) of the Company on December 07, 2023 and December 08, 2023 aggregating to 13,700 shares.",False,2023-12-08
500325_101,500325,Reliance Industries Ltd,2023-12-12 18:16:37.770,DissemDT,Potentially Price-Sensitive,Business / Strategic,1,4ce0c4f4-256f-4168-8d95-5d204b67c441,Acquisition,"Update on Investment in each of the five Indian wholly-owned subsidiaries of Mercury Holdings SG Pte. Ltd., (held through Mercury India SG FDI Pte. Ltd.) which is a joint venture between ....",False,2023-12-12
500325_102,500325,Reliance Industries Ltd,2023-12-12 21:53:34.697,DissemDT,Routine / Lower Signal,Regulatory / Compliance,1,d01c7c52-1afb-460f-9801-24d327d099f8,Reg. 39 (3) - Details of Loss of Certificate / Duplicate Certificate,"We enclose the information regarding loss of share certificate(s) for 9,506 shares received from the shareholder(s) of the Company on December 11, 2023.",False,2023-12-12
500325_103,500325,Reliance Industries Ltd,2023-12-13 18:27:51.713,DissemDT,Routine / Lower Signal,Regulatory / Compliance,2,"4a43f38d-5869-4875-abb3-d8e8f7e54d24, a64f5118-bc36-4bea-a695-54b35e90f1da",Reg. 39 (3) - Details of Loss of Certificate / Duplicate Certificate,"We enclose the details of Letter(s) of Confirmation issued by the Company to its shareholders, in lieu of share certificate(s) reported as lost by them. || We enclose the information regarding loss of share certificate(s) for 23,820 shares received from the shareholder(s) of the Company on December 12, 2023.",False,2023-12-13
500325_104,500325,Reliance Industries Ltd,2023-12-14 23:22:21.383,DissemDT,Potentially Price-Sensitive,Credit / Financing,1,14da6f2c-d7ff-42bd-9042-aba14d7be942,General,"This is to inform that Moody''s has reaffirmed the credit rating of ""Baa2"" with a ""Stable"" outlook issued by it for the Senior Unsecured US$ Denominated Fixed Rate Notes of the Company.",False,2023-12-14
500325_105,500325,Reliance Industries Ltd,2023-12-15 15:52:14.640,DissemDT,Potentially Price-Sensitive,Business / Strategic,1,ad50ab53-fdb9-4004-929c-61013dfa9ebf,General,"We wish to inform you that the Company has today, received the Second Tranche Amount of Rs. 50,000 per debenture from all the holders of 7.79% Secured, Redeemable, Non-Convertible Debentures ....",False,2023-12-15
500325_106,500325,Reliance Industries Ltd,2023-12-17 14:37:48.987,DissemDT,Routine / Lower Signal,Regulatory / Compliance,1,9aea0ed2-1334-4c0a-9bcc-b6a5033108f0,General,"Disclosure under Regulation 30 of the Securities and Exchange Board of India (Listing Obligations and Disclosure Requirements) Regulations, 2015 is attached",False,2023-12-17
500325_107,500325,Reliance Industries Ltd,2023-12-27 17:56:13.787,DissemDT,Routine / Lower Signal,Regulatory / Compliance,1,6e071169-97a5-4a17-b181-59c3bb9ed623,Reg. 39 (3) - Details of Loss of Certificate / Duplicate Certificate,"We enclose the information regarding loss of share certificate(s) for 12,888 shares received from the shareholder(s) of the Company on December 26, 2023.",False,2023-12-27
500325_108,500325,Reliance Industries Ltd,2023-12-28 18:40:11.450,DissemDT,Routine / Lower Signal,Regulatory / Compliance,1,5f2817bd-9387-48fc-ab26-a2a19d9ee080,Reg. 39 (3) - Details of Loss of Certificate / Duplicate Certificate,"We enclose the information regarding loss of share certificate(s) for 5,119 shares received from the shareholder(s) of the Company on December 27, 2023.",False,2023-12-28
500325_109,500325,Reliance Industries Ltd,2023-12-29 16:39:33.517,DissemDT,Potentially Price-Sensitive,Board / Management,1,04e768f3-3140-4daa-a3d7-1df5d8694f9c,Closure of Trading Window,"This is to inform that pursuant to the Reliance Code to Regulate, Monitor and Report trading by Directors, Promoters, Designated Persons and Specified Connected Persons of the Company and ....",False,2023-12-29
500325_11,500325,Reliance Industries Ltd,2023-08-29 19:22:51.677,DissemDT,Routine / Lower Signal,Regulatory / Compliance,2,"6f8af48c-82d6-4986-8f87-66507624c2fe, d22cad0b-6933-416b-8bb1-1fcaa2d48502",Reg. 39 (3) - Details of Loss of Certificate / Duplicate Certificate,"We enclose the information regarding loss of share certificate(s) for 4467 shares received from the shareholders of the Company on August 28, 2023. || We enclose information regarding issuance of letter of confirmation in lieu of share certificates lost.",False,2023-08-29
500325_110,500325,Reliance Industries Ltd,2023-12-29 18:09:37.010,DissemDT,Routine / Lower Signal,Regulatory / Compliance,1,578b9ea5-2de9-4137-96d6-c38c0604cd31,Reg. 39 (3) - Details of Loss of Certificate / Duplicate Certificate,"We enclose the information regarding loss of share certificate(s) received from the shareholder(s) of the Company on December 28, 2023 and December 29, 2023 aggregating to 10,706 shares.",False,2023-12-29
500325_111,500325,Reliance Industries Ltd,2023-12-29 23:14:32.913,DissemDT,Potentially Price-Sensitive,Credit / Financing,1,08d7312b-1169-42f2-948a-0c5157707a4e,Credit Rating,Re-affirmation of rating with respect to the bank loan facilities and Commercial Paper of the Company is attached.,False,2023-12-29
500325_112,500325,Reliance Industries Ltd,2023-12-31 19:23:31.227,DissemDT,Routine / Lower Signal,Regulatory / Compliance,1,57c3123b-0810-46c1-af0f-92f65256fe23,General,"Disclosure under Regulation 30 of the Securities and Exchange Board of India (Listing Obligations and Disclosure Requirements) Regulations, 2015 is attached.",False,2023-12-31
500325_113,500325,Reliance Industries Ltd,2024-01-02 13:26:18.330,DissemDT,Potentially Price-Sensitive,Business / Strategic,1,82f6eb90-6359-462d-b184-b5e902bb76b8,Acquisition,"The Company has today, at around 11:00 a.m. (IST), subscribed to 3300,00,00,000 9% non-convertible redeemable preference shares of Re. 1/- each of Alok Industries Limited, for cash at par ....",False,2024-01-02
500325_114,500325,Reliance Industries Ltd,2024-01-02 19:16:40.137,DissemDT,Routine / Lower Signal,Regulatory / Compliance,2,"17b62bb4-9e30-456e-ab4a-3a1c9fdee99f, c81f54e6-eb06-4ea7-9097-3e2e1783bc7c",Reg. 39 (3) - Details of Loss of Certificate / Duplicate Certificate,"We enclose the details of ''Letter(s) of Confirmation'' issued by the Company to its shareholders, in lieu of share certificate(s) reported as lost by them. || We enclose the information regarding loss of share certificate(s) for 7,455 shares received from the shareholder(s) of the Company on January 01, 2024.",False,2024-01-02
500325_115,500325,Reliance Industries Ltd,2024-01-03 18:45:05.753,DissemDT,Routine / Lower Signal,Regulatory / Compliance,1,b1248bf7-756d-4d3d-b7f6-0269a5824edd,Reg. 39 (3) - Details of Loss of Certificate / Duplicate Certificate,"We enclose the information regarding loss of share certificate(s) for 8,557 shares received from the shareholder(s) of the Company on January 02, 2024.",False,2024-01-03
500325_116,500325,Reliance Industries Ltd,2024-01-05 21:04:41.133,DissemDT,Routine / Lower Signal,Regulatory / Compliance,1,40155626-a0a7-4ef2-bdb8-f233b4a61a37,Reg. 39 (3) - Details of Loss of Certificate / Duplicate Certificate,"We enclose the information regarding loss of share certificate(s) received from the shareholder(s) of the Company on January 04, 2024 and January 05, 2024 aggregating to 16,702 shares.",False,2024-01-05
500325_117,500325,Reliance Industries Ltd,2024-01-09 19:33:29.287,DissemDT,Routine / Lower Signal,Regulatory / Compliance,2,"6b269e24-8f4b-4d63-8b99-0af7da461c05, 7fed6d6b-a861-4763-a902-da2f0e3203a2",Reg. 39 (3) - Details of Loss of Certificate / Duplicate Certificate,"We enclose the details of Letter(s) of Confirmation issued by the Company to its shareholders, in lieu of share certificate(s) reported as lost by them. || We enclose the information regarding loss of share certificate(s) for 8,660 shares received from the shareholder(s) of the Company on January 08, 2024.",False,2024-01-09
500325_118,500325,Reliance Industries Ltd,2024-01-10 19:18:31.567,DissemDT,Routine / Lower Signal,Regulatory / Compliance,1,43968dc0-08db-443a-88bd-f76dd2791c30,Reg. 39 (3) - Details of Loss of Certificate / Duplicate Certificate,"We enclose the information regarding loss of share certificate(s) for 16,606 shares received from the shareholder(s) of the Company on January 09, 2024.",False,2024-01-10
500325_119,500325,Reliance Industries Ltd,2024-01-11 19:18:07.890,DissemDT,Routine / Lower Signal,Regulatory / Compliance,1,f5ef0a32-8af8-4db7-9b57-95b377e106fb,Reg. 39 (3) - Details of Loss of Certificate / Duplicate Certificate,"We enclose the information regarding loss of share certificate(s) for 8,587 shares received from the shareholder(s) of the Company on January 10, 2024.",False,2024-01-11
500325_12,500325,Reliance Industries Ltd,2023-08-29 21:52:48.990,DissemDT,Potentially Price-Sensitive,Board / Management,2,"12b2a9a0-8025-4a9d-ba92-2370b974b9ff, eac249e7-5266-4daa-8a09-f3570c923e50",AGM,"The Voting Results along with the Consolidated Scrutiniser''s Report in respect of Forty-sixth Annual General Meeting (Post-IPO) held on Monday, August 28, 2023, are attached. || The Voting Results along with the Consolidated Scrutiniser''s Report in respect of Forty-sixth Annual General Meeting (Post-IPO) held on Monday, August 28, 2023, are attached.",False,2023-08-29
500325_120,500325,Reliance Industries Ltd,2024-01-12 17:15:12.107,DissemDT,Potentially Price-Sensitive,Financial Results,1,99f275c1-d014-4e54-956f-cca37d624bf6,Board Meeting,"RELIANCE INDUSTRIES LTD.has informed BSE that the meeting of the Board of Directors of the Company is scheduled on 19/01/2024 ,inter alia, to consider and approve the standalone and consolidated ....",True,2024-01-12
500325_121,500325,Reliance Industries Ltd,2024-01-12 19:41:07.733,DissemDT,Routine / Lower Signal,Regulatory / Compliance,1,f961102b-e6f0-42b3-8332-723ee9e98f85,Reg. 39 (3) - Details of Loss of Certificate / Duplicate Certificate,"We enclose the information regarding loss of share certifiate(s) received from the shareholder(s) of the Company on January 11, 2024 and January 12, 2024 aggregating to 12,896 shares.",False,2024-01-12
500325_122,500325,Reliance Industries Ltd,2024-01-14 11:22:21.390,DissemDT,Potentially Price-Sensitive,Board / Management,1,952200b8-8996-4d46-b42e-6ec6b68bc286,Analyst / Investor Meet,"A meeting of the Board of Directors of the Company is scheduled to be held on Friday, January 19, 2024, inter alia, to consider and approve the standalone and consolidated unaudited financial ....",False,2024-01-14
500325_123,500325,Reliance Industries Ltd,2024-01-15 08:42:43.520,DissemDT,Potentially Price-Sensitive,Business / Strategic,1,df7dd70f-6c84-4bd6-8a47-9b114b642844,Diversification / Disinvestment,"This is to inform that REC Solar Holdings AS, a step down wholly owned subsidiary of the Company, has informed that it has on January 14, 2024, entered into Share Purchase Agreement with ....",False,2024-01-15
500325_124,500325,Reliance Industries Ltd,2024-01-16 19:46:48.360,DissemDT,Routine / Lower Signal,Regulatory / Compliance,2,"c7d32c36-4977-47c9-b81a-cac3e872231f, fed50c9b-491f-4fb1-b8c4-7ecfe3b0d03e",Reg. 39 (3) - Details of Loss of Certificate / Duplicate Certificate,"We enclose the details of Letters of Confirmation issued by the Company to its shareholders, in lieu of share certificate(s) reported as lost by them. || We enclose the information regarding loss of share certificate(s) for 6,555 shares received from the shareholder(s) of the Company on January 15, 2024.",False,2024-01-16
500325_125,500325,Reliance Industries Ltd,2024-01-17 18:20:23.910,DissemDT,Routine / Lower Signal,Regulatory / Compliance,1,a1a76afb-879f-44f6-b3be-6d413f61a69a,Reg. 39 (3) - Details of Loss of Certificate / Duplicate Certificate,"We enclose the information regarding  loss of share certificate(s) for 2,164 shares received from the shareholder(s) of the Company on January 16, 2024.",False,2024-01-17
500325_126,500325,Reliance Industries Ltd,2024-01-18 18:09:14.970,DissemDT,Routine / Lower Signal,Regulatory / Compliance,1,c28a486f-a352-4cac-94af-dddc170f22bd,Reg. 39 (3) - Details of Loss of Certificate / Duplicate Certificate,"We enclose the information regarding loss of share certificate(s) for 8,263 shares received from the shareholder(s) of the Company on January 17, 2024.",False,2024-01-18
500325_127,500325,Reliance Industries Ltd,2024-01-19 18:14:04.777,DissemDT,Potentially Price-Sensitive,Financial Results,3,"f27ad174-4094-4951-ae11-c3283c28c6fa, 9214959c-ab51-421f-8252-3b3a4c5969f1, 313d1fcf-681b-4088-98d3-d4226d0c1850",Financial Results; Press Release / Media Release; Outcome of Board Meeting,"Please find attached the Unaudited Financial Results (Consolidated and Standalone) for the quarter and nine months ended December 31, 2023 along with Independent Auditor''s Review Report thereon. || Media Release - Consolidated and Standalone Unaudited Financial Results for the quarter and nine months ended December 31, 2023, is attached. || Please find attached the Unaudited Financial Results (Consolidated and Standalone) for the quarter and nine months ended December 31, 2023, along with Independent Auditor''s Review Report thereon.",True,2024-01-19
500325_128,500325,Reliance Industries Ltd,2024-01-19 19:36:46.753,DissemDT,Potentially Price-Sensitive,Board / Management,1,b347046f-7988-4628-93ec-fdf9d43ea6f6,Change in Directorate,"Please note that Shri Adil Zainulbhai, independent director of the Company, will be completing his second term on March 31, 2024. The Board of Directors of the Company at its meeting held ....",False,2024-01-19
500325_129,500325,Reliance Industries Ltd,2024-01-19 20:25:54.733,DissemDT,Routine / Lower Signal,Regulatory / Compliance,1,39d4ca57-74d4-4634-b474-182a9ec7616c,Reg. 39 (3) - Details of Loss of Certificate / Duplicate Certificate,"We enclose the information regarding loss of share certificate(s) received from the shareholder(s) of the Company on January 18, 2024 and January 19, 2024 aggregating to 15,925 shares.",False,2024-01-19
500325_13,500325,Reliance Industries Ltd,2023-08-30 19:52:10.020,DissemDT,Routine / Lower Signal,Regulatory / Compliance,1,564b5937-692e-42a4-b0cd-b743a93cf9b7,Reg. 39 (3) - Details of Loss of Certificate / Duplicate Certificate,"We enclose information regarding loss of share certificate(s) for 3565 shares received from the shareholders of the Company on August 29, 2023.",False,2023-08-30
500325_130,500325,Reliance Industries Ltd,2024-01-19 21:28:44.850,DissemDT,Potentially Price-Sensitive,Financial Results,1,80c9ac11-2ba8-49d6-a0a6-f679931a3936,Investor Presentation,"Please find attached, the presentation made to analysts on Unaudited Financial Results (Consolidated and Standalone) for the quarter and nine months ended December 31, 2023.",True,2024-01-19
500325_131,500325,Reliance Industries Ltd,2024-01-20 08:09:10.823,DissemDT,Potentially Price-Sensitive,Financial Results,2,"c2784f11-c1ad-43b2-ba5b-67a3f3b51eb3, 0fa38dbd-42c5-426d-b3c7-9c99d492784b",General; Earnings Call Transcript,"Pursuant to Regulation 30(6) of the SEBI (Listing Obligations and Disclosure Requirements) Regulations, 2015, the audio / video recording and transcript of the presentation made on January .... || Pursuant to Regulation 30(6) of the SEBI (Listing Obligations and Disclosure Requirements) Regulations, 2015, the audio / video recording and transcript of the presentation made on January ....",True,2024-01-20
500325_132,500325,Reliance Industries Ltd,2024-01-23 19:03:03.160,DissemDT,Routine / Lower Signal,Regulatory / Compliance,1,086774f7-0755-4648-b6e7-83fff5673beb,Reg. 39 (3) - Details of Loss of Certificate / Duplicate Certificate,"We enclose the information regarding loss of share certificate(s) for 5,384 (Five Thousand Three Hundred and Eighty Four) shares received form the shareholder(s) of the Company on January 22, 2024.",False,2024-01-23
500325_133,500325,Reliance Industries Ltd,2024-01-24 18:12:38.597,DissemDT,Routine / Lower Signal,Regulatory / Compliance,1,ec73e2bd-7ce2-4cd6-8d5f-3772cc005cde,Reg. 39 (3) - Details of Loss of Certificate / Duplicate Certificate,"We enclose the details of Letter(s) of Confirmation issued by the Company to its shareholders, in lieu of share certificate(s) reported as lost by them.",False,2024-01-24
500325_134,500325,Reliance Industries Ltd,2024-01-24 18:47:52.310,DissemDT,Routine / Lower Signal,Regulatory / Compliance,1,0400e97e-8e23-4411-b2b6-79ed318af562,Reg. 39 (3) - Details of Loss of Certificate / Duplicate Certificate,"We enclose the information regarding loss of share certificate(s) for 4,673 (Four Thousand Six Hundred and Seventy Three) shares received from the shareholder(s) of the Company on January 23, 2024.",False,2024-01-24
500325_135,500325,Reliance Industries Ltd,2024-01-25 20:22:37.170,DissemDT,Routine / Lower Signal,Regulatory / Compliance,1,fc3cc13f-2169-4eb9-b3b1-91eb13928acf,Reg. 39 (3) - Details of Loss of Certificate / Duplicate Certificate,"We enclose the information regarding loss of share certificate(s) received from the shareholder(s) of the Company on January 24, 2024 and January 25, 2024 aggregating to 10,913 (Ten Thousand ....",False,2024-01-25
500325_136,500325,Reliance Industries Ltd,2024-01-29 18:58:31.867,DissemDT,Routine / Lower Signal,Regulatory / Compliance,1,957364d0-8224-45ad-adf9-e0344bffea34,Clarification,"The Exchange has sought clarification from Reliance Industries Ltd on January 29, 2024, with reference to news appeared in https://economictimes.indiatimes.com dated January 29, 2024 quoting ....",False,2024-01-29
500325_137,500325,Reliance Industries Ltd,2024-01-30 11:22:02.983,DissemDT,Routine / Lower Signal,Regulatory / Compliance,1,8b630967-d577-4361-b3df-4e1151e2d7cf,General,"We refer to your letter/ email  dated January 29, 2024 seeking clarification on the news item ""Disney''s India unit valuation halves in Ambani merger talks"" and would like to clarify that ....",False,2024-01-30
500325_138,500325,Reliance Industries Ltd,2024-01-30 16:54:41.900,DissemDT,Routine / Lower Signal,Regulatory / Compliance,2,"ee678c26-cc02-4606-afb7-8b643f12b805, 41e56a08-454f-4db1-901b-29c6fed224f9",Reg. 39 (3) - Details of Loss of Certificate / Duplicate Certificate,"We enclose the details of Letter(s) of Confirmation issued by the Company to its shareholders, in lieu of share certifcate(s) reported as lost by them. || We enclose the information regarding loss of share certificate(s) for 13,874 shares received from the shareholder(s) of the Company on January 29, 2024.",False,2024-01-30
500325_139,500325,Reliance Industries Ltd,2024-01-31 17:50:25.863,DissemDT,Routine / Lower Signal,Regulatory / Compliance,1,081fa647-53ee-4768-b5f5-a6fd5bf91862,Reg. 39 (3) - Details of Loss of Certificate / Duplicate Certificate,"We enclose the information regarding loss of share certificate(s) for 4,715 shares received from the shareholder(s) of the Company on January 30, 2024.",False,2024-01-31
500325_14,500325,Reliance Industries Ltd,2023-08-31 21:57:42.567,DissemDT,Routine / Lower Signal,Regulatory / Compliance,1,b3783604-b13b-4671-87f8-ec9287280b70,Reg. 39 (3) - Details of Loss of Certificate / Duplicate Certificate,"We enclose information regarding loss of share certificate(s) for 6764 shares received from the shareholders of the Company on August 30, 2023.",False,2023-08-31
500325_140,500325,Reliance Industries Ltd,2024-02-01 18:14:28.417,DissemDT,Routine / Lower Signal,Regulatory / Compliance,1,13caeae2-8c0d-4e0e-8611-b82d8f89bb9a,Reg. 39 (3) - Details of Loss of Certificate / Duplicate Certificate,"We enclose the information regarding loss of share certificate(s) for 5,855 shares received from the shareholder(s) of the Company on January 31, 2024.",False,2024-02-01
500325_141,500325,Reliance Industries Ltd,2024-02-02 17:44:36.003,DissemDT,Potentially Price-Sensitive,Credit / Financing,1,7f7c7fd8-edbb-43d4-9aeb-1d01a0c90fc2,Credit Rating,Re-affirmation of rating with respect to the Non-convertible Debentures and Commercial Paper of the Company,False,2024-02-02
500325_142,500325,Reliance Industries Ltd,2024-02-02 19:36:12.517,DissemDT,Routine / Lower Signal,Regulatory / Compliance,1,846fc195-1f3b-4495-a5f3-ff651f2241db,Reg. 39 (3) - Details of Loss of Certificate / Duplicate Certificate,"We enclose the information regarding loss of share certificate(s) received from the shareholder(s) of the Company  on February 01, 2024 and February 02, 2024 aggregating to 11,818 (Eleven ....",False,2024-02-02
500325_143,500325,Reliance Industries Ltd,2024-02-06 18:17:54.487,DissemDT,Routine / Lower Signal,Regulatory / Compliance,2,"373a29f1-323a-4f02-a6de-9eb15eee66d0, c82dfdd5-1697-4046-88e7-0811224ae5df",Reg. 39 (3) - Details of Loss of Certificate / Duplicate Certificate,"We enclose the information regarding loss of share certificate(s) for 6,409 shares received from the shareholder(s) of the Company on February 05, 2024. || We enclose the details of Letter(s) of Confirmation issued by the Company to its shareholders, in lieu of share certificate(s) reported as lost by them.",False,2024-02-06
500325_144,500325,Reliance Industries Ltd,2024-02-07 18:10:13.730,DissemDT,Routine / Lower Signal,Regulatory / Compliance,1,e463c93f-1bd1-4b15-b58c-c98f5f9ae326,Reg. 39 (3) - Details of Loss of Certificate / Duplicate Certificate,"We enclose the information regarding loss of share certificate(s) for 7,795 shares received from the shareholder(s) of the Company on February 06, 2024.",False,2024-02-07
500325_145,500325,Reliance Industries Ltd,2024-02-08 17:06:05.800,DissemDT,Routine / Lower Signal,Regulatory / Compliance,1,a2ceeba5-6c95-4e6f-b784-6a99f488aa27,Reg. 39 (3) - Details of Loss of Certificate / Duplicate Certificate,"We enclose the information regarding loss of share certificate(s) for 5,488 shares received from the shareholder(s) of the Company on February 07, 2024.",False,2024-02-08
500325_146,500325,Reliance Industries Ltd,2024-02-08 19:01:18.817,DissemDT,Context-Dependent,Investor / Analyst,4,"6181e8f2-b83c-461d-9bfd-13cfab302b18, de849505-46b3-4aa8-9f3b-531a8157e093, 8f282d5d-17fb-4a48-8be2-293fac5e26a3, f2de1bfa-2b4f-45e2-b19c-1018e3717e26",Analyst / Investor Meet,"Please note that the Company executives will be participating in  the Institutional Investors'' Meeting - Nuvama India Conference 2024 on February 13, 2024, at Mumbai. It is expected that .... || Please note that the Company executives will be participating in the Institutional Investors' Meeting - Axis Capital India Conference on February 14, 2024, at Mumbai. It is expected that .... || Please note that the Company executives will be participating in the Institutional Investors'' Meeting - IIFL Global Investor Conference on February 14, 2024, at Mumbai. It is expected .... || Please note that the Company executives will be participating in the Institutional Investors'' Meeting - Kotak Chasing Growth 2024 Investor Conference on February 20, 2024, at Mumbai. It ....",False,2024-02-08
500325_147,500325,Reliance Industries Ltd,2024-02-09 19:54:23.197,DissemDT,Routine / Lower Signal,Regulatory / Compliance,1,85bf1efa-9d51-4393-8f0f-00042b75a29a,Reg. 39 (3) - Details of Loss of Certificate / Duplicate Certificate,"We enclose the information regarding loss of share certificate(s) received from shareholder(s) of the Company on February 08, 2024 and February 09, 2024 aggregating to 13,228 shares.",False,2024-02-09
500325_148,500325,Reliance Industries Ltd,2024-02-13 18:38:13.757,DissemDT,Routine / Lower Signal,Regulatory / Compliance,1,c0395aca-1b03-47cc-9219-9157ae9bea89,Reg. 39 (3) - Details of Loss of Certificate / Duplicate Certificate,"We enclose the information regarding loss of share certificate(s) for 13,863 shares received from the shareholder(s) of the Company on February 12, 2024.",False,2024-02-13
500325_149,500325,Reliance Industries Ltd,2024-02-13 19:17:54.157,DissemDT,Context-Dependent,Investor / Analyst,1,033391a3-b970-4d99-9359-a1facf3ea98f,General,"This is further to the disclosure dated February 8, 2024 made by the Company. We wish to inform you that the Company executives participated in the Institutional Investors'' Meeting - Nuvama ....",False,2024-02-13
500325_15,500325,Reliance Industries Ltd,2023-08-31 23:04:26.080,DissemDT,Potentially Price-Sensitive,Board / Management,1,cceff84c-c394-483a-9ccb-dc53620308c5,General,Please find enclosed copy of the letter of resignation of Smt. Nita M. Ambani.,False,2023-08-31
500325_150,500325,Reliance Industries Ltd,2024-02-14 16:52:25.423,DissemDT,Routine / Lower Signal,Regulatory / Compliance,1,89d8e142-6860-4978-8981-08daecd57c76,Reg. 39 (3) - Details of Loss of Certificate / Duplicate Certificate,"We enclose the details of Letters of Confirmation issued by the Company to its shareholders, in lieu of share certificates reported as lost by them.",False,2024-02-14
500325_151,500325,Reliance Industries Ltd,2024-02-14 18:05:31.480,DissemDT,Routine / Lower Signal,Regulatory / Compliance,1,b349f456-fc20-4506-9a7f-2d8c8cfd5e5e,Reg. 39 (3) - Details of Loss of Certificate / Duplicate Certificate,"We enclose the information regarding loss of share certificate(s) for 6,323 shares received from the shareholder(s) of the Company on February 13, 2024.",False,2024-02-14
500325_152,500325,Reliance Industries Ltd,2024-02-14 19:44:02.640,DissemDT,Context-Dependent,Investor / Analyst,1,cce5ddaa-8685-422c-9733-5daedbf9938b,General,"This is further to the disclosures dated February 8, 2024 made by the Company. We wish to inform you that the Company executives participated in the Institutional Investors'' Meetings - ....",False,2024-02-14
500325_153,500325,Reliance Industries Ltd,2024-02-15 18:14:25.197,DissemDT,Routine / Lower Signal,Regulatory / Compliance,1,e495cc74-9b97-4e3c-aa22-b349eaaa7073,Reg. 39 (3) - Details of Loss of Certificate / Duplicate Certificate,"We enclose the information regarding loss of share certificate(s) for 5,503 shares received from the shareholder(s) of the Company on February 14, 2024.",False,2024-02-15
500325_154,500325,Reliance Industries Ltd,2024-02-16 18:51:51.700,DissemDT,Routine / Lower Signal,Regulatory / Compliance,1,d67b0c7d-d4a8-4580-b87d-0e1e22f4a11c,Reg. 39 (3) - Details of Loss of Certificate / Duplicate Certificate,"We enclose the information regarding loss of share certificate (s) received from the shareholder (s) of the Company on February 15, 2024 and February 16, 2024 aggregating to 14,399 (Fourteen ....",False,2024-02-16
500325_155,500325,Reliance Industries Ltd,2024-02-20 18:04:42.420,DissemDT,Routine / Lower Signal,Regulatory / Compliance,1,8b0d2532-9ec9-40b0-9542-74c34f8eb2a4,Reg. 39 (3) - Details of Loss of Certificate / Duplicate Certificate,"We enclose the information regarding loss of share certificate(s) for 21,841 shares received from the shareholder(s) of the Company on February 19, 2024.",False,2024-02-20
500325_156,500325,Reliance Industries Ltd,2024-02-20 19:26:47.383,DissemDT,Context-Dependent,Investor / Analyst,1,cef395db-f1fe-4049-8dde-9787b77b99ae,General,"This is further to the disclosure dated February 8, 2024 made by the Company. We wish to inform you that the Company executives participated in the Institutional Investors'' Meeting- Kotak ....",False,2024-02-20
500325_157,500325,Reliance Industries Ltd,2024-02-21 19:11:21.873,DissemDT,Routine / Lower Signal,Regulatory / Compliance,2,"a3f02bfb-56e2-4e34-8bad-c86501f08c6a, eba46e02-ec12-4189-ade0-3b8b17787b07",Reg. 39 (3) - Details of Loss of Certificate / Duplicate Certificate,"We enclose the details of Letter(s) of Confirmation issued by the Company to its shareholders, in lieu of share certificate(s) reported as lost by them. || We enclose the information regarding loss of share certificate(s) for 4,337 shares received from the shareholder(s) of the Company on February 20, 2024.",False,2024-02-21
500325_158,500325,Reliance Industries Ltd,2024-02-22 18:02:57.857,DissemDT,Routine / Lower Signal,Regulatory / Compliance,1,5747851c-e808-4ef0-9ef0-622e7d06b14b,Reg. 39 (3) - Details of Loss of Certificate / Duplicate Certificate,"We enclose the information regarding loss of share certificates for 5,077 shares received from the shareholders of the Company on February 21, 2024.",False,2024-02-22
500325_159,500325,Reliance Industries Ltd,2024-02-23 18:15:41.717,DissemDT,Routine / Lower Signal,Regulatory / Compliance,1,6bc0f4f8-9385-4f7e-baed-8e2de2cc1d0c,Reg. 39 (3) - Details of Loss of Certificate / Duplicate Certificate,"We enclose the information regarding loss of share certificate(s) received from the shareholder(s) of the Company on February 22, 2024 and February 23, 2024 aggregating to 27,526 shares.",False,2024-02-23
500325_16,500325,Reliance Industries Ltd,2023-09-01 19:13:22.330,DissemDT,Context-Dependent,Investor / Analyst,3,"a04d2af4-2905-4def-a479-fc4aa04ab654, ebc3cbb6-2b30-48e7-b918-4efad14db4a9, ff282da5-cb27-4d8c-aa3c-061b45b99031",Reg. 39 (3) - Details of Loss of Certificate / Duplicate Certificate; Analyst / Investor Meet,"We enclose the information regarding loss of share certificate(s) received from the shareholder(s) of the Company on August 31, 2023 and September 01, 2023 aggregating to 5,782 shares. || Jefferies 4th Asia Forum will be held on September 7 & 8, 2023. It will be a one-on-one meeting with institutional investors. || CLSA Investors' Forum 2023 will be held on September 11 & 12, 2023. It will be a one-on-one meeting with institutional investors.",False,2023-09-01
500325_160,500325,Reliance Industries Ltd,2024-02-24 12:22:30.197,DissemDT,Routine / Lower Signal,Regulatory / Compliance,1,8b107f38-b511-4de5-b872-878b0924dc9a,General,"The Company has received the direction under Section 5 of the Environment (Protection) Act, 1986 from the Central Pollution Control Board (CPCB) to pay environment compensation of Rs. 1 ....",False,2024-02-24
500325_161,500325,Reliance Industries Ltd,2024-02-26 18:25:49.030,DissemDT,Routine / Lower Signal,Regulatory / Compliance,1,78993aa2-a53f-45ae-9d5e-81b1d6170dc5,Clarification,"The Exchange has sought clarification from Reliance Industries Ltd with reference to the media report, https://economictimes.indiatimes.com dated February 25, 2024 (Link: https://economictimes.indiatimes.com/industry/media/entertainment/disney-and-reliance-said-to-have-signed-binding-merger-pact/articleshow/107985793.cms) ....",False,2024-02-26
500325_162,500325,Reliance Industries Ltd,2024-02-27 11:07:28.030,DissemDT,Routine / Lower Signal,Regulatory / Compliance,1,9519281f-cee3-461b-840e-b010a796c21e,General,"We refer to your letter/ email dated February 26, 2024 seeking clarification on the news item -""Disney and Reliance said to have signed binding merger pact"" and would like to clarify that ....",False,2024-02-27
500325_163,500325,Reliance Industries Ltd,2024-02-27 18:01:11.507,DissemDT,Routine / Lower Signal,Regulatory / Compliance,1,5a4f4e09-d8d8-49c5-bd71-622f60946f3a,Reg. 39 (3) - Details of Loss of Certificate / Duplicate Certificate,"We enclose the information regarding loss of share certificate(s) for 4,473 shares received from the shareholder(s) of the Company on February 26, 2024.",False,2024-02-27
500325_164,500325,Reliance Industries Ltd,2024-02-28 17:21:10.590,DissemDT,Routine / Lower Signal,Regulatory / Compliance,1,485daf22-89c0-4acf-98d6-2b0352dbe253,Reg. 39 (3) - Details of Loss of Certificate / Duplicate Certificate,"We enclose the information regarding loss of share certifcates for 7,376 shares received from the shareholders of the Company on February 27, 2024.",False,2024-02-28
500325_165,500325,Reliance Industries Ltd,2024-02-28 18:45:27.537,DissemDT,Potentially Price-Sensitive,Business / Strategic,2,"cd217e14-86b3-4c7a-bd50-834926dca883, b83f9016-15fd-4d13-8799-5d0c8134a090",Press Release / Media Release; Acquisition,"Please find attached a media release titled ""RELIANCE AND DISNEY ANNOUNCE STRATEGIC JOINT VENTURE TO BRING TOGETHER THE MOST COMPELLING AND ENGAGING ENTERTAINMENT BRANDS IN INDIA."" || Investment in Star India Private Limited",False,2024-02-28
500325_166,500325,Reliance Industries Ltd,2024-02-29 18:16:25.580,DissemDT,Routine / Lower Signal,Regulatory / Compliance,2,"5c33245f-c908-43ad-8672-4458756152b7, d166a701-2d1a-4e59-9ae6-dcdcdd90dac9",Reg. 39 (3) - Details of Loss of Certificate / Duplicate Certificate,"We enclose the details of Letters of Confirmation issued by the Company to its shareholders, in lieu of share certificates reported as lost by them. || We enclose the information regarding loss of share certificates for 4499 shares received from the shareholders of the Company on February 28, 2024.",False,2024-02-29
500325_167,500325,Reliance Industries Ltd,2024-03-01 20:21:10.270,DissemDT,Routine / Lower Signal,Regulatory / Compliance,1,ff5f6b00-ef33-49ed-8436-6e277a8bc0d8,Reg. 39 (3) - Details of Loss of Certificate / Duplicate Certificate,"We enclose the information regarding loss of share certifcate(s) received from shareholder(s) of the Company on February 29, 2024 and March 01, 2024 aggregating to 6,141 shares.",False,2024-03-01
500325_168,500325,Reliance Industries Ltd,2024-03-05 16:58:44.533,DissemDT,Routine / Lower Signal,Regulatory / Compliance,1,2599c2ee-02ab-4e42-a61a-1accb7ef2aed,Reg. 39 (3) - Details of Loss of Certificate / Duplicate Certificate,"We enclose the information regarding loss of share certificates for 5,068 shares received from the shareholders of the Company on March 04, 2024.",False,2024-03-05
500325_169,500325,Reliance Industries Ltd,2024-03-06 18:16:21.850,DissemDT,Routine / Lower Signal,Regulatory / Compliance,2,"eaeac558-1ba6-47a0-9cf0-418dbda5991d, 609fccad-7f84-4a35-a917-9299c6bf6273",Reg. 39 (3) - Details of Loss of Certificate / Duplicate Certificate,"We enclose the details of Letters of Confirmation issued by the Company to its shareholders, in lieu of share certificates reported as lost by them. || We enclose the information regarding loss of share certificates for 10,925 shares recived from the shareholders of the Company on March 05, 2024.",False,2024-03-06
500325_17,500325,Reliance Industries Ltd,2023-09-05 19:18:40.330,DissemDT,Routine / Lower Signal,Regulatory / Compliance,2,"5ff06aba-ddc8-49b9-92aa-c62bec9c2604, 47ca6e02-250f-4124-b53f-6acf938830f8",Reg. 39 (3) - Details of Loss of Certificate / Duplicate Certificate,"We enclose the details of ''Letter(s) of Confirmation'' issued by the Company to its shareholders, in lieu of share certificate(s) reported as lost by them. || We enclose the information regarding loss of share certificate(s) for 4,262 shares received from the shareholder(s) of the Company on September 04, 2023.",False,2023-09-05
500325_170,500325,Reliance Industries Ltd,2024-03-06 19:15:28.167,DissemDT,Context-Dependent,Investor / Analyst,1,238647b4-69e0-409a-84b7-31f792e4a236,Analyst / Investor Meet,Please note that the Company executives will be participating in the Institutional Investors'' Meeting organised by third party  - Citi 2024 India Investor Conference at Mumbai on March ....,False,2024-03-06
500325_171,500325,Reliance Industries Ltd,2024-03-07 19:38:09.240,DissemDT,Routine / Lower Signal,Regulatory / Compliance,1,9205e442-efe4-496f-b567-507048916c6c,Reg. 39 (3) - Details of Loss of Certificate / Duplicate Certificate,"We enclose the information regarding loss of share certificates received from the shareholders of the Company on March 06, 2024 and March 07, 2024 aggregating to 15,770 shares.",False,2024-03-07
500325_172,500325,Reliance Industries Ltd,2024-03-12 17:06:09.463,DissemDT,Routine / Lower Signal,Regulatory / Compliance,2,"acaf49b7-32e2-48c8-963a-e3acbb766e9e, e0876544-e16d-4c5b-af72-0dc3f8a48e66",Reg. 39 (3) - Details of Loss of Certificate / Duplicate Certificate,"We enclose the details of Letters of Confirmation issued by the Company to its shareholders, in lieu of share certificates reported as lost by them. || We enclose the information regarding loss of share certificates for 9,310 shares received from the shareholders of the Company on March 11, 2024.",False,2024-03-12
500325_173,500325,Reliance Industries Ltd,2024-03-12 19:48:54.387,DissemDT,Context-Dependent,Investor / Analyst,1,5bf84d06-40d8-4611-95c2-27fb466c6270,General,"This is further to the disclosure dated March 6, 2024 made by the Company. We wish to inform you that the Company executives participated in the Institutional Investor''s Meeting - Citi ....",False,2024-03-12
500325_174,500325,Reliance Industries Ltd,2024-03-12 22:45:05.983,DissemDT,Potentially Price-Sensitive,Business / Strategic,1,9070832b-aa21-49df-8cae-6d07f62fccf1,Acquisition,Investment by Reliance Ethane Holding Pte Ltd. in three wholly owned subsidiaries,False,2024-03-12
500325_175,500325,Reliance Industries Ltd,2024-03-13 17:20:44.577,DissemDT,Routine / Lower Signal,Regulatory / Compliance,1,0dc72ffe-e6dd-449f-b0bb-b6bf7f4ce7b0,Reg. 39 (3) - Details of Loss of Certificate / Duplicate Certificate,"We enclose the information regarding loss of share certificate(s) for 8,986 shares received from the shareholder(s) of the Company on March 12, 2024.",False,2024-03-13
500325_176,500325,Reliance Industries Ltd,2024-03-14 02:08:15.640,DissemDT,Potentially Price-Sensitive,Business / Strategic,1,33a8aa08-8ac5-462f-b9a0-17d5d3994cc4,Acquisition,Agreement to acquire equity shares of Viacom 18 Media Private Limited.,False,2024-03-14
500325_177,500325,Reliance Industries Ltd,2024-03-14 17:00:37.680,DissemDT,Routine / Lower Signal,Regulatory / Compliance,1,f4b8a830-4838-408f-b8d8-6c2e8026d7d9,Reg. 39 (3) - Details of Loss of Certificate / Duplicate Certificate,"We enclose the information regarding loss of share certificate(s) for 17,138 shares received from the shareholder(s) of the Company on March 13, 2024.",False,2024-03-14
500325_178,500325,Reliance Industries Ltd,2024-03-15 18:51:37.687,DissemDT,Routine / Lower Signal,Regulatory / Compliance,1,9d79fbbf-170b-4990-941d-07d062123d51,Reg. 39 (3) - Details of Loss of Certificate / Duplicate Certificate,"We enclose the information regarding loss of share certificate(s) received from the shareholder(s) of the Company on March 14, 2024 and March 15, 2025 aggregating to 11,298 shares.",False,2024-03-15
500325_179,500325,Reliance Industries Ltd,2024-03-19 16:38:18.890,DissemDT,Routine / Lower Signal,Regulatory / Compliance,1,dde2f9a4-0ca4-470b-bf01-63d2c2bd561e,Reg. 39 (3) - Details of Loss of Certificate / Duplicate Certificate,"We enclose the information regarding loss of share certificate(s) for 4,605 shares received from the shareholder(s) of the Company on March 18, 2024.",False,2024-03-19
500325_18,500325,Reliance Industries Ltd,2023-09-06 18:46:07.553,DissemDT,Potentially Price-Sensitive,Business / Strategic,1,22156391-c3f0-4bbf-98b7-72192f849923,General,"Please note that Reliance Retail Ventures Limited today received the subscription amount of Rs. 8,278 crore from Qatar Holding LLC (QIA) and allotted 6,86,35,010 equity shares to QIA.",False,2023-09-06
500325_180,500325,Reliance Industries Ltd,2024-03-19 18:01:27.250,DissemDT,Routine / Lower Signal,Regulatory / Compliance,1,cdd2e3e6-20f7-45f6-8dc4-30b4c2bc4f17,Reg. 39 (3) - Details of Loss of Certificate / Duplicate Certificate,"We enclose the details of Letter(s) of Confirmation issued by the Company to its shareholders, in lieu of share certificate(s) reported as lost by them",False,2024-03-19
500325_181,500325,Reliance Industries Ltd,2024-03-20 17:40:28.463,DissemDT,Routine / Lower Signal,Regulatory / Compliance,1,c2910f60-4df5-4b4a-ac70-98fc46d2508f,Reg. 39 (3) - Details of Loss of Certificate / Duplicate Certificate,"We enclose the information regarding loss of share certificate(s) for 8,774 shares received from the shareholder(s) of the Company on March 19, 2024.",False,2024-03-20
500325_182,500325,Reliance Industries Ltd,2024-03-21 17:52:06.590,DissemDT,Routine / Lower Signal,Regulatory / Compliance,1,8b19539b-1b2b-46d8-98e3-2cdf44d85e2e,Reg. 39 (3) - Details of Loss of Certificate / Duplicate Certificate,"We enclose the information regarding loss of share certificate(s) for 3,676 shares received from the shareholder(s) of the Company on March 20, 2024.",False,2024-03-21
500325_183,500325,Reliance Industries Ltd,2024-03-22 19:04:48.143,DissemDT,Potentially Price-Sensitive,Board / Management,1,07a91b20-5965-4f81-916c-9c7eee3b69b9,General,"The Board of Directors of the Company, at its meeting held today, approved that 100% equity shares of MSKVY Nineteenth Solar SPV Limited and MSKVY Twenty-second Solar SPV Limited be acquired ....",False,2024-03-22
500325_184,500325,Reliance Industries Ltd,2024-03-22 21:51:09.587,DissemDT,Routine / Lower Signal,Regulatory / Compliance,1,e7e6c750-8a2e-484c-a156-2c2590341a2f,Reg. 39 (3) - Details of Loss of Certificate / Duplicate Certificate,"We enclose the information regarding loss of share certificate(s) received from the shareholder(s) of the Company on March 21, 2024 and March 22, 2024 aggregating to 16,648 shares.",False,2024-03-22
500325_185,500325,Reliance Industries Ltd,2024-03-26 17:55:53.447,DissemDT,Routine / Lower Signal,Regulatory / Compliance,1,a684a574-4f92-4545-9851-6d56d8f2e4ed,Reg. 39 (3) - Details of Loss of Certificate / Duplicate Certificate,"We enclose the details of Letters of Confirmation issued by the Company to its shareholders, in lieu of share certificates reported as lost by them.",False,2024-03-26
500325_186,500325,Reliance Industries Ltd,2024-03-27 17:45:12.290,DissemDT,Routine / Lower Signal,Regulatory / Compliance,1,6343ec68-65e2-468b-860b-8f2129b27c8b,Reg. 39 (3) - Details of Loss of Certificate / Duplicate Certificate,"We enclose the information regarding loss of share certificates for 4,479 shares received from the shareholders of the Company on March 26, 2024.",False,2024-03-27
500325_187,500325,Reliance Industries Ltd,2024-03-28 01:18:51.960,DissemDT,Potentially Price-Sensitive,Business / Strategic,1,e0a0cdb2-a4df-4e59-ab3f-6e73ab99c9b1,Acquisition,"Investment in Mahan Energen Limited, a wholly-owned subsidiary of Adani Power Limited.",False,2024-03-28
500325_188,500325,Reliance Industries Ltd,2024-03-28 18:37:31.503,DissemDT,Routine / Lower Signal,Regulatory / Compliance,1,15e5adbe-ad24-4584-b104-dca19eae6e95,Reg. 39 (3) - Details of Loss of Certificate / Duplicate Certificate,"We enclose the information regarding loss of share certificates received from the shareholders of the Company on March 27, 2024 and March 28, 2024 aggregating to 15,566 shares",False,2024-03-28
500325_189,500325,Reliance Industries Ltd,2024-03-28 21:24:35.850,DissemDT,Potentially Price-Sensitive,Board / Management,1,c5feda1a-c6ec-4984-8f17-cb8686cd9380,Closure of Trading Window,"This is to inform that pursuant to the Reliance Code to Regulate, Monitor and Report Trading by Directors, Promoters, Designated Persons and Specified Connected Persons of the Company and ....",False,2024-03-28
500325_19,500325,Reliance Industries Ltd,2023-09-06 19:57:07.827,DissemDT,Routine / Lower Signal,Regulatory / Compliance,1,bef324ac-281b-4148-99f6-2de5547568d1,Reg. 39 (3) - Details of Loss of Certificate / Duplicate Certificate,"We enclose the information regarding loss of share certificate(s) for 2,731 shares received from the shareholder(s) of the Company on September 5, 2023.",False,2023-09-06
500325_190,500325,Reliance Industries Ltd,2024-03-30 21:06:06.540,DissemDT,Routine / Lower Signal,Regulatory / Compliance,1,650054ea-b450-4596-8b56-75d176d188d9,Reg. 39 (3) - Details of Loss of Certificate / Duplicate Certificate,"We enclose the details of Letters of Confirmation issued by the Company to its shareholders, in lieu of share certificates reported as lost by them.",False,2024-03-30
500325_191,500325,Reliance Industries Ltd,2024-04-01 12:48:12.937,DissemDT,Potentially Price-Sensitive,Business / Strategic,1,f914c14b-04eb-4b50-ada0-5a6fae9bda5b,"Disclosures under Reg. 29(2) of SEBI (SAST) Regulations, 2011","The Exchange has received the disclosure under Regulation 29(2) of SEBI (Substantial Acquisition of Shares & Takeovers) Regulations, 2011 for SBICAP Trustee Company Ltd",False,2024-04-01
500325_192,500325,Reliance Industries Ltd,2024-04-01 19:59:50.570,DissemDT,Potentially Price-Sensitive,Board / Management,1,5dedeac6-81b5-431f-a1ce-7dadbae7a713,Change in Directorate,"Further to our disclosure dated January 19, 2024, please note that Shri Adil Zainulbhai, independent director of the Company, ceased to be a director of the Company upon completion of his ....",False,2024-04-01
500325_193,500325,Reliance Industries Ltd,2024-04-02 17:30:47.970,DissemDT,Routine / Lower Signal,Regulatory / Compliance,1,e1d1a831-4da3-456e-a8f0-59409cab2e7b,Reg. 39 (3) - Details of Loss of Certificate / Duplicate Certificate,"We enclose the information regarding loss of share certificates for 6,035 shares received from the shareholders of the Company on April 01, 2024.",False,2024-04-02
500325_194,500325,Reliance Industries Ltd,2024-04-03 16:52:18.230,DissemDT,Routine / Lower Signal,Regulatory / Compliance,1,91868b00-b967-483d-af1e-2b2fd949d3fb,Reg. 39 (3) - Details of Loss of Certificate / Duplicate Certificate,"We enclose the information regarding loss of share certificate(s) for 6,929 shares received from the shareholders of the Company on April 02, 2024.",False,2024-04-03
500325_195,500325,Reliance Industries Ltd,2024-04-04 16:24:19.837,DissemDT,Routine / Lower Signal,Regulatory / Compliance,1,7180f3e7-3904-4132-a7cc-c478334d2323,General,"Disclosure under Regulation 30 of the SEBI (Listing Obligations and Disclosure Requirements) Regulations, 2015, is attached.",False,2024-04-04
500325_196,500325,Reliance Industries Ltd,2024-04-04 17:55:25.317,DissemDT,Routine / Lower Signal,Regulatory / Compliance,1,a7ac2be9-8c00-46e6-a680-9d531bd4231f,Reg. 39 (3) - Details of Loss of Certificate / Duplicate Certificate,"We enclose the information regarding loss of share certificates for 3,701 shares received from the shareholders of the Company on April 03, 2024.",False,2024-04-04
500325_197,500325,Reliance Industries Ltd,2024-04-05 18:45:05.487,DissemDT,Routine / Lower Signal,Regulatory / Compliance,1,5d701c0a-ea84-46f2-b775-a6d4440dc9a1,Reg. 39 (3) - Details of Loss of Certificate / Duplicate Certificate,"We enclose the information regarding loss of share certificates received from the shareholders of the Company on April 04, 2024 and April 05, 2024 aggregating to 11,019 shares.",False,2024-04-05
500325_198,500325,Reliance Industries Ltd,2024-04-09 17:51:53.600,DissemDT,Routine / Lower Signal,Regulatory / Compliance,2,"6ec4e566-4321-4426-a4a2-a5b68476cc2d, 445e5ff6-80af-46ca-a073-6018cb7b8ff9",Reg. 39 (3) - Details of Loss of Certificate / Duplicate Certificate,"We enclose the information regarding loss of share certificate(s) for 5,104 shares received from the shareholder(s) of the Company on April 08, 2024. || We enclose the details of Letters of Confirmation issued by the Company to its shareholders, in lieu of share certificates reported as lost by them.",False,2024-04-09
500325_199,500325,Reliance Industries Ltd,2024-04-10 16:48:17.007,DissemDT,Routine / Lower Signal,Regulatory / Compliance,1,388c0341-eb1c-4968-bb08-fde2b71c4c4c,Reg. 39 (3) - Details of Loss of Certificate / Duplicate Certificate,"We enclose the information regarding loss of share certificate(s) for 8,001 shares received from the shareholders of the Company on April 09, 2024",False,2024-04-10
500325_2,500325,Reliance Industries Ltd,2023-08-23 10:29:12.550,DissemDT,Potentially Price-Sensitive,Business / Strategic,1,7aac853a-0418-48a9-822f-ee6beb394748,"Disclosures under Reg. 29(1) of SEBI (SAST) Regulations, 2011","The Exchange has received the disclosure under Regulation 29(1) of SEBI (Substantial Acquisition of Shares & Takeovers) Regulations, 2011 for Reliance Industrial Investments & Holdings Ltd",False,2023-08-23
500325_20,500325,Reliance Industries Ltd,2023-09-07 19:36:46.600,DissemDT,Routine / Lower Signal,Regulatory / Compliance,1,8c91a1d6-74d0-491c-ba7d-7fcf3bd28b45,Reg. 39 (3) - Details of Loss of Certificate / Duplicate Certificate,"We enclose the information regarding loss of share certificate(s) for 3,794 shares received from the shareholder(s) of the Company on September 6, 2023",False,2023-09-07
500325_200,500325,Reliance Industries Ltd,2024-04-11 17:48:33.140,DissemDT,Routine / Lower Signal,Regulatory / Compliance,1,9d1407a1-b654-4fdb-9149-327c500f18aa,Reg. 39 (3) - Details of Loss of Certificate / Duplicate Certificate,"We enclose the information regarding loss of share certificate(s) for 882 shares received from the shareholder(s) of the Company on April 10, 2024.",False,2024-04-11
500325_201,500325,Reliance Industries Ltd,2024-04-12 19:28:19.847,DissemDT,Routine / Lower Signal,Regulatory / Compliance,1,20bb9153-d273-4d6b-baca-8de4e48bf412,Reg. 39 (3) - Details of Loss of Certificate / Duplicate Certificate,"We enclose the information regarding loss of share certificates for 6,196 shares received from the shareholders of the Company on April 12, 2024.",False,2024-04-12
500325_202,500325,Reliance Industries Ltd,2024-04-15 20:18:51.287,DissemDT,Potentially Price-Sensitive,Financial Results,1,867b5150-d7a9-4ac7-b404-308e057e0df0,Board Meeting,"RELIANCE INDUSTRIES LTD.has informed BSE that the meeting of the Board of Directors of the Company is scheduled on 22/04/2024 ,inter alia, to consider and approve the standalone and consolidated ....",True,2024-04-15
500325_203,500325,Reliance Industries Ltd,2024-04-15 21:28:18.247,DissemDT,Potentially Price-Sensitive,Board / Management,1,7184c147-c430-4ae2-beab-993b3d6a52c9,Analyst / Investor Meet,"A meeting of the Board of Directors of the Company is scheduled to be held on Monday, April 22, 2024, inter alia, to  consider and approve the standalone and consolidated audited financial ....",False,2024-04-15
500325_204,500325,Reliance Industries Ltd,2024-04-16 16:11:44.810,DissemDT,Routine / Lower Signal,Regulatory / Compliance,2,"48e70794-be9e-43fe-86ad-977a881ffa62, d392e59a-a40a-4564-8f2f-7b1405178cb2",Reg. 39 (3) - Details of Loss of Certificate / Duplicate Certificate,"We enclose the details of Letters of Confirmation issued by the Company to its shareholders, in lieu of share certificates reported as lost by them. || We enclose the information regarding loss of share certificates for 8,461 shares received from the shareholders of the Comapny on April 15, 2024.",False,2024-04-16
500325_205,500325,Reliance Industries Ltd,2024-04-16 20:47:13.423,DissemDT,Routine / Lower Signal,Regulatory / Compliance,1,8e0cd679-f0c5-4734-bbf5-b3c96f3619dd,Reg. 7(3) – Compliance Certificate (RTA & Compliance Officer),"We enclose herewith the Compliance Certificate duly signed by the Compliance Officer of the Company and authorised representative of KFin Technologies Limited, Registrar and Share Transfer ....",False,2024-04-16
500325_206,500325,Reliance Industries Ltd,2024-04-17 12:05:14.213,DissemDT,Routine / Lower Signal,Regulatory / Compliance,2,"e2da85a0-3645-4c8a-bab0-6e7bf0c0a89e, c21760d6-b5fd-47a8-b9b0-81fe1622589a",Reg. 39 (3) - Details of Loss of Certificate / Duplicate Certificate; General,"We enclose the information regarding loss of share certificate(s) for 7,473 shares received from the shareholders of the Company on April 16, 2024. || Disclosure under Regulation 30 of the Securities and Exchange Board of India (Listing Obligations and Disclosure Requirements) Regulations, 2015.",False,2024-04-17
500325_207,500325,Reliance Industries Ltd,2024-04-19 19:51:33.453,DissemDT,Routine / Lower Signal,Regulatory / Compliance,1,46a66be9-4aee-4932-91b3-f9f29d9fb27e,Reg. 39 (3) - Details of Loss of Certificate / Duplicate Certificate,"We enclose the information regarding loss of share certificate(s) received from the shareholders of the Company on April 18, 2024 and April 19, 2024 aggregating to 7,621  shares.",False,2024-04-19
500325_208,500325,Reliance Industries Ltd,2024-04-22 19:00:20.190,DissemDT,Potentially Price-Sensitive,Financial Results,3,"191591ca-6d2e-4fc3-be1a-a5de31475cc7, 009e0322-2bda-4c89-a1be-14a96f44a9fd, d9132393-3923-4dad-98d7-9b5dd077ea79",Financial Results; Outcome of Board Meeting; Press Release / Media Release,"Audited Financial Results (Consolidated and Standalone) for the quarter / year ended March 31, 2024 || Outcome of the Board meeting || Media Release - Consolidated and Standalone Financial Results for the quarter / year ended March 31, 2024",True,2024-04-22
500325_209,500325,Reliance Industries Ltd,2024-04-22 22:36:36.923,DissemDT,Potentially Price-Sensitive,Financial Results,1,5c922751-a18c-4353-adbb-26d2931c7aa4,Investor Presentation,"Presentation made to analysts on Audited Financial Results (Consolidated and Standalone) for the quarter/ year ended March 31, 2024",True,2024-04-22
500325_21,500325,Reliance Industries Ltd,2023-09-08 18:22:40.803,DissemDT,Context-Dependent,Investor / Analyst,1,9785b7bd-3d43-498b-9334-cff13291b25f,General,"This is further to our letter dated September 1, 2023 made by the Company . We wish to inform you that the Company''s executives participated in the following Institutional Investors'' ....",False,2023-09-08
500325_210,500325,Reliance Industries Ltd,2024-04-23 06:52:05.897,DissemDT,Potentially Price-Sensitive,Financial Results,2,"08d35ae4-d1f5-4427-b539-77f1efaad9dd, 2be8ecec-e6c3-4ee6-96c1-d6797dbf9121",Earnings Call Transcript; General,"Pursuant to Regulation 30(6) of the SEBI (Listing Obligations and Disclosure Requirements) Regulations, 2015, the transcript of the presentation made on April 22, 2024, on Audited Financial .... || Pursuant to Regulation 30(6) of the SEBI (Listing Obligations and Disclosure Requirements) Regulations, 2015, the transcript of the presentation made on April 22, 2024, on Audited Financial ....",True,2024-04-23
500325_211,500325,Reliance Industries Ltd,2024-04-23 16:48:50.343,DissemDT,Routine / Lower Signal,Regulatory / Compliance,1,c0da1961-3656-4ded-9810-6d86972f895d,Reg. 39 (3) - Details of Loss of Certificate / Duplicate Certificate,"We enclose the information regarding loss of share certificate(s) for 12,212 shares received from the shareholder(s) of the Company on April 22, 2024.",False,2024-04-23
500325_212,500325,Reliance Industries Ltd,2024-04-24 18:03:35.667,DissemDT,Routine / Lower Signal,Regulatory / Compliance,2,"18d6cdc7-1c67-4b26-8f98-c2c4eab0c2cb, 8858c2b4-0d54-4e81-952e-a7b5cfdafc30",Reg. 39 (3) - Details of Loss of Certificate / Duplicate Certificate,"We enclose the information regarding loss of share certificate(s) for 2,242 shares received from the shareholder(s) of the Company on April 23, 2024. || We enclose the details of ''Letter(s) of Confirmation''  issued by the Company to its shareholders, in lieu of share certificate(s) reported as lost by them.",False,2024-04-24
500325_213,500325,Reliance Industries Ltd,2024-04-24 21:43:36.707,DissemDT,Potentially Price-Sensitive,Business / Strategic,1,1e2faf30-c990-4ba4-8b0c-4bdb30ab875f,Acquisition,"This is further to our letter dated March 22, 2024. Please note that the Company has today, acquired 100% equity stake of MSKVY Nineteenth Solar SPV Limited and MSKVY Twenty Second Solar ....",False,2024-04-24
500325_214,500325,Reliance Industries Ltd,2024-04-25 18:18:15.983,DissemDT,Routine / Lower Signal,Regulatory / Compliance,1,3bc3ed0d-8bb6-4292-9360-d9ff20b3b10e,Reg. 39 (3) - Details of Loss of Certificate / Duplicate Certificate,"We enclose the information regarding loss of share certificate(s) for 2,192 shares received from the shareholder(s) of the Company on April 24, 2024.",False,2024-04-25
500325_215,500325,Reliance Industries Ltd,2024-04-25 18:56:41.117,DissemDT,Routine / Lower Signal,Regulatory / Compliance,1,20d5dcb8-b172-487d-bdce-50489368fed2,Reg. 40 (10) - PCS Certificate for Transfer / Transmission / Transposition,"We send herewith a certificate for the year ended March 31, 2024, duly signed by M/s Shashikala Rao & Co., Company Secretaries, pursuant to the provisions under Regulation 40(9) of the ....",False,2024-04-25
500325_216,500325,Reliance Industries Ltd,2024-04-26 18:21:41.567,DissemDT,Routine / Lower Signal,Regulatory / Compliance,1,daf363c9-f0bd-4252-8c46-013949d96d10,Reg. 39 (3) - Details of Loss of Certificate / Duplicate Certificate,"We enclose the information regarding loss of share certificate(s) received from the shareholder(s) of the Company on April 25,2024 and April 26,2024 aggregating to 8,615 shares.",False,2024-04-26
500325_217,500325,Reliance Industries Ltd,2024-04-30 16:37:16.963,DissemDT,Routine / Lower Signal,Regulatory / Compliance,1,cb20c690-a285-41ec-b7c6-2af02a378d11,Reg. 39 (3) - Details of Loss of Certificate / Duplicate Certificate,We enclose the details of ''Letter(s) of Confirmation'' issued by the Company to its shareholder(s) in lieu of share certificate(s) reported as lost by them.,False,2024-04-30
500325_218,500325,Reliance Industries Ltd,2024-04-30 18:32:53.990,DissemDT,Routine / Lower Signal,Regulatory / Compliance,1,7a833238-86a9-48f5-b19c-b78715539a99,Reg. 39 (3) - Details of Loss of Certificate / Duplicate Certificate,"We enclose the information regarding loss of share certificate(s) received from the shareholder(s) of the Company on April 29, 2024 and April 30, 2024 aggregating to 16,740 shares.",False,2024-04-30
500325_219,500325,Reliance Industries Ltd,2024-04-30 21:05:09.463,DissemDT,Routine / Lower Signal,Regulatory / Compliance,1,ca71d117-c416-4fbc-a091-cd54130ef724,General,"Disclosure under Regulation 30 of the Securities and Exchange Board of India (Listing Obligations and Disclosure Requirements) Regulations, 2015",False,2024-04-30
500325_22,500325,Reliance Industries Ltd,2023-09-08 19:47:09.450,DissemDT,Routine / Lower Signal,Regulatory / Compliance,1,1b05d9c3-22f2-4d1b-8b9f-0c6e54d94171,Reg. 39 (3) - Details of Loss of Certificate / Duplicate Certificate,"We enclose the information regarding loss of share certificate(s) received from the shareholder(s) of the Company on September 07, 2023 and September 08, 2023 aggregating to 7,971 shares.",False,2023-09-08
500325_220,500325,Reliance Industries Ltd,2024-05-03 18:27:59.777,DissemDT,Routine / Lower Signal,Regulatory / Compliance,1,35a12630-2cc5-47fe-af58-fedf40edcddd,Reg. 39 (3) - Details of Loss of Certificate / Duplicate Certificate,"We enclose the information regarding loss of share certificate(s) received from the shareholder(s) of the Company on May 02, 2024 and May 03, 2024 aggregating to 19,024 shares.",False,2024-05-03
500325_221,500325,Reliance Industries Ltd,2024-05-07 17:52:25.940,DissemDT,Routine / Lower Signal,Regulatory / Compliance,2,"1ba89885-0eb0-44cb-ac69-fd3f97700c42, 9c4a52c8-8cd7-4542-a21a-d5165d53366d",Reg. 39 (3) - Details of Loss of Certificate / Duplicate Certificate,"We enclose the details of ''Letter of Confirmation(s)'' issued by the Company to its shareholders, in lieu of share certificate(s) reported as lost by them. || We enclose the information regarding loss of share certificate(s) for 5,196 shares received from the shareholder(s) of the Company on May 06,2024.",False,2024-05-07
500325_222,500325,Reliance Industries Ltd,2024-05-08 18:17:03.913,DissemDT,Potentially Price-Sensitive,Business / Strategic,2,"31f30b46-a489-4383-9bff-1edd4a8c9092, d8fafba3-9baa-4407-ae4a-3871ac4e710a",Reg. 39 (3) - Details of Loss of Certificate / Duplicate Certificate; Acquisition,"We enclose the information regarding loss of share certificate(s) for 4,267 shares received from the shareholder(s) of the Company on May 07,2024 || Acquisition of 100% equity stake of Reliance Chemicals and Materials Limited.",False,2024-05-08
500325_223,500325,Reliance Industries Ltd,2024-05-09 17:03:08.207,DissemDT,Routine / Lower Signal,Regulatory / Compliance,1,509b5824-306f-48f0-904c-8f2cf27da9fd,Reg. 39 (3) - Details of Loss of Certificate / Duplicate Certificate,"We enclose the information regarding loss of share certificate(s) for 4,292 shares received from the shareholder(s) of the Company on May 08,2024.",False,2024-05-09
500325_224,500325,Reliance Industries Ltd,2024-05-10 21:19:08.510,DissemDT,Routine / Lower Signal,Regulatory / Compliance,1,cdb1a87a-2346-46f1-8bab-0bd1516d2df5,Reg. 39 (3) - Details of Loss of Certificate / Duplicate Certificate,"We enclose the information regarding loss of share certificate(s) received from the shareholder(s) of the Company on May 09,2024 and May 10,2024 aggregating to 8,241 shares.",False,2024-05-10
500325_225,500325,Reliance Industries Ltd,2024-05-14 16:20:18.920,DissemDT,Routine / Lower Signal,Regulatory / Compliance,1,348272f8-803d-4168-b716-23385c9a42af,Reg. 39 (3) - Details of Loss of Certificate / Duplicate Certificate,"We enclose the details of ''Letter(s) of Confirmation'' issued by the Company to its shareholders, in lieu of share certificate(s) reported as lost by them.",False,2024-05-14
500325_226,500325,Reliance Industries Ltd,2024-05-15 17:36:04.297,DissemDT,Routine / Lower Signal,Regulatory / Compliance,1,d94fabcf-68a6-4093-a572-ae334f7b2ced,Reg. 39 (3) - Details of Loss of Certificate / Duplicate Certificate,"We enclose the information regarding loss of share certificate(s) for 4.728 shares received from the shareholder(s) of the Company on May 14, 2024.",False,2024-05-15
500325_227,500325,Reliance Industries Ltd,2024-05-15 22:43:16.023,DissemDT,Routine / Lower Signal,Regulatory / Compliance,1,b647e3fb-c41a-42d9-83e3-3093ac98bc02,Diversification / Disinvestment,Update on sale of 100% stake in REC Solar Norwary AS.,False,2024-05-15
500325_228,500325,Reliance Industries Ltd,2024-05-16 18:33:25.730,DissemDT,Routine / Lower Signal,Regulatory / Compliance,1,30ad83dc-369f-4b2a-ab8b-bc5027f799f5,Reg. 39 (3) - Details of Loss of Certificate / Duplicate Certificate,"We enclose the information regarding loss of share certificate(s) for 3,792 shares received from the shareholder(s) of the Company on May 15, 2024",False,2024-05-16
500325_229,500325,Reliance Industries Ltd,2024-05-17 19:45:20.677,DissemDT,Routine / Lower Signal,Regulatory / Compliance,1,4272f9b9-bf8c-4913-9a90-3dbd0af26d30,Reg. 39 (3) - Details of Loss of Certificate / Duplicate Certificate,"We enclose the information regarding loss of share certificate(s) received from the shareholder(s) of the Company on May 16, 2024 and May 17, 2024 aggregating to 12,062 shares.",False,2024-05-17
500325_23,500325,Reliance Industries Ltd,2023-09-11 18:50:22.327,DissemDT,Routine / Lower Signal,Regulatory / Compliance,1,1e6f59bb-a658-4e18-9e90-6579b5401044,Reg. 39 (3) - Details of Loss of Certificate / Duplicate Certificate,"We enclose the details of ''Letter(s) of Confirmation issued by the Company to its shareholders, in lieu of share certificate(s) reported as lost by them.",False,2023-09-11
500325_230,500325,Reliance Industries Ltd,2024-05-20 18:03:48.300,DissemDT,Potentially Price-Sensitive,Board / Management,1,b5d4c482-7202-4fc0-9d2c-a38113c434e0,Postal Ballot,"Disclosure under Regulation 30 of the Securities and Exchange Board of India (Listing Obligations and Disclosure Requirements) Regulations, 2015 - Postal Ballot Notice",False,2024-05-20
500325_231,500325,Reliance Industries Ltd,2024-05-21 16:57:04.420,DissemDT,Routine / Lower Signal,Regulatory / Compliance,1,53f825e2-8858-4cf4-9192-1e5cd6bf799c,Reg. 39 (3) - Details of Loss of Certificate / Duplicate Certificate,"We enclose the details of of ''Letter(s) of Confirmation'' issued by the Company to its shareholders, in lieu of share certificate(s) reported as lost by them.",False,2024-05-21
500325_232,500325,Reliance Industries Ltd,2024-05-21 18:19:16.517,DissemDT,Potentially Price-Sensitive,Business / Strategic,2,"4b8effdd-3262-4df0-b570-733eff6c40bb, 29825614-77dc-4fe0-b15c-852f8d427b06",Reg. 39 (3) - Details of Loss of Certificate / Duplicate Certificate; Press Release / Media Release,"We enclose the information regarding loss of share certificate(s) for 5,872 shares received from the shareholder(s) of the Company on May 20, 2024 || Please find attached a media release titled ""Nel ASA: Has signed  a licensing agreement with Reliance""",False,2024-05-21
500325_233,500325,Reliance Industries Ltd,2024-05-22 16:52:48.053,DissemDT,Potentially Price-Sensitive,Board / Management,1,23951cab-bc0f-4a2f-986b-da927d179412,Postal Ballot,"The Company had published a notice in the following newspapers:

(i) ""The Times of India"", all India Editions, in English language; and
(ii) ""Maharashtra Times'''', all Editions, in ....",False,2024-05-22
500325_234,500325,Reliance Industries Ltd,2024-05-22 18:09:01.500,DissemDT,Routine / Lower Signal,Regulatory / Compliance,1,985e11de-a036-44fa-bc8a-9996ff8ad17f,Reg. 39 (3) - Details of Loss of Certificate / Duplicate Certificate,"We enclose the information regarding loss of share certificate(s) for 5,315 shares received from the shareholder(s) of the Company on May 21, 2024.",False,2024-05-22
500325_235,500325,Reliance Industries Ltd,2024-05-23 18:17:42.447,DissemDT,Routine / Lower Signal,Regulatory / Compliance,1,45e13969-712c-462e-b004-911fe00b42d2,Reg. 39 (3) - Details of Loss of Certificate / Duplicate Certificate,"We enclose the information regarding loss of share certificate(s) for 3,208 shares received from the shareholder(s) of the Company on May 22, 2024.",False,2024-05-23
500325_236,500325,Reliance Industries Ltd,2024-05-24 18:37:06.190,DissemDT,Context-Dependent,Investor / Analyst,2,"5ee09ebc-8f4b-4168-a477-915f1edbb8bd, 7aad0eec-7265-4888-9a99-e96ef656008e",Reg. 39 (3) - Details of Loss of Certificate / Duplicate Certificate; Analyst / Investor Meet,"We enclose the information regarding loss of share certificate(s) received from the shareholder(s) of the Company on May 23, 2024 and May 24, 2024 aggregating to 22,668 shares. || Please note that the Company executives will be participating in Institutional Investors'' Meeting -  Citi''s 2024 Macro & Pan-Asia Regional Conference on May 29, 2024. It is expected that ....",False,2024-05-24
500325_237,500325,Reliance Industries Ltd,2024-05-27 22:38:55.893,DissemDT,Context-Dependent,Investor / Analyst,1,a28f2b6e-5304-4ad4-9e08-262166390576,General,"Presentation on Item No. 4 and 5 of the Postal Ballot Notice dated April 22, 2024",False,2024-05-27
500325_238,500325,Reliance Industries Ltd,2024-05-28 16:55:57.680,DissemDT,Routine / Lower Signal,Regulatory / Compliance,2,"9660a8d4-9d01-4a3a-aa43-03d2c70e967b, a664f44f-164b-43a0-b000-0016e76eb795",Reg. 39 (3) - Details of Loss of Certificate / Duplicate Certificate,"We enclose the details of ''Letter(s) of Confirmation'' issued by the Company to its shareholders, in lieu of share certificate(s) reported as lost by them. || We enclose the information regarding loss of share certificate(s) for 5,663 shares received from the shareholder(s) of the Company on May 27, 2024.",False,2024-05-28
500325_239,500325,Reliance Industries Ltd,2024-05-29 16:43:43.077,DissemDT,Routine / Lower Signal,Regulatory / Compliance,1,5ede0c6b-6f31-4115-888e-8d909c6a3895,Reg. 39 (3) - Details of Loss of Certificate / Duplicate Certificate,"We enclose the information regarding loss of share certificate(s) for 2,482 shares received from the shareholder(s) of the Company on May 28, 2024.",False,2024-05-29
500325_24,500325,Reliance Industries Ltd,2023-09-11 19:58:57.090,DissemDT,Potentially Price-Sensitive,Business / Strategic,1,c2fa3ca7-676a-4bdf-8471-da0f7d1baa56,Press Release / Media Release,"Please find attached, a media release by Reliance Retail Ventures Limited, a subsidiary of the Company, titled ""KKR TO INVEST Rs. 2,069.50 CRORE IN RELIANCE RETAIL VENTURES LIMITED AT AN ....",False,2023-09-11
500325_240,500325,Reliance Industries Ltd,2024-05-29 18:39:06.743,DissemDT,Context-Dependent,Investor / Analyst,2,"dc679bc1-44af-4c8c-90ac-9127d9ec499c, 472bab10-58f7-41e0-bcac-e04fb44a37bd",Analyst / Investor Meet; General,"Please note that the Company executives will be participating in the Institutional Investors'' Meeting - BofA 2024 India Conference on June 3, 2024 at Mumbai. It is expected that the meeting .... || This is further to the disclosure dated May 24, 2024 made by the Company. We wish to inform you that the Company executives participated in the Institutional Investors'' Meeting - Citi''s ....",False,2024-05-29
500325_241,500325,Reliance Industries Ltd,2024-05-29 19:34:09.920,DissemDT,Routine / Lower Signal,Regulatory / Compliance,1,1ac3ffa1-1182-4d8f-befd-22c9e1af032a,Reg.24(A)-Annual Secretarial Compliance,"Annual Secretarial Compliance Report for the financial year ended March 31, 2024",False,2024-05-29
500325_242,500325,Reliance Industries Ltd,2024-05-30 16:46:18.480,DissemDT,Routine / Lower Signal,Regulatory / Compliance,1,793877fe-e87e-4e3d-9176-578bf8ef1855,Reg. 39 (3) - Details of Loss of Certificate / Duplicate Certificate,"We enclose the information regarding loss of share certificate(s) for 2,623 shares received from the shareholder(s) of the Company on May 29, 2024.",False,2024-05-30
500325_243,500325,Reliance Industries Ltd,2024-05-31 19:24:29.140,DissemDT,Routine / Lower Signal,Regulatory / Compliance,1,22036e0b-93d7-4c01-ae0d-094120f79ef6,Reg. 39 (3) - Details of Loss of Certificate / Duplicate Certificate,"We enclose the information regarding loss of share certificate(s) received from the shareholder(s) of the Company on May 30, 2024 and May 31, 2024 aggregating to 8,082 shares.",False,2024-05-31
500325_244,500325,Reliance Industries Ltd,2024-06-03 19:26:48.500,DissemDT,Context-Dependent,Investor / Analyst,1,a0fd1b6e-59ea-4f96-acbe-bd3e3593f014,General,"This is further to the disclosure dated May 29, 2024 made by the Company. We wish to inform you that the Company executives participated in the Institutional Investors'' Meeting- BofA 2024 ....",False,2024-06-03
500325_245,500325,Reliance Industries Ltd,2024-06-04 09:00:52.110,DissemDT,Routine / Lower Signal,Regulatory / Compliance,1,ff279ade-7b09-42a1-959b-52f925d679bf,General,Registration of sub-lease deeds for land to develop Integrated Industrial Area in Maharashtra,False,2024-06-04
500325_246,500325,Reliance Industries Ltd,2024-06-04 17:43:26.197,DissemDT,Routine / Lower Signal,Regulatory / Compliance,2,"0d11622f-f700-4045-b2f2-a04a91d3ea8d, 9040c4bb-fc8b-4c37-8ffa-62aac7188b96",Reg. 39 (3) - Details of Loss of Certificate / Duplicate Certificate,"We enclose the details of '' Letter(s) of Confirmation'' issued by the Company to its shareholders, in lieu of share certificate(s) reported as lost by them. || We enclose the information regarding loss of share certificate(s) for 10,701 shares received from the shareholder(s) of the Company on June 03, 2024.",False,2024-06-04
500325_247,500325,Reliance Industries Ltd,2024-06-05 17:05:22.503,DissemDT,Routine / Lower Signal,Regulatory / Compliance,1,48fc7f0a-2374-4d3f-a8a6-62daf08287f3,Reg. 39 (3) - Details of Loss of Certificate / Duplicate Certificate,"We enclose the information regarding loss of share certificate(s) for 5,354 shares received from the shareholder(s) of the Company on June 04, 2024.",False,2024-06-05
500325_248,500325,Reliance Industries Ltd,2024-06-05 19:26:40.237,DissemDT,Context-Dependent,Investor / Analyst,2,"c7fe53f2-7c7c-4299-bce1-f19b52a9f854, 0d7b5863-8c59-4da5-9ad5-4153b4c07b2d",Analyst / Investor Meet,"Please note that the Company executives will be participating in the Institutional Investors' Meeting - Kotak India Corporate Day on June 10, 2024 in London. It is expected that the meeting .... || Please note that the Company executives will be participating in the Institutional Investors' Meeting: Non-Deal Roadshow with J.P. Morgan on June 11, 2024 in London. It is expected that ....",False,2024-06-05
500325_249,500325,Reliance Industries Ltd,2024-06-06 16:40:29.323,DissemDT,Routine / Lower Signal,Regulatory / Compliance,1,b7440907-3578-4d37-8a4f-e6398ee852c5,Reg. 39 (3) - Details of Loss of Certificate / Duplicate Certificate,"We enclose the information regarding loss of share certificate(s) for 5,810 shares received from the shareholder(s) of the Company on June 05, 2024.",False,2024-06-06
500325_25,500325,Reliance Industries Ltd,2023-09-12 19:16:05.867,DissemDT,Routine / Lower Signal,Regulatory / Compliance,1,e11ced08-00ad-4d6c-81b8-04e4433a4289,Reg. 39 (3) - Details of Loss of Certificate / Duplicate Certificate,"We enclose the information regarding loss of share certificate(s) for 7,506 shares received from the shareholder(s) of the Company on September 11, 2023.",False,2023-09-12
500325_250,500325,Reliance Industries Ltd,2024-06-07 18:37:26.437,DissemDT,Routine / Lower Signal,Regulatory / Compliance,1,de10a47d-df8a-4791-9c1c-be1ca424d836,Reg. 39 (3) - Details of Loss of Certificate / Duplicate Certificate,"We enclose the information regarding loss of share certificate(s) received from the shareholder(s) of the Company on June 06, 2024 and June 07, 2024 aggregating to 4,915 shares.",False,2024-06-07
500325_251,500325,Reliance Industries Ltd,2024-06-10 19:25:46.003,DissemDT,Context-Dependent,Investor / Analyst,1,b5d77f2d-476d-4eb6-aefa-c7e59b813ebd,Analyst / Investor Meet,"Please note that the Company executives will be participating in the Institutional Investors'' Meeting - Morgan Stanley India Investment Forum on June 13, 2024. It is expected that the ....",False,2024-06-10
500325_252,500325,Reliance Industries Ltd,2024-06-10 23:15:49.547,DissemDT,Context-Dependent,Investor / Analyst,1,c91159e1-09b5-455c-97be-d77b8f038c7e,General,"This is further to the disclosure dated June 5, 2024 made by the Company. We wish to inform you that the Company executives participated in the Institutional Investor Meeting - Kotak India ....",False,2024-06-10
500325_253,500325,Reliance Industries Ltd,2024-06-11 18:23:27.703,DissemDT,Routine / Lower Signal,Regulatory / Compliance,2,"b107f40e-0ac4-49c3-9e03-4e1ba95c289b, 5ce95898-23bb-47a5-9a27-e4178afa2fdb",Reg. 39 (3) - Details of Loss of Certificate / Duplicate Certificate,"We enclose the details of ''Letter(s)  of Confirmation'' issued by the Company to its shareholders, in lieu of share certificate(s) reported as lost by them. || We enclose the information regarding loss of share certificate(s) for 6,452 shares received from the shareholder(s) of the Company on June 10, 2024.",False,2024-06-11
500325_254,500325,Reliance Industries Ltd,2024-06-11 23:35:49.430,DissemDT,Context-Dependent,Investor / Analyst,1,c34817b7-7b07-41b2-8ec3-cfe5a1b0a6d4,General,"This is further to the disclosure dated June 5, 2024 made by the Company. We wish to inform you that the Company executives participated in the Institutional Investors'' Meeting- Non-Deal ....",False,2024-06-11
500325_255,500325,Reliance Industries Ltd,2024-06-12 17:01:57.043,DissemDT,Routine / Lower Signal,Regulatory / Compliance,1,dc605215-98e8-474c-8b23-83f9dd210ab2,Reg. 39 (3) - Details of Loss of Certificate / Duplicate Certificate,"We enclose the information regarding loss of share certificate(s) for 3,855 shares received from the shareholder(s) of the Company on June 11, 2024.",False,2024-06-12
500325_256,500325,Reliance Industries Ltd,2024-06-13 16:53:15.927,DissemDT,Routine / Lower Signal,Regulatory / Compliance,1,aa6a162a-ce07-4d22-87ec-90a556b4bd82,Reg. 39 (3) - Details of Loss of Certificate / Duplicate Certificate,"We enclose the information regarding loss of share certificate(s) for 2,023 shares received from the shareholder(s) of the Company on June 12, 2024.",False,2024-06-13
500325_257,500325,Reliance Industries Ltd,2024-06-13 19:47:42.753,DissemDT,Context-Dependent,Investor / Analyst,1,7fcddbe9-8e22-45f6-8f2a-3077f1276b2b,General,"This is further to the disclosure dated June 10, 2024 made by the Company. We wish to inform you that the Company executives participated in the Institutional Investors'' Meeting- Morgan ....",False,2024-06-13
500325_258,500325,Reliance Industries Ltd,2024-06-13 22:12:29.477,DissemDT,Potentially Price-Sensitive,Corporate Actions,1,fd055b12-5ec4-48be-8eee-09b865618d29,Allotment of ESOP / ESPS,"We wish to inform you that the Company has alloted today, 1,20,000 equity shares of Rs 10/- each pursuant to Reliance Industries Limited Employees'' Stock Option Scheme 2017.",False,2024-06-13
500325_259,500325,Reliance Industries Ltd,2024-06-14 19:07:08.290,DissemDT,Routine / Lower Signal,Regulatory / Compliance,1,924707b5-cdbd-4ae2-a64a-364915081ef2,Reg. 39 (3) - Details of Loss of Certificate / Duplicate Certificate,"We enclose the information regarding loss of share certificate(s) received from the shareholder(s) of the Company on June 13, 2024 and June 14, 2024 aggregating to 9,666 shares.",False,2024-06-14
500325_26,500325,Reliance Industries Ltd,2023-09-12 21:09:49.670,DissemDT,Context-Dependent,Investor / Analyst,1,1c6e148b-2e35-43e1-adba-c7fc2f786889,General,"This is further to our letter dated September 1, 2023 made by the Company. We wish to inform you that the Company''s executives participated in the CLSA Investors'' Forum 2023 held on September ....",False,2023-09-12
500325_260,500325,Reliance Industries Ltd,2024-06-18 17:26:00.100,DissemDT,Routine / Lower Signal,Regulatory / Compliance,1,57556d85-c608-441e-873e-0f1af6ea42aa,Reg. 39 (3) - Details of Loss of Certificate / Duplicate Certificate,"We enclose the details of ''Letter(s) of Confirmation'' issued by the Company to its shareholders, in lieu of share certificate(s) reported as lost by them.",False,2024-06-18
500325_261,500325,Reliance Industries Ltd,2024-06-19 16:38:05.127,DissemDT,Routine / Lower Signal,Regulatory / Compliance,1,66cf3414-2452-45ba-8c78-4648a30abb98,Reg. 39 (3) - Details of Loss of Certificate / Duplicate Certificate,"We enclose the information regarding loss of share certificates for 5,261 shares received from the shareholders of the Company on June 18, 2024.",False,2024-06-19
500325_262,500325,Reliance Industries Ltd,2024-06-20 17:08:31.577,DissemDT,Routine / Lower Signal,Regulatory / Compliance,1,f692937a-9aa8-4fa6-b541-22139f5af4af,Reg. 39 (3) - Details of Loss of Certificate / Duplicate Certificate,"We enclose the information regarding loss of share certificate(s) for 3,209 shares received from the shareholder(s) of the Company on June 19, 2024.",False,2024-06-20
500325_263,500325,Reliance Industries Ltd,2024-06-21 19:09:47.957,DissemDT,Potentially Price-Sensitive,Board / Management,3,"7741cd69-10b1-4ea8-b78c-4c67268a345e, 28f0b3ff-72bf-4e05-8ffa-5b87241a5eb2, b3795e01-2a22-4ca3-adba-2c39427e87aa",Reg. 39 (3) - Details of Loss of Certificate / Duplicate Certificate; Postal Ballot; Change in Directorate,"We enclose the information regarding loss of share certificate(s) received from the shareholder(s) of the Company on June 20, 2024 and June 21, 2024 aggregating to 76, 841 shares. || The voting results in the format prescribed under Regulation 44(3) of the Securities and Exchange Board of India (Listing Obligations and Disclosure Requirements) Regulations, 2015 along .... || This is to inform you that the members of the Company have approved: (i) Re-appointment of His Excellency Yasir Othman H. Al. Rumayyan as an Independent Director of the Company for a second ....",False,2024-06-21
500325_264,500325,Reliance Industries Ltd,2024-06-25 17:42:35.650,DissemDT,Routine / Lower Signal,Regulatory / Compliance,2,"a5805cc9-a616-4a66-977b-d3b8b4dfad5e, 877d1677-d89a-4655-8fde-0bc2b6d483b9",Reg. 39 (3) - Details of Loss of Certificate / Duplicate Certificate,"We enclose the details of '' Letter(s) of Confirmation"" issued by the Company to its shareholders, in lieu of share certificate(s) reported as lost by them. || We enclose the information regarding loss of share certificate(s) for 3,600 shares received from the shareholder(s) of the Company on June 24, 2024.",False,2024-06-25
500325_265,500325,Reliance Industries Ltd,2024-06-26 17:38:35.867,DissemDT,Routine / Lower Signal,Regulatory / Compliance,1,e9e9fd52-b5b8-46a9-9f02-ebc86d7bc329,Reg. 39 (3) - Details of Loss of Certificate / Duplicate Certificate,"We enclose the information regarding loss of share certificate(s) for 4,429 shares received from the shareholder(s) of the Company on June 25, 2024.",False,2024-06-26
500325_266,500325,Reliance Industries Ltd,2024-06-26 20:25:16.987,DissemDT,Potentially Price-Sensitive,Business / Strategic,1,5f411053-b3d2-4952-b2c1-8dd48d22e5b4,General,"Please find attached a media release by Reliance Jio Infocomm Limited, a subsidiary of the Company titled ""Jio consolidates its leadership position by acquiring the right to use spectrum ....",False,2024-06-26
500325_267,500325,Reliance Industries Ltd,2024-06-26 23:25:06.473,DissemDT,Potentially Price-Sensitive,Business / Strategic,1,223c6afd-b416-4bfd-9cde-9d1ceff837a5,Other,"Disclosure under Regulation 30(11) of the Securities and Exchange Board of India (Listing Obligations and Disclosure Requirements) Regulations, 2015 - News Clarification",False,2024-06-26
500325_268,500325,Reliance Industries Ltd,2024-06-27 16:43:01.750,DissemDT,Routine / Lower Signal,Regulatory / Compliance,1,71ec75d0-9092-4b76-bc14-276a245d2753,Reg. 39 (3) - Details of Loss of Certificate / Duplicate Certificate,"We enclose the information regarding loss of share certificate(s) for 2,151 shares received from the shareholder(s) of the Company on June 26, 2024.",False,2024-06-27
500325_269,500325,Reliance Industries Ltd,2024-06-27 18:07:49.860,DissemDT,Potentially Price-Sensitive,Business / Strategic,1,cc42443e-db60-47cd-992c-96f920e977c1,General,"Please find attached a media release by Reliance Jio Infocomm Limited, a subsidiary of the Company titled ""JIO INTRODUCES NEW UNLIMITED PLANS""",False,2024-06-27
500325_27,500325,Reliance Industries Ltd,2023-09-13 18:58:32.957,DissemDT,Routine / Lower Signal,Regulatory / Compliance,1,640c26c1-4241-4a71-bd76-74f3e73d05c4,Reg. 39 (3) - Details of Loss of Certificate / Duplicate Certificate,"We enclose the information regarding loss of share certificate(s) for 2,673 shares received from the shareholder(s) of the Company on September 12, 2023.",False,2023-09-13
500325_270,500325,Reliance Industries Ltd,2024-06-28 18:05:56.110,DissemDT,Potentially Price-Sensitive,Board / Management,1,ed041886-7033-4eb0-a26d-63ea6f44920f,Closure of Trading Window,"This is to inform that pursuant to the Reliance Code to Regulate, Monitor and Report Trading by Directors, Promoters, Designated Persons and Specified Connected Persons of the Company and ....",False,2024-06-28
500325_271,500325,Reliance Industries Ltd,2024-06-28 19:59:14.307,DissemDT,Routine / Lower Signal,Regulatory / Compliance,1,a13d41fe-ef13-4749-9a52-14c8b9c0fe96,Reg. 39 (3) - Details of Loss of Certificate / Duplicate Certificate,"We enclose the information regarding loss of share certifcate(s) received from the shareholder(s) of the Company on June 27, 2024 and June 28, 2024 aggregating to 12,299 shares.",False,2024-06-28
500325_272,500325,Reliance Industries Ltd,2024-07-02 16:50:01.290,DissemDT,Routine / Lower Signal,Regulatory / Compliance,2,"a640b49a-078c-423c-a07f-fb20958a53da, 6c73ff28-539b-4141-83cc-0dd8f38281b5",Reg. 39 (3) - Details of Loss of Certificate / Duplicate Certificate,"We enclose the information regarding loss of share certificate(s) for 4,400 shares received from the shareholder(s) of the Company on July 01, 2024. || We enclose the details of ''Letter(s) of Confirmation'' issued by the Company to its shareholders, in lieu of share certificate(s) reported as lost by them.",False,2024-07-02
500325_273,500325,Reliance Industries Ltd,2024-07-03 18:17:49.627,DissemDT,Routine / Lower Signal,Regulatory / Compliance,1,c4f62155-baf0-4179-a77b-d68a9bec45fc,Reg. 39 (3) - Details of Loss of Certificate / Duplicate Certificate,"We enclose the information regarding loss of share certificate(s) for 4,144 shares received from the shareholder(s) of the Company on July 02, 2024.",False,2024-07-03
500325_274,500325,Reliance Industries Ltd,2024-07-04 18:40:19.840,DissemDT,Routine / Lower Signal,Regulatory / Compliance,1,1c99f178-a8c7-4beb-8bf0-318db3268ead,Reg. 39 (3) - Details of Loss of Certificate / Duplicate Certificate,"We enclose the information regarding loss of share certificate(s) for 2,618 shares received from the shareholder(s) of the Company on July 03, 2024.",False,2024-07-04
500325_275,500325,Reliance Industries Ltd,2024-07-05 18:35:52.533,DissemDT,Routine / Lower Signal,Regulatory / Compliance,1,ebd6267f-b24c-450c-b29d-eabfe32568f2,Reg. 39 (3) - Details of Loss of Certificate / Duplicate Certificate,"We enclose the information regarding loss of share certificate(s) received from the shareholders of the Company on July 04, 2024 and July 05, 2024 aggregating to 30,730 shares.",False,2024-07-05
500325_276,500325,Reliance Industries Ltd,2024-07-05 22:11:36.920,DissemDT,Potentially Price-Sensitive,Credit / Financing,1,b9b66a3e-c3b0-48b8-9c18-e45a1a488c3f,Credit Rating,Re-affirmation of rating with respect to the Non-convertible Debentures and Commercial Paper of the Company,False,2024-07-05
500325_277,500325,Reliance Industries Ltd,2024-07-09 17:47:31.950,DissemDT,Routine / Lower Signal,Regulatory / Compliance,2,"f06a0955-9a26-49e3-abe7-ea171abd5797, 280b7adc-d3f1-4124-80cc-e96d0d844004",Reg. 39 (3) - Details of Loss of Certificate / Duplicate Certificate,"We enclose the details of ''Letter(s) of Confirmation'' issued by the Company to its shareholders, in lieu of share certificate(s) reported as lost by them. || We enclose the information regarding loss of share certificate(s) for 5,886 shares received from the shareholder(s) of the Company on July 08, 2024.",False,2024-07-09
500325_278,500325,Reliance Industries Ltd,2024-07-09 22:00:03.587,DissemDT,Potentially Price-Sensitive,Business / Strategic,1,60c67072-d533-42d7-ace0-0df5e809df31,Acquisition,"This is further to the disclosure dated March 27, 2024.

The Company has today, upon completion of conditions precedent, subscribed to 5,00,00,000 Class ''B'' equity shares of face value ....",False,2024-07-09
500325_279,500325,Reliance Industries Ltd,2024-07-10 17:39:02.477,DissemDT,Routine / Lower Signal,Regulatory / Compliance,1,659ec424-3360-4e87-87cb-cd62f1a7785a,Reg. 39 (3) - Details of Loss of Certificate / Duplicate Certificate,"We enclose the information regarding loss of share certificate(s) for 2,475 shares received from the shareholder(s) of the Company on July 09, 2024.",False,2024-07-10
500325_28,500325,Reliance Industries Ltd,2023-09-14 18:50:01.547,DissemDT,Routine / Lower Signal,Regulatory / Compliance,1,60104303-c284-46d2-81a1-89c501eb92a3,Reg. 39 (3) - Details of Loss of Certificate / Duplicate Certificate,"We enclose the information regarding loss of share certificate(s) for 2,876 shares received from the shareholder(s) of the Company on September 13, 2023.",False,2023-09-14
500325_280,500325,Reliance Industries Ltd,2024-07-11 17:53:02.980,DissemDT,Routine / Lower Signal,Regulatory / Compliance,1,17e0166f-a0e3-4f3e-ad32-20f557baffc7,Reg. 39 (3) - Details of Loss of Certificate / Duplicate Certificate,"We enclose the information regarding loss of share certificate(s) for 2,869 shares received from the shareholder(s) of the Company on July 10, 2024.",False,2024-07-11
500325_281,500325,Reliance Industries Ltd,2024-07-11 22:58:48.420,DissemDT,Potentially Price-Sensitive,Financial Results,1,233610a6-24af-4d35-bb6a-505f86f27b87,Board Meeting,"RELIANCE INDUSTRIES LTD.has informed BSE that the meeting of the Board of Directors of the Company is scheduled on 19/07/2024 ,inter alia, to consider and approve the standalone and consolidated ....",True,2024-07-11
500325_282,500325,Reliance Industries Ltd,2024-07-12 12:56:44.097,DissemDT,Routine / Lower Signal,Regulatory / Compliance,1,2ebb2f47-13c9-42d1-a1a1-324e1776f170,General,"Disclosure under Regulation 30 of the Securities and Exchange Board of India (Listing Obligations and Disclosure Requirements) Regulations, 2015",False,2024-07-12
500325_283,500325,Reliance Industries Ltd,2024-07-12 16:57:49.033,DissemDT,Potentially Price-Sensitive,Board / Management,1,3db6bd32-cc20-4cc2-85cd-6c06e3952b13,Analyst / Investor Meet,"A meeting of Board of Directors of the Company is scheduled to be held on Friday, July 19, 2024, inter alia,  to consider and approve the standalone and consolidated unaudited financial ....",False,2024-07-12
500325_284,500325,Reliance Industries Ltd,2024-07-12 18:20:50.320,DissemDT,Routine / Lower Signal,Regulatory / Compliance,1,1f94a734-ff16-40be-82a3-9548e8915b71,Reg. 39 (3) - Details of Loss of Certificate / Duplicate Certificate,"We enclose the information regarding loss of share certificate(s)  received from the shareholder(s) of the Company on July 11, 2024 and July 12, 2024 aggregating to 14,931 shares.",False,2024-07-12
500325_285,500325,Reliance Industries Ltd,2024-07-16 17:02:55.300,DissemDT,Routine / Lower Signal,Regulatory / Compliance,1,d5934234-49e7-41a9-add7-ee2f7d10a807,Reg. 39 (3) - Details of Loss of Certificate / Duplicate Certificate,"We enclose the information regarding loss of share certifciates for 5,030 shares received from the shareholders of the Company on July 15, 2024,",False,2024-07-16
500325_286,500325,Reliance Industries Ltd,2024-07-17 19:24:45.470,DissemDT,Routine / Lower Signal,Regulatory / Compliance,1,880736d1-ff87-40e6-b718-cb5ffe7f1228,Reg. 39 (3) - Details of Loss of Certificate / Duplicate Certificate,"We enclose the information regarding loss of share certificate(s) for 3,374 shares received from the shareholder(s) of the Company on July 16, 2024.",False,2024-07-17
500325_287,500325,Reliance Industries Ltd,2024-07-18 18:33:05.320,DissemDT,Routine / Lower Signal,Regulatory / Compliance,1,6d401043-4531-4228-b0b4-305c29dec4fa,Reg. 39 (3) - Details of Loss of Certificate / Duplicate Certificate,"We enclose the details of ''Letter(s) of Confirmation'' issued by the Company to its shareholders, in lieu of share certificate(s) reported as lost by them.",False,2024-07-18
500325_288,500325,Reliance Industries Ltd,2024-07-19 19:15:49.413,DissemDT,Potentially Price-Sensitive,Financial Results,3,"e1e631b1-c7e8-4b69-af6d-50f34bc48edb, 8a39822f-1d9c-45ae-8928-3e1d5153759d, 60a04feb-2874-44fa-b038-81f7848fc9a0",Financial Results; Press Release / Media Release; Reg. 39 (3) - Details of Loss of Certificate / Duplicate Certificate,"Please find attached, Consolidated and Standalone Unaudited Financial Results for the quarter ended June 30, 2024. || Please find attached a media release on the consolidated and standalone unaudited financial results for the quarter ended June 30, 2024. || We enclose the information regarding loss of share certificate(s) received from the shareholder(s) of the Company  on July 18, 2024 and July 19, 2024 aggregating to 8,507 shares.",True,2024-07-19
500325_289,500325,Reliance Industries Ltd,2024-07-19 22:07:57.400,DissemDT,Potentially Price-Sensitive,Financial Results,1,97d1877e-89d8-4064-8bac-6d7059330165,Investor Presentation,"Presentation made to the analysts on the Unaudited Financial Results (Consolidated and Standalone) for the quarter ended June 30, 2024, is attached.",True,2024-07-19
500325_29,500325,Reliance Industries Ltd,2023-09-14 22:36:08.013,DissemDT,Routine / Lower Signal,Regulatory / Compliance,2,"ad7254a5-f0ef-4f97-80dd-fdbf78f61d82, b6b8f15a-9aa0-4618-89c6-001f6c03fc4b",General,This is to inform that the Company is proposing to undertake shutdown of certain units at Jamnagar for planned maintenance and inspection activities. || Contact details of Key Managerial Personnel of the Company authorised under Regulation 30(5) of the Securities and Exchange Board of India (Listing Obligations and Disclosure Requirements) ....,False,2023-09-14
500325_290,500325,Reliance Industries Ltd,2024-07-20 09:59:41.763,DissemDT,Potentially Price-Sensitive,Financial Results,2,"7aa08d16-d97f-4976-8c17-dd9d156d5338, ca474f0b-0fc1-4f2b-a449-65112b8dbdc0",Earnings Call Transcript; General,"Audio / video recording and transcript of the presentation made to analysts on the Unaudited Financial Results (Consolidated and Standalone) for the quarter ended June 30, 2024 || Audio / video recording and transcript of the presentation made to analysts on the Unaudited Financial Results (Consolidated and Standalone) for the quarter ended June 30, 2024",True,2024-07-20
500325_291,500325,Reliance Industries Ltd,2024-07-22 20:53:00.247,DissemDT,Potentially Price-Sensitive,Business / Strategic,1,391af3bd-ace1-423b-bcad-d8731463cd76,Acquisition,Acquisition of stake in Reliance Lithium Werks B.V.,False,2024-07-22
500325_292,500325,Reliance Industries Ltd,2024-07-23 16:57:07.660,DissemDT,Routine / Lower Signal,Regulatory / Compliance,2,"7ba55cdb-bfd1-4a99-906f-e23394bb0c09, 6d6643b8-611b-4896-9124-61856147ee00",Reg. 39 (3) - Details of Loss of Certificate / Duplicate Certificate,"We enclose the details of ''Letter(s) of Confirmation'' issued by the Company to its shareholders, in lieu of share certificate(s) reported as lost by them. || We enclose the information regarding loss of share certificate(s) for 10,593 shares received from the shareholder(s) of the Company on July 22, 2024.",False,2024-07-23
500325_293,500325,Reliance Industries Ltd,2024-07-24 18:07:34.633,DissemDT,Routine / Lower Signal,Regulatory / Compliance,1,1e35fb96-9e95-4a43-a323-28d7bf832f8c,Reg. 39 (3) - Details of Loss of Certificate / Duplicate Certificate,"We enclose the information regarding loss of share certificate(s) for 3,458 shares received from the shareholder(s) of the Company on July 23, 2024.",False,2024-07-24
500325_294,500325,Reliance Industries Ltd,2024-07-25 16:30:16.767,DissemDT,Routine / Lower Signal,Regulatory / Compliance,1,f13bdf2a-91fa-4063-bc03-9e7e40eeb220,Reg. 39 (3) - Details of Loss of Certificate / Duplicate Certificate,"We enclose the information regarding loss of share certificate(s) for 6,399 shares received from the shareholder(s) of the Company on July 24, 2024.",False,2024-07-25
500325_295,500325,Reliance Industries Ltd,2024-07-26 18:38:17.233,DissemDT,Routine / Lower Signal,Regulatory / Compliance,1,1280fd74-7ac5-4765-a950-e517df721a7f,Reg. 39 (3) - Details of Loss of Certificate / Duplicate Certificate,"We enclose the information regarding loss of share certificate(s) received from the shareholder(s) of the Company on July 25, 2024 and July 26, 2024 aggregating to 13,021 shares.",False,2024-07-26
500325_296,500325,Reliance Industries Ltd,2024-07-30 17:45:42.427,DissemDT,Routine / Lower Signal,Regulatory / Compliance,2,"707d38ee-2df0-49af-981f-270577489b77, fa77d2c0-b0cd-455b-89ef-48ee0d5931b1",Reg. 39 (3) - Details of Loss of Certificate / Duplicate Certificate,"We enclose the details of Letter(s) of Confirmation issued by the Company to its shareholders, in lieu of share certificate(s) reported as lost by them. || We enclose the information regarding loss of share certificate(s) for 7,927 shares received from the shareholder(s) of the Company on July 29, 2024.",False,2024-07-30
500325_297,500325,Reliance Industries Ltd,2024-07-31 18:12:03.470,DissemDT,Routine / Lower Signal,Regulatory / Compliance,1,0e98e469-c084-4fb6-94a6-8428762cd961,Reg. 39 (3) - Details of Loss of Certificate / Duplicate Certificate,"We enclose the information regarding loss of share certificate(s) for 3,953 shares received from the shareholder(s) of the Company on July 30, 2024",False,2024-07-31
500325_298,500325,Reliance Industries Ltd,2024-08-01 17:26:17.423,DissemDT,Routine / Lower Signal,Regulatory / Compliance,1,49f4cc84-e60e-4043-8bf5-45d862680ce0,Reg. 39 (3) - Details of Loss of Certificate / Duplicate Certificate,"We enclose the information regarding loss of share certificate(s) for 3,272 shares received from the shareholder(s) of the Company on July 31, 2024.",False,2024-08-01
500325_299,500325,Reliance Industries Ltd,2024-08-02 19:36:00.110,DissemDT,Routine / Lower Signal,Regulatory / Compliance,1,2d6c6e2e-a796-45c4-9e19-4f4929e3a930,Reg. 39 (3) - Details of Loss of Certificate / Duplicate Certificate,"We enclose the information regarding loss of share certificates received from the shareholder(s) of the Company on August 1, 2024 and August 2, 2024 aggregating to 7,192 shares.",False,2024-08-02
500325_3,500325,Reliance Industries Ltd,2023-08-23 16:10:14.397,DissemDT,Potentially Price-Sensitive,Business / Strategic,1,a4a68d8b-f08a-4c96-9273-877ec31dd72f,Press Release / Media Release,"Please find attached, a media release by Reliance Retail Ventures Limited, a subsidiary of the Company, titled ""QIA to invest Rs. 8,278 crore in Reliance Retail Ventures Limited at an equity ....",False,2023-08-23
500325_30,500325,Reliance Industries Ltd,2023-09-15 18:55:40.140,DissemDT,Routine / Lower Signal,Regulatory / Compliance,1,ce20c0b7-129f-43d6-8abe-7538c05a2570,Reg. 39 (3) - Details of Loss of Certificate / Duplicate Certificate,"We enclose the information regarding loss of share certificate(s) received from the shareholder(s) of the Company on September 14, 2023 and September 15, 2023 aggregating to 7,883 shares.",False,2023-09-15
500325_300,500325,Reliance Industries Ltd,2024-08-05 19:58:20.153,DissemDT,Potentially Price-Sensitive,Corporate Actions,2,"c37aaa80-f0c5-42f3-9766-e39a57f2a96b, db196acf-b84d-40ad-9a67-9045130009df",AGM; Record Date,"The Forty-seventh Annual General Meeting (Post-IPO) of the members of the Company will be held on Thursday, August 29, 2024 at 2:00 P.M. (IST). || The Company has fixed Monday, August 19, 2024 as the Record Date for the purpose of determining the members eligible to receive dividend for the financial year 2023-24.",False,2024-08-05
500325_301,500325,Reliance Industries Ltd,2024-08-06 18:19:14.890,DissemDT,Routine / Lower Signal,Regulatory / Compliance,1,197651c1-8735-4025-8259-f37d8be5567f,Reg. 39 (3) - Details of Loss of Certificate / Duplicate Certificate,"We enclose the details of ''Letter(s) of Confirmation'' issued by the Company to its shareholders, in lieu of share certificate(s) reported as lost by them.",False,2024-08-06
500325_302,500325,Reliance Industries Ltd,2024-08-06 19:21:18.153,DissemDT,Routine / Lower Signal,Regulatory / Compliance,1,3f369f4c-e4a3-45d4-a912-c288425a74cc,Reg. 39 (3) - Details of Loss of Certificate / Duplicate Certificate,"We enclose the information regarding loss of share certificate(s) for 12,142 shares received from the shareholder(s) of the Company on August 5, 2024.",False,2024-08-06
500325_303,500325,Reliance Industries Ltd,2024-08-06 20:17:51.770,DissemDT,Potentially Price-Sensitive,Corporate Actions,1,e718010b-33d9-4a5a-8791-f86444f01ddd,AGM,"This is to inform you that the Notice of the date of Annual General Meeting, Record Date for Dividend and other related information has been published today i.e. August 6, 2024 in the newspapers ....",False,2024-08-06
500325_304,500325,Reliance Industries Ltd,2024-08-07 14:31:33.457,DissemDT,Potentially Price-Sensitive,Board / Management,3,"ef88e9a5-b6cf-4fa6-bb6f-6037ebbf01bc, 159c0b17-3dda-40eb-ad7f-7e989ceea906, ab35cfe5-b8c3-4053-a986-322354c1046e",Reg. 34 (1) Annual Report; AGM; Business Responsibility and Sustainability Reporting (BRSR),"Notice of the Forty-seventh Annual General Meeting (Post-IPO) and the Integrated Annual Report for the financial year 2023-24, are attached. || Notice of the Forty-seventh Annual General Meeting (Post-IPO) and the Integrated Annual Report for the financial year 2023-24, are attached. || The Business Responsibility and Sustainability Report of the Company for the financial year 2023-24, is attached.",False,2024-08-07
500325_305,500325,Reliance Industries Ltd,2024-08-07 17:07:17.483,DissemDT,Routine / Lower Signal,Regulatory / Compliance,1,486d3d01-c0df-446a-8796-000c70300a7b,Reg. 39 (3) - Details of Loss of Certificate / Duplicate Certificate,"We enclose the information regarding loss of share certificate(s) for 4,169 shares received from the shareholder(s) of the Company on August 6, 2024.",False,2024-08-07
500325_306,500325,Reliance Industries Ltd,2024-08-07 18:34:32.803,DissemDT,Context-Dependent,Investor / Analyst,1,3af51afa-dd53-4ddf-bbb8-ba070990f2a3,Analyst / Investor Meet,"Please note that the Company executives will be participating in the Institutional Investors'' Meeting organised by Nuvama India Conference 2024, on August 12 and 13, 2024, at Singapore.",False,2024-08-07
500325_307,500325,Reliance Industries Ltd,2024-08-08 18:18:34.980,DissemDT,Potentially Price-Sensitive,Board / Management,2,"85e4e7d3-289b-4573-ab83-c137bc3d1f63, 9052e598-830f-42a4-a2fa-e7439ada626f",Reg. 39 (3) - Details of Loss of Certificate / Duplicate Certificate; AGM,"We enclose the information regarding loss of share certificate(s) for 4,938 shares received from the shareholder(s) of the Company on August 7, 2024. || This is to inform you that the advertisement on the captioned subject has been published today i.e. August 8, 2024 in the newspapers viz. The Times of India (English), The Economic Times ....",False,2024-08-08
500325_308,500325,Reliance Industries Ltd,2024-08-09 18:51:42.157,DissemDT,Routine / Lower Signal,Regulatory / Compliance,1,06457b2f-2c13-45bb-a721-464928f6229f,Reg. 39 (3) - Details of Loss of Certificate / Duplicate Certificate,"We enclose the information regarding loss of share certificate(s) received from the shareholder(s) of the Company on August 8, 2024 and August 9, 2024 aggregating to 8,601 shares.",False,2024-08-09
500325_309,500325,Reliance Industries Ltd,2024-08-13 16:57:22.090,DissemDT,Routine / Lower Signal,Regulatory / Compliance,1,713ac884-5298-41d0-8b94-ad2f5604f7c0,Reg. 39 (3) - Details of Loss of Certificate / Duplicate Certificate,"We enclose the information regarding loss of share certificate(s) for 8,818 shares received from the shareholder(s) of the Company on August 12, 2024.",False,2024-08-13
500325_31,500325,Reliance Industries Ltd,2023-09-18 19:15:59.437,DissemDT,Routine / Lower Signal,Regulatory / Compliance,2,"bd5994a3-2768-420b-913e-a7ee1faa4d0d, 44a47ece-706b-47f6-baad-a348ec749dea",Reg. 39 (3) - Details of Loss of Certificate / Duplicate Certificate,"We enclose the details of Letter(s) of Confirmation issued by the Company to its shareholders, in lieu of share certificate(s) reported as lost by them. || We enclose the information regarding loss of share certificate(s) for 1,772 shares received from the shareholder(s) of the Company on September 18, 2023.",False,2023-09-18
500325_310,500325,Reliance Industries Ltd,2024-08-13 20:00:29.633,DissemDT,Context-Dependent,Investor / Analyst,1,ea77679d-5e26-4d8b-9224-80d8700e6a72,General,"This is further to the disclosure dated August 7, 2024 made by the Company. We wish to inform you that the Company executives participated in the Institutional Investors'' Meeting - Nuvama ....",False,2024-08-13
500325_311,500325,Reliance Industries Ltd,2024-08-14 18:50:05.037,DissemDT,Context-Dependent,Investor / Analyst,3,"b091c6ba-fca5-44af-9f4e-4fc0ff5eb739, 8cc5f495-3cdf-4de7-b159-f2013a120af0, 280be110-c086-4bd4-82d3-6ceb07920049",Reg. 39 (3) - Details of Loss of Certificate / Duplicate Certificate; Analyst / Investor Meet,"We enclose the information regarding loss of share certificate(s) received from the shareholder(s) of the Company on August 13, 2024 and August 14, 2024 aggregating to 8,337 shares. || We enclose the details of ''Letter(s) of Confirmation'' issued by the Company to its shareholders, in lieu of share certificate(s) reported as lost by them. || Please note that the Company executives will be participating in the Institutional Investors' Meeting - Motilal Oswal 20th Annual Global Investor Conference on August 20, 2024 at Mumbai.",False,2024-08-14
500325_312,500325,Reliance Industries Ltd,2024-08-16 19:09:53.900,DissemDT,Routine / Lower Signal,Regulatory / Compliance,1,036478eb-c33f-4675-a7b6-a63f18e7d631,Reg. 39 (3) - Details of Loss of Certificate / Duplicate Certificate,"We enclose the information regarding loss of share certificates for 6,330 shares received from the shareholders of the Company on August 16, 2024.",False,2024-08-16
500325_313,500325,Reliance Industries Ltd,2024-08-19 19:18:12.187,DissemDT,Routine / Lower Signal,Regulatory / Compliance,1,dcb798ea-3681-4594-8a61-6de02c5ee4e1,Reg. 39 (3) - Details of Loss of Certificate / Duplicate Certificate,"We enclose the details of ''Letter of Confirmation(s)'' issued by the Company to its shareholders, in lieu of share certificate(s) reported as lost by them.",False,2024-08-19
500325_314,500325,Reliance Industries Ltd,2024-08-20 18:02:18.817,DissemDT,Routine / Lower Signal,Regulatory / Compliance,1,35a5687b-871b-4f9e-bf23-b90e10125ba1,Reg. 39 (3) - Details of Loss of Certificate / Duplicate Certificate,"We enclose the information regarding loss of share certificate(s) for 4,090 shares received from the shareholder(s) of the Company on August 19, 2024.",False,2024-08-20
500325_315,500325,Reliance Industries Ltd,2024-08-20 19:42:54.420,DissemDT,Context-Dependent,Investor / Analyst,1,60c69716-544e-4082-8beb-c70be0b635ef,General,"This is further to the disclosure dated August 14, 2024 made by the Company. We wish to inform you that the Company executives participated in the Motilal Oswal 20th Annual Global Investor ....",False,2024-08-20
500325_316,500325,Reliance Industries Ltd,2024-08-21 18:24:31.617,DissemDT,Routine / Lower Signal,Regulatory / Compliance,1,1da0d920-3d29-4e2b-a5c4-6edfbdc415f2,Reg. 39 (3) - Details of Loss of Certificate / Duplicate Certificate,"We enclose the information regarding loss of share certificate(s) for 4,423 shares received from the shareholder(s) of the Company on August 20, 2024.",False,2024-08-21
500325_317,500325,Reliance Industries Ltd,2024-08-22 17:30:21.353,DissemDT,Routine / Lower Signal,Regulatory / Compliance,1,d9ae71ae-60b8-4cf5-8008-d55c19e17566,Reg. 39 (3) - Details of Loss of Certificate / Duplicate Certificate,"We enclose the information regarding loss of share certificate(s) for 3,234 shares received from the shareholder(s) of the Company on August 21, 2024.",False,2024-08-22
500325_318,500325,Reliance Industries Ltd,2024-08-23 20:23:06.220,DissemDT,Routine / Lower Signal,Regulatory / Compliance,1,e3bf6371-8229-40e4-b0b6-352c005e6113,Reg. 39 (3) - Details of Loss of Certificate / Duplicate Certificate,"We enclose the information regarding loss of share certificate(s) received from the shareholder(s) on August 22, 2024 and August 23, 2024 aggregating to 17,078 shares.",False,2024-08-23
500325_319,500325,Reliance Industries Ltd,2024-08-24 16:35:16.537,DissemDT,Routine / Lower Signal,Regulatory / Compliance,1,b3d06dfe-8879-43d5-8fe2-2c7ad10331cf,General,"Disclosure under Regulation 30 of the Securities and Exchange Board of India (Listing Obligations and Disclosure Requirements) Regulations, 2015",False,2024-08-24
500325_32,500325,Reliance Industries Ltd,2023-09-19 14:01:20.843,DissemDT,Potentially Price-Sensitive,Business / Strategic,1,1e73a65c-f88e-4622-9a06-b529ffcd5409,General,"Please find attached, a media release by Reliance Jio Infocomm Limited, a subsidiary of the Company, titled ""JIO ANNOUNCES LAUNCH OF JIO AIRFIBER.""",False,2023-09-19
500325_320,500325,Reliance Industries Ltd,2024-08-27 18:02:32.813,DissemDT,Routine / Lower Signal,Regulatory / Compliance,1,8b133a49-6e7a-437a-9053-574cc6063b0a,Reg. 39 (3) - Details of Loss of Certificate / Duplicate Certificate,"We enclose the information regarding loss of share certificate(s) for 7,089 shares received from the shareholder(s) of the Company on August 26, 2024.",False,2024-08-27
500325_321,500325,Reliance Industries Ltd,2024-08-28 18:17:11.253,DissemDT,Routine / Lower Signal,Regulatory / Compliance,2,"5673f310-afbb-4e5d-97aa-962dbc582a08, 09c1218c-e57b-42ef-9148-18b8e970d209",Reg. 39 (3) - Details of Loss of Certificate / Duplicate Certificate,"We enclose the details of ''Letter(s) of Confirmation'' issued by the Company to its shareholders, in lieu of share certificate(s) reported as lost by them. || We enclose the information regarding loss of share certificate(s) for 2,389 shares received from the shareholder(s) of the Company on August 27, 2024.",False,2024-08-28
500325_322,500325,Reliance Industries Ltd,2024-08-28 21:42:07.413,DissemDT,Routine / Lower Signal,Other,1,0205710b-f50a-44ca-a640-6336e695c51b,General,"Update to Media Release filed on February 28, 2024",False,2024-08-28
500325_323,500325,Reliance Industries Ltd,2024-08-29 12:41:43.387,DissemDT,Routine / Lower Signal,Regulatory / Compliance,1,6afeaa4c-00fe-47a4-aa4e-2cf409201f12,General,"Disclosure under Regulation 30 of the Securities and Exchange Board of India (Listing Obligations and Disclosure Requirements) Regulations, 2015",False,2024-08-29
500325_324,500325,Reliance Industries Ltd,2024-08-29 13:43:21.947,DissemDT,Potentially Price-Sensitive,Board / Management,1,8e9e5d6d-d51f-467d-8c5d-3106a598f8df,Board Meeting,"RELIANCE INDUSTRIES LTD.has informed BSE that the meeting of the Board of Directors of the Company is scheduled on 05/09/2024 ,inter alia, to consider and approve We wish to inform you ....",False,2024-08-29
500325_325,500325,Reliance Industries Ltd,2024-08-29 16:44:03.233,DissemDT,Potentially Price-Sensitive,Board / Management,2,"c7353b93-c2dd-48a1-aa73-42503f48b8b8, e1170be9-a6a5-4a32-bf56-6ac3eb3f46a0",AGM,"Chairman''s Statement delivered at the Forty-seventh Annual General Meeting (Post-IPO) of the Company, is attached. || The presentation on Key Highlights from Forty-seventh Annual General Meeting (Post-IPO)-Perspective for Investors, is attached.",False,2024-08-29
500325_326,500325,Reliance Industries Ltd,2024-08-29 18:25:57.007,DissemDT,Routine / Lower Signal,Regulatory / Compliance,1,f594dbe4-a43b-4378-a7f9-d1229403a6a1,Reg. 39 (3) - Details of Loss of Certificate / Duplicate Certificate,"We enclose the information regarding loss of share certificate(s) for 5,905 shares received from the shareholder(s) of the Company on August 28, 2024.",False,2024-08-29
500325_327,500325,Reliance Industries Ltd,2024-08-29 22:27:29.250,DissemDT,Potentially Price-Sensitive,Board / Management,1,a35e43e8-fc7e-4d6e-9c8a-d906ec4c78d4,AGM,Proceedings of the Forty-seventh Annual General Meeting (Post - IPO) of the Company is attached.,False,2024-08-29
500325_328,500325,Reliance Industries Ltd,2024-08-30 17:33:22.710,DissemDT,Potentially Price-Sensitive,Board / Management,1,003dad68-fb29-4d2e-a4b2-8d471a3f55f3,AGM,Disclosure of Voting Results - Forty-seventh Annual General Meeting (Post-IPO) of the Company.,False,2024-08-30
500325_329,500325,Reliance Industries Ltd,2024-08-30 19:00:49.027,DissemDT,Routine / Lower Signal,Regulatory / Compliance,2,"d33f0d26-6e2c-487b-b854-49058fba6fb5, 437e59ce-624d-4d64-84af-2958da777bbe",Reg. 39 (3) - Details of Loss of Certificate / Duplicate Certificate; General,"We enclose the information regarding loss of share certificate(s) received from the shareholder(s) of the Company on August 29, 2024 and August 30, 2024 aggregating to 10,903 shares. || Update to Media Release filed on February 28, 2024 and disclosure dated August 28, 2024, is attached.",False,2024-08-30
500325_33,500325,Reliance Industries Ltd,2023-09-21 18:55:21.740,DissemDT,Context-Dependent,Investor / Analyst,2,"8ae0d34f-6f7f-43cc-b008-5e66b4102817, 223fc25d-4051-4f94-aece-35a7daff979b",Reg. 39 (3) - Details of Loss of Certificate / Duplicate Certificate; Analyst / Investor Meet,"We enclose the information regarding loss of share certificate(s) for 7,207 shares received from the shareholder(s) of the Company on September 20, 2023. || J.P. Morgan India Investor Summit 2023 will be held on September 26, 2023. It will be a one-on-one meeting with institutional investors.",False,2023-09-21
500325_330,500325,Reliance Industries Ltd,2024-08-31 13:27:16.470,DissemDT,Routine / Lower Signal,Regulatory / Compliance,1,634b4d9f-1ea5-4b1b-9e31-7bfa3fb335bb,General,"Disclosure under Regulation 30 of the Securities and Exchange Board of India (Listing Obligations and Disclosure Requirements) Regulations, 2015",False,2024-08-31
500325_331,500325,Reliance Industries Ltd,2024-09-01 00:28:51.740,DissemDT,Routine / Lower Signal,Regulatory / Compliance,1,23fb32e0-59ac-4b1f-806d-48da07e36088,Change in Management,"Please note that Shri Avinash Kumar Verma has ceased to be a member of senior management of the Company w.e.f. August 31, 2024, due to superannuation.",False,2024-09-01
500325_332,500325,Reliance Industries Ltd,2024-09-01 14:48:05.837,DissemDT,Routine / Lower Signal,Regulatory / Compliance,1,30ed6696-2a42-43d1-8324-9c4564fb0b3d,General,"Disclosure under Regulation 30 of the Securities and Exchange Board of India (Listing Obligations and Disclosure Requirements) Regulations, 2015, is attached.",False,2024-09-01
500325_333,500325,Reliance Industries Ltd,2024-09-03 17:46:53.057,DissemDT,Routine / Lower Signal,Regulatory / Compliance,1,db703e95-b089-45d9-a7ef-cac3abad7b29,Reg. 39 (3) - Details of Loss of Certificate / Duplicate Certificate,"We enclose the information regarding loss of share certificate(s) for 3,638 shares received from the shareholder(s) of the Company on September 02, 2024.",False,2024-09-03
500325_334,500325,Reliance Industries Ltd,2024-09-03 18:24:01.720,DissemDT,Routine / Lower Signal,Regulatory / Compliance,1,e71a7441-ffb7-4513-9a7c-b938107d00c2,Reg. 39 (3) - Details of Loss of Certificate / Duplicate Certificate,"We enclose the details of ''Letter(s) of Confirmation'' issued by the Company to its shareholder(s), in lieu of share certificate(s)  reported as lost by them.",False,2024-09-03
500325_335,500325,Reliance Industries Ltd,2024-09-04 18:14:27.810,DissemDT,Routine / Lower Signal,Regulatory / Compliance,1,870b1548-3d8f-4828-9f24-5a9d67d97816,Reg. 39 (3) - Details of Loss of Certificate / Duplicate Certificate,"We enclose the information regarding loss of share certificate(s) for 8,066 shares received from the shareholder(s) on September 03, 2024.",False,2024-09-04
500325_336,500325,Reliance Industries Ltd,2024-09-04 21:31:02.887,DissemDT,Context-Dependent,Investor / Analyst,1,a167270d-dff3-4918-ad7e-b21ac0033415,Analyst / Investor Meet,"Please note that the Company executives will be participating in the Institutional Investors' Meeting - CITIC CLSA Investors'' Forum 2024 on September 9 & 10, 2024 at Hong Kong.",False,2024-09-04
500325_337,500325,Reliance Industries Ltd,2024-09-05 15:10:41.917,DissemDT,Potentially Price-Sensitive,Corporate Actions,2,"d53fc67b-7867-48b6-8394-98e29ca49d5d, dca37918-bfff-4f32-b1e0-dab793137f16",Outcome of Board Meeting; General,"The Board of Directors of the Company, at its meeting held today, have recommended to the shareholders for their approval, through postal ballot:

i. issue of bonus shares in the ratio .... || The Board of Directors of the Company, at its meeting held today, have inter alia, approved forfeiture of partly paid-up equity shares of the Company on which call money (First Call or ....",False,2024-09-05
500325_338,500325,Reliance Industries Ltd,2024-09-05 17:04:29.607,DissemDT,Routine / Lower Signal,Regulatory / Compliance,1,02908afe-0876-40af-ac76-6e896452979e,Reg. 39 (3) - Details of Loss of Certificate / Duplicate Certificate,"We enclose the information regarding loss of share certificate(s) for 2,863 shares received from the shareholder(s) of the Company on September 04, 2024.",False,2024-09-05
500325_339,500325,Reliance Industries Ltd,2024-09-05 18:38:46.360,DissemDT,Potentially Price-Sensitive,Corporate Actions,1,ced9e9ae-b083-47da-b7f4-85883993ae70,General,"Please find attached a media release titled ""RIL Board Approves 1:1 Bonus Issue - Largest Bonus Issue In Indian Equity Markets"".",False,2024-09-05
500325_34,500325,Reliance Industries Ltd,2023-09-22 17:53:03.563,DissemDT,Potentially Price-Sensitive,Business / Strategic,2,"6359d5af-898c-49b8-8ef3-263412c6301f, ef5d664d-6768-4398-9c18-0c4b3d246101",Reg. 39 (3) - Details of Loss of Certificate / Duplicate Certificate; General,"We enclose the information regarding loss of share certificate(s) received from the shareholder(s) of the Company on September 21, 2023 and September 22, 2023 aggregating to 3,889 shares. || Please note that Reliance Retail Ventures Limited today received the subscription amount of Rs. 2069.50 crore from Alyssum Asia Holdings II Pte. Ltd. (KKR) and allotted 1,71,58,752 equity ....",False,2023-09-22
500325_340,500325,Reliance Industries Ltd,2024-09-06 17:52:17.230,DissemDT,Routine / Lower Signal,Other,1,d578d463-4e1a-4466-8c24-272c95f1f31b,General,"The Notice of Forfeiture along with the Instructions and Payment Slip, to be sent to the holders of the partly-paid up equity shares, who have not paid the call money, is attached.",False,2024-09-06
500325_341,500325,Reliance Industries Ltd,2024-09-06 18:35:39.080,DissemDT,Routine / Lower Signal,Regulatory / Compliance,1,3dc7e23a-0d0a-445e-8f12-e0851b329f0a,Reg. 39 (3) - Details of Loss of Certificate / Duplicate Certificate,"We enclose the information regarding loss of share certificate(s) received from the shareholder(s) of the Company on September 05, 2024 and September 06, 2024 aggregating to 13,458 shares.",False,2024-09-06
500325_342,500325,Reliance Industries Ltd,2024-09-07 23:46:09.423,DissemDT,Routine / Lower Signal,Regulatory / Compliance,1,8e78c7ae-4405-42e6-9aa7-5e8447f4838b,Newspaper Publication,"This is to inform you that the advertisement titled - ''''Notice of Forfeiture - For the attention of holders of Partly paid-up Equity Shares'''' has been published, in English language, ....",False,2024-09-07
500325_343,500325,Reliance Industries Ltd,2024-09-10 16:32:59.687,DissemDT,Potentially Price-Sensitive,Business / Strategic,3,"31bf88b4-97e0-458f-a10d-dcdb4618e6ea, e032cbe9-9ff5-48dc-b060-d6738c56d6b2, 4e641177-05dc-4f44-ba3e-0ccf32bb9896",General; Reg. 39 (3) - Details of Loss of Certificate / Duplicate Certificate; Clarification,"Media Release by Reliance Retail Ventures Limited, a subsidiary of the Company, titled ""Reliance Retail Ventures and Delta Galil Announce Strategic Partnership in India"", is attached. || We enclose the information regarding loss of certificate(s) for 1,479 shares received from the shareholder(s) of the Company on September 9, 2024. || The Exchange has sought clarification from Reliance Industries Ltd with reference to the media report appearing on https://economictimes.indiatimes.com dated September 10, 2024 (Link: https://economictimes.indiatimes.com/industry/services/retail/reliance-in-pact-with-israeli-apparel-company-delta-galil/articleshow/113204392.cms) ....",False,2024-09-10
500325_344,500325,Reliance Industries Ltd,2024-09-10 18:19:34.973,DissemDT,Context-Dependent,Investor / Analyst,1,aa93222f-c969-4852-9ed3-9c8f8f022cc5,General,"This is further to the disclosure dated September 4, 2024 made by the Company. We wish to inform you that the Company executives participated in the CITIC CLSA Investors'' Forum 2024 on ....",False,2024-09-10
500325_345,500325,Reliance Industries Ltd,2024-09-11 09:06:45.773,DissemDT,Routine / Lower Signal,Regulatory / Compliance,1,803d92a6-686d-4135-93aa-1f47a4a24ad4,General,"News Clarification -  ""Reliance in pact with Israeli apparel company Delta Galil""",False,2024-09-11
500325_346,500325,Reliance Industries Ltd,2024-09-11 16:50:09.537,DissemDT,Routine / Lower Signal,Regulatory / Compliance,2,"0a543284-1c3d-40dd-b8d2-991feb5c1877, a4805ed1-faba-43c0-92f6-6bdaf6048d15",Reg. 39 (3) - Details of Loss of Certificate / Duplicate Certificate,"We enclose the information regarding loss of share certificate(s) for 6,293 shares received from the shareholder(s) of the Company on September 10, 2024. || We enclose the details of ''Letter(s) of Confirmation'' issued by the Company to its shareholders, in lieu of share certificate(s) reported as lost by them.",False,2024-09-11
500325_347,500325,Reliance Industries Ltd,2024-09-11 19:10:43.040,DissemDT,Context-Dependent,Investor / Analyst,1,ea1fa02d-e798-4194-b8a6-a55ca5c807a6,Analyst / Investor Meet,"Please note that the Company executives will be participating in the Institutional Investors' Meeting  - Jefferies India Forum 2024 on September 17, 2024 at New Delhi. It is expected that ....",False,2024-09-11
500325_348,500325,Reliance Industries Ltd,2024-09-12 18:03:41.570,DissemDT,Routine / Lower Signal,Regulatory / Compliance,1,a4398a43-ad68-4a89-9857-f2ce26ba1e56,General,"Disclosure under Regulation 30 of the Securities and Exchange Board of India (Listing Obligations and Disclosure Requirements) Regulations, 2015 is attached.",False,2024-09-12
500325_349,500325,Reliance Industries Ltd,2024-09-12 20:29:19.617,DissemDT,Routine / Lower Signal,Regulatory / Compliance,1,4f2ec946-b58f-4ec6-a27f-5052d592afa3,Reg. 39 (3) - Details of Loss of Certificate / Duplicate Certificate,"We enclose the information regarding loss of share certificate(s) for 855 shares received from the shareholder(s) of the Company on September 11, 2024.",False,2024-09-12
500325_35,500325,Reliance Industries Ltd,2023-09-25 17:47:50.993,DissemDT,Potentially Price-Sensitive,Board / Management,1,6bc2db4a-af9d-4259-87a2-65f341f6c465,Postal Ballot,"Please find attached postal ballot notice dated September 25, 2023, seeking approval of the members of the Company, by way of remote e-voting for appointment of Ms. Isha M. Ambani, Shri ....",False,2023-09-25
500325_350,500325,Reliance Industries Ltd,2024-09-13 16:32:11.890,DissemDT,Potentially Price-Sensitive,Board / Management,1,c3fa069a-a9c7-4cc8-b732-5e81d68690a6,Postal Ballot,"Please find attached, the Postal Ballot Notice dated September 13, 2024, along with the explanatory statement, seeking approval of the members of the Company, by way of remote e-voting ....",False,2024-09-13
500325_351,500325,Reliance Industries Ltd,2024-09-13 19:12:33.377,DissemDT,Routine / Lower Signal,Regulatory / Compliance,1,3fb9ce84-b8ad-43d7-8db7-3051d860f58e,Reg. 39 (3) - Details of Loss of Certificate / Duplicate Certificate,"We enclose the information regarding loss of share certificate(s) received from the shareholder(s) of the Company on September 12, 2024 and September 13, 2024 aggregating to 18,330 shares.",False,2024-09-13
500325_352,500325,Reliance Industries Ltd,2024-09-14 20:59:02.280,DissemDT,Potentially Price-Sensitive,Board / Management,1,af7a4569-2acb-4a62-baf6-31a298156481,Postal Ballot,"This is to inform you that the advertisement on the captioned subject has been published today i.e. September 14, 2024 in the newspapers viz. The Times of India (English) and Maharashtra ....",False,2024-09-14
500325_353,500325,Reliance Industries Ltd,2024-09-17 19:25:01.860,DissemDT,Context-Dependent,Investor / Analyst,2,"caf9316a-3046-4db0-bbc2-b30d5c8ae78d, 0d176693-2ccf-4bd1-8f73-4d7257745ec3",Reg. 39 (3) - Details of Loss of Certificate / Duplicate Certificate; General,"We enclose the information regarding loss of share certificate(s) for 2,876 shares received from the shareholder(s) of the Company on September 16,2024. || This is further to the disclosure dated September 11, 2024  made by the Company. We wish to inform you that the Company executives participated in Institutional Investors'' Meeting - Jefferies ....",False,2024-09-17
500325_354,500325,Reliance Industries Ltd,2024-09-18 16:54:56.393,DissemDT,Routine / Lower Signal,Regulatory / Compliance,2,"eae1a3dd-9c32-49ed-9f46-1898015fa97d, f7f6359b-e0c4-4583-a7ce-8d4425847a0c",Reg. 39 (3) - Details of Loss of Certificate / Duplicate Certificate,"We enclose the details of ''Letter(s) of Confirmation'' issued by the Company to its shareholders, in lieu of share certificate(s) reported as lost by them. || We enclose the information regarding loss of share certificate(s) for 1,126 shares received from the shareholder(s) of the Company on September 17,2024.",False,2024-09-18
500325_355,500325,Reliance Industries Ltd,2024-09-19 17:58:09.690,DissemDT,Routine / Lower Signal,Regulatory / Compliance,1,387a9a7a-a00b-41f3-b444-858cca7656d3,Reg. 39 (3) - Details of Loss of Certificate / Duplicate Certificate,"We enclose the information regarding loss of share certificates for 4,879 shares received from the shareholders of the Company on September 18, 2024.",False,2024-09-19
500325_356,500325,Reliance Industries Ltd,2024-09-19 20:45:53.227,DissemDT,Context-Dependent,Investor / Analyst,2,"1ac7bf96-cfeb-4bb1-ad40-44cbf0597f59, e589e8bf-e62d-4442-a634-c5dc8e5537d0",Analyst / Investor Meet,"Please note that the Company executives will be participating in the  Institutional Investors' Meeting - JP Morgan India Investor Summit on September 24, 2024 at Mumbai. It is expected .... || Please note that the Company executives will be participating in the  Institutional Investors' Meeting - JP Morgan India Investor Summit on September 24, 2024 at Mumbai. It is expected ....",False,2024-09-19
500325_357,500325,Reliance Industries Ltd,2024-09-20 18:54:45.613,DissemDT,Routine / Lower Signal,Regulatory / Compliance,1,6a786236-0775-468e-955f-a724fb779bc6,Reg. 39 (3) - Details of Loss of Certificate / Duplicate Certificate,"We enclose the information regarding loss of share certificate(s) received from the shareholder(s) of the Company on  September 19, 2024 and September 20, 2024 aggregating to 15,390 shares.",False,2024-09-20
500325_358,500325,Reliance Industries Ltd,2024-09-20 23:13:39.140,DissemDT,Routine / Lower Signal,Other,1,90b70b95-8c72-46b4-885e-2e2f0a99f287,General,"Extension of last date for payment of unpaid call money by holders of partly paid-up equity shares up to October 7, 2024.",False,2024-09-20
500325_359,500325,Reliance Industries Ltd,2024-09-23 18:19:00.483,DissemDT,Routine / Lower Signal,Regulatory / Compliance,1,b8e91693-977f-4d8a-9955-161687b11314,Newspaper Publication,"This is to inform you that the advertisement for ""Extension of last date for payment of unpaid call money by holders of partly paid-up equity shares"" has been published, in English language, ....",False,2024-09-23
500325_36,500325,Reliance Industries Ltd,2023-09-26 19:09:42.133,DissemDT,Potentially Price-Sensitive,Board / Management,2,"0a08c9cc-7fef-4217-a85b-30967050c91b, 93ccb0c9-88c4-4e80-ae3c-b57c8fd2892c",Postal Ballot; General,The Company had published a notice in the following newspapers:<BR> <BR> (i) The Times of India all India Editions in English language; and<BR> (ii) Maharashtra Times all Editions in Marathi .... || We wish to inform you that the Company''s executives participated in the  Institutional Investors'' Meeting - J.P. Morgan India Investor Summit 2023 at Mumbai.,False,2023-09-26
500325_360,500325,Reliance Industries Ltd,2024-09-24 18:18:12.927,DissemDT,Routine / Lower Signal,Regulatory / Compliance,2,"d461a2e7-8f2c-4d59-b445-0e6f25408870, 29480b15-ccd7-483b-bc66-762aa9bee450",Reg. 39 (3) - Details of Loss of Certificate / Duplicate Certificate,"We enclose the details of ''Letter(s) of Confirmation'' issued by the Company to its shareholders, in lieu of share certificate(s) repoerted as lost by them. || We enclose the information regarding loss of share certificate(s) for 5,659 shares received from the shareholder(s) of the Company on September 23, 2024.",False,2024-09-24
500325_361,500325,Reliance Industries Ltd,2024-09-24 19:40:27.767,DissemDT,Context-Dependent,Investor / Analyst,1,f1ca9a70-35a9-4c24-9031-48031b7349cd,General,"This is further to the disclosure dated September 19, 2024 made by the Company. We wish to inform you that the Company executives participated in the Institutional Investors'' Meeting - ....",False,2024-09-24
500325_362,500325,Reliance Industries Ltd,2024-09-25 16:40:44.830,DissemDT,Routine / Lower Signal,Regulatory / Compliance,1,f6d4f756-350a-4c28-9707-4faae86c5d13,Reg. 39 (3) - Details of Loss of Certificate / Duplicate Certificate,"We enclose the information regarding loss of share certificate(s) for 7,515 shares received from the shareholder(s) of the Company on September 24, 2024.",False,2024-09-25
500325_363,500325,Reliance Industries Ltd,2024-09-26 17:44:47.770,DissemDT,Routine / Lower Signal,Regulatory / Compliance,1,2630cb4a-6112-4adc-9818-3626396ff9cb,Reg. 39 (3) - Details of Loss of Certificate / Duplicate Certificate,"We enclose the information regarding loss of share certificate(s) for 3,792 shares received from the shareholder(s) of the Company on September 25, 2024.",False,2024-09-26
500325_364,500325,Reliance Industries Ltd,2024-09-27 18:43:44.013,DissemDT,Routine / Lower Signal,Regulatory / Compliance,1,b9e517cc-c6bd-4d19-b3fd-1592eb3c2e67,Reg. 39 (3) - Details of Loss of Certificate / Duplicate Certificate,"We enclose the information regarding loss of share certificate(s) received from the shareholder(s) of the Company on September 26, 2024 and September 27, 2024 aggregating to 17,878 shares.",False,2024-09-27
500325_365,500325,Reliance Industries Ltd,2024-09-27 20:33:46.500,DissemDT,Potentially Price-Sensitive,Business / Strategic,1,75d18a6d-3454-4a08-8da8-76e413f12b4d,General,"This is to inform that Reliance Industries Uruguay Petroquimica S.A. a wholly-owned subsidiary of the Company, has been voluntary liquidated and has ceased to be a wholly-owned subsidiary ....",False,2024-09-27
500325_366,500325,Reliance Industries Ltd,2024-09-28 16:55:52.620,DissemDT,Routine / Lower Signal,Regulatory / Compliance,1,c481dc67-b7bd-4824-93b7-6cb23286a733,General,"Update to Media Release filed on February 28, 2024 and disclosures dated August 28, 2024 & August 30, 2024 is attached.",False,2024-09-28
500325_367,500325,Reliance Industries Ltd,2024-09-30 18:24:33.150,DissemDT,Potentially Price-Sensitive,Board / Management,1,0fd50663-379d-426d-9349-fade030d2185,Closure of Trading Window,"This is to inform that pursuant to the Reliance Code to Regulate, Monitor and Report Trading by Directors, Promoters, Designated Persons and Specified Connected Persons of the Company and ....",False,2024-09-30
500325_368,500325,Reliance Industries Ltd,2024-10-01 17:10:47.290,DissemDT,Routine / Lower Signal,Regulatory / Compliance,1,0276e751-a634-4d32-a861-76e27dd4d36a,Reg. 39 (3) - Details of Loss of Certificate / Duplicate Certificate,"We enclose the details of ''Letter(s) of confirmation'' issued by the Company to its shareholders, in lieu of share certificate(s) reported as lost by them.",False,2024-10-01
500325_369,500325,Reliance Industries Ltd,2024-10-01 18:25:59.670,DissemDT,Routine / Lower Signal,Regulatory / Compliance,1,e975f8c4-8824-48dc-b479-6591dbdca5b3,Reg. 39 (3) - Details of Loss of Certificate / Duplicate Certificate,"We enclose the information regarding loss of share certificate(s) received from the shareholder(s) of the Company on September 30, 2024 and October 01, 2024 aggregating to 12,790 shares.
",False,2024-10-01
500325_37,500325,Reliance Industries Ltd,2023-09-26 19:47:25.287,DissemDT,Routine / Lower Signal,Regulatory / Compliance,2,"783101d3-a45f-4831-a09c-6dea2be0bb74, 14fc9b5c-df9d-46e5-895e-ba37fccbe35c",Reg. 39 (3) - Details of Loss of Certificate / Duplicate Certificate,"We enclose the details of Letter(s) of Confirmation issued by the Company to its shareholders, in lieu of share certificate(s) reported as lost by them. || We enclose the information regarding loss of share certificate(s) for 5,984 shares received from the shareholder(s) of the Company on September 25, 2023.",False,2023-09-26
500325_370,500325,Reliance Industries Ltd,2024-10-04 19:21:10.317,DissemDT,Routine / Lower Signal,Regulatory / Compliance,1,928f8fa3-f0cf-4804-98a7-23831d6a3bc7,Reg. 39 (3) - Details of Loss of Certificate / Duplicate Certificate,"We enclose the information regarding loss of share certificate(s) received from the shareholder(s) of the Company on October 03, 2024 and October 04, 2024 aggregating to 40,560 shares.",False,2024-10-04
500325_371,500325,Reliance Industries Ltd,2024-10-07 21:57:12.383,DissemDT,Potentially Price-Sensitive,Financial Results,2,"ff26492b-75f3-4018-adec-a047d5e98dda, 691615d4-49c5-4c07-ac32-bec5a564f024",Board Meeting; Analyst / Investor Meet,"RELIANCE INDUSTRIES LTD.has informed BSE that the meeting of the Board of Directors of the Company is scheduled on 14/10/2024 ,inter alia, to consider and approve the standalone and consolidated .... || A meeting of Board of Directors of the Company is scheduled to be held on Monday, October 14, 2024, inter alia,  to consider and approve the standalone and consolidated unaudited financial ....",True,2024-10-07
500325_372,500325,Reliance Industries Ltd,2024-10-08 17:31:05.593,DissemDT,Routine / Lower Signal,Regulatory / Compliance,2,"7d7249e5-4863-4f28-8864-5db78fceabad, cd90c3c1-0281-464c-a864-6b248bc14e8b",Reg. 39 (3) - Details of Loss of Certificate / Duplicate Certificate,"We enclose the information regarding loss of share certificate(s) for 886 shares received from the shareholder(s) of the Company on October 07, 2024. || We enclose the details of ''Letter(s) of Confirmation'' issued by the Company to its shareholders, in lieu of share certificate(s) reported as lost by them.",False,2024-10-08
500325_373,500325,Reliance Industries Ltd,2024-10-09 16:50:47.977,DissemDT,Potentially Price-Sensitive,Corporate Actions,2,"0b6a171e-0979-4ba0-a6eb-8e745e314d85, eca6c1bb-5b61-45ab-9270-2d4213855a96",Reg. 39 (3) - Details of Loss of Certificate / Duplicate Certificate; Allotment of ESOP / ESPS,"We enclose the information regarding loss of share certificate(s) for 3,378 shares received from the shareholder(s) of the Company on October 08, 2024. || We wish to inform you that the Company has allotted today, 1,00,000 equity shares of Rs. 10/- each pursuant to Reliance Industries Limited Employees'' Stock Option Scheme 2017.",False,2024-10-09
500325_374,500325,Reliance Industries Ltd,2024-10-10 17:07:44.357,DissemDT,Routine / Lower Signal,Regulatory / Compliance,1,176eb3d9-0819-4abe-aa9e-f10bc3ade709,Reg. 39 (3) - Details of Loss of Certificate / Duplicate Certificate,"We enclose the information regarding loss of share certificate(s) for 4,283 shares received from the shareholder(s) of the Company on October 09, 2024.",False,2024-10-10
500325_375,500325,Reliance Industries Ltd,2024-10-11 18:55:13.923,DissemDT,Routine / Lower Signal,Regulatory / Compliance,1,1a15b86f-f979-4a10-ac3d-964c8a51f745,Reg. 39 (3) - Details of Loss of Certificate / Duplicate Certificate,"We enclose the information regarding loss of share certificate(s) received from the shareholder(s) of the Company on October 10, 2024 and October 11, 2024 aggregating to 5,770 shares.",False,2024-10-11
500325_376,500325,Reliance Industries Ltd,2024-10-14 18:58:35.220,DissemDT,Potentially Price-Sensitive,Financial Results,3,"b2742470-ec5b-4c98-9ac5-a35045404359, 189ed5fc-99fa-47b6-9540-01dc11bb8839, c4667d23-503a-46ea-b4db-edace530e397",Financial Results; Press Release / Media Release; Reg. 54 - Asset Cover details,"Consolidated and Standalone Unaudited Financial Results for the quarter and half year ended September 30, 2024, are attached. || Media Release - Consolidated and Standalone Unaudited Financial Results for the quarter and half year ended September 30, 2024, is attached. || Security Cover Certificate as on September 30, 2024, is attached.",True,2024-10-14
500325_377,500325,Reliance Industries Ltd,2024-10-14 21:30:48.803,DissemDT,Potentially Price-Sensitive,Financial Results,1,70792656-651d-43fe-88c2-cc584075c614,Investor Presentation,"Presentation made to analysts on the Unaudited Financial Results (Consolidated and Standalone) for the quarter and half year ended September 30, 2024, is attached.",True,2024-10-14
500325_378,500325,Reliance Industries Ltd,2024-10-15 08:23:07.657,DissemDT,Potentially Price-Sensitive,Financial Results,2,"26f98bfd-f150-493b-80ee-923f262354b7, fa8f3f36-5727-4772-ad0a-7a2e5bbbdf11",Earnings Call Transcript; General,"Audio / video recording and transcript of the presentation made to analysts on the unaudited financial results (consolidated and standalone) for the quarter and half year ended September .... || Audio / video recording and transcript of the presentation made to analysts on the Unaudited Financial Results (Consolidated and Standalone) for the quarter and half year ended September 30, 2024.",True,2024-10-15
500325_379,500325,Reliance Industries Ltd,2024-10-15 18:20:11.447,DissemDT,Routine / Lower Signal,Regulatory / Compliance,1,85fcbb64-6b70-4ffa-8905-413761d0fafd,Reg. 39 (3) - Details of Loss of Certificate / Duplicate Certificate,"We enclose the information regarding loss of share certificate(s) for 2,102 shares received from the shareholder(s) of the Company on October 14, 2024.",False,2024-10-15
500325_38,500325,Reliance Industries Ltd,2023-09-28 19:44:25.540,DissemDT,Routine / Lower Signal,Regulatory / Compliance,1,f296b7cc-cf58-4dc1-a0a0-1d3f9a7f7033,Reg. 39 (3) - Details of Loss of Certificate / Duplicate Certificate,"We enclose the information regarding loss of share certificate(s) for 5,326 shares received from the shareholder(s) of the Company on September 27, 2023.",False,2023-09-28
500325_380,500325,Reliance Industries Ltd,2024-10-16 17:44:09.080,DissemDT,Routine / Lower Signal,Regulatory / Compliance,1,592bee8c-76a5-4693-a424-bfd8bc0bdd1f,Reg. 39 (3) - Details of Loss of Certificate / Duplicate Certificate,"We enclose the information regarding loss of share certificate(s) for 2,982 shares received from the shareholder(s) of the Company on October 15, 2024.",False,2024-10-16
500325_381,500325,Reliance Industries Ltd,2024-10-16 18:29:47.650,DissemDT,Potentially Price-Sensitive,Board / Management,2,"f578d8b2-c1db-4d98-abdd-fc6acb7dc2c9, 5c79c518-4f7a-45f9-a8f6-dfb1929bb954",Postal Ballot; Amendments to Memorandum & Articles of Association,"The voting results in the format prescribed under Regulation 44(3) of the Securities and Exchange Board of India (Listing Obligations and Disclosure Requirements) Regulations, 2015 along .... || Amendment to Memorandum of Association of the Company",False,2024-10-16
500325_382,500325,Reliance Industries Ltd,2024-10-16 20:06:08.553,DissemDT,Potentially Price-Sensitive,Corporate Actions,1,4a39e462-dd44-4ab0-a961-47503f82c37c,Record Date,"The Company has fixed Monday, October 28, 2024 as the Record Date for the purpose of determining the equity shareholders of the Company eligible for bonus equity shares of the Company.",False,2024-10-16
500325_383,500325,Reliance Industries Ltd,2024-10-17 09:09:57.003,DissemDT,Routine / Lower Signal,Regulatory / Compliance,1,4ce1682b-c9bb-4867-a388-5bc2c7a7a74f,General,"Disclosure under Regulation 30 of the Securities and Exchange Board of India (Listing Obligations and Disclosure Requirements) Regulations, 2015 is attached.",False,2024-10-17
500325_384,500325,Reliance Industries Ltd,2024-10-17 20:02:04.460,DissemDT,Routine / Lower Signal,Regulatory / Compliance,1,cf2517a2-f516-47b3-a2e2-4715a895c8cf,Reg. 39 (3) - Details of Loss of Certificate / Duplicate Certificate,"We enclose the information regarding loss of share certificate(s) for 4,414 shares received from the shareholder(s) of the Company on October 16, 2024.",False,2024-10-17
500325_385,500325,Reliance Industries Ltd,2024-10-17 20:32:46.333,DissemDT,Potentially Price-Sensitive,Business / Strategic,1,e9072d75-b40f-4c0a-8417-a30e4f640033,General,"Please find attached a media release by Reliance Brands Limited, a subsidiary of the Company, titled ""Mothercare plc and Reliance Brands Holding UK Limited announce strategic Joint Venture ....",False,2024-10-17
500325_386,500325,Reliance Industries Ltd,2024-10-18 16:32:29.260,DissemDT,Routine / Lower Signal,Regulatory / Compliance,1,f7ce6664-70d3-4996-94ef-dd34bb979b03,Reg. 39 (3) - Details of Loss of Certificate / Duplicate Certificate,"We enclose the details of ''Letter(s) of Confirmation'' issued by the Company to its shareholders, in lieu of share certificate(s) reported as lost by them.",False,2024-10-18
500325_387,500325,Reliance Industries Ltd,2024-10-18 18:13:07.770,DissemDT,Potentially Price-Sensitive,Corporate Actions,2,"5f403d21-0133-41b3-8b44-d5ec117923f7, abda86a8-b7d0-43b7-9c1a-f60564e53956",Newspaper Publication; Reg. 39 (3) - Details of Loss of Certificate / Duplicate Certificate,"This is to inform that an advertisement on ""Record date for issue of Bonus Equity shares"" has been published today, i.e. October 18, 2024 in the following newspapers:

(i) The Times of .... || We enclose the information regarding loss of share certificate(s) received from the shareholder(s) of the Company on October 17, 2024 and October 18, 2024 aggregating to 16,348 shares.",False,2024-10-18
500325_388,500325,Reliance Industries Ltd,2024-10-19 16:07:16.533,DissemDT,Routine / Lower Signal,Regulatory / Compliance,1,23bcc9f9-c3d0-43b2-a53a-d17fd31d31b7,General,"Disclosure under Regulation 30 of the Securities and Exchange Board of India (Listing Obligations and Disclosure Requirements) Regulations, 2015 is attached.",False,2024-10-19
500325_389,500325,Reliance Industries Ltd,2024-10-22 17:06:30.873,DissemDT,Routine / Lower Signal,Regulatory / Compliance,1,9ec34d47-ccd7-45d7-94b0-e139ba889d39,Reg. 39 (3) - Details of Loss of Certificate / Duplicate Certificate,"We enclose the information regarding loss of share certificate(s) for 6,514 shares received from the shareholder(s) of the Company on October 21, 2024.",False,2024-10-22
500325_39,500325,Reliance Industries Ltd,2023-09-29 19:54:36.250,DissemDT,Potentially Price-Sensitive,Financial Results,2,"210f5aab-3292-49eb-b3b7-866d606ed386, 477a2043-93c5-42d7-85e9-420559042b8f",Closure of Trading Window; Reg. 39 (3) - Details of Loss of Certificate / Duplicate Certificate,"This is to inform that the Trading Window Close Period will commence from October 1, 2023 and end 48 hours after the financial results of the Company for the second quarter ending September .... || We enclose the information regarding loss of share certificate(s) received from the shareholder(s) of the Company on September 28, 2023 and September 29, 2023 aggregating to 13,179 shares.",True,2023-09-29
500325_390,500325,Reliance Industries Ltd,2024-10-22 20:19:42.590,DissemDT,Routine / Lower Signal,Other,1,abf48e0f-3123-41d6-9237-94258eb8574c,General,Forfeiture and cancellation of partly paid-up equity shares,False,2024-10-22
500325_391,500325,Reliance Industries Ltd,2024-10-23 16:16:25.837,DissemDT,Routine / Lower Signal,Regulatory / Compliance,1,6b776377-77ce-4880-aab9-1cf985c11591,Reg. 39 (3) - Details of Loss of Certificate / Duplicate Certificate,"We enclose the information regarding loss of share certificate(s) for 7,266 shares received from the shareholder(s) of the Company on October 22, 2024.",False,2024-10-23
500325_392,500325,Reliance Industries Ltd,2024-10-24 17:21:28.697,DissemDT,Routine / Lower Signal,Regulatory / Compliance,2,"f2e71fc7-876e-433f-bdbd-c6e6e5e115fc, 1251e19d-a4e6-4ce9-85ca-99ecb18fd49e",Reg. 39 (3) - Details of Loss of Certificate / Duplicate Certificate,"We enclose the details of ''Letter(s) of Confirmation'' issued by the Company to its shareholders, in lieu of share certificate(s) reported as lost by them. || We enclose the information regarding loss of share certificate(s) for 3,277 shares received from the shareholder(s) of the Company on October 23, 2024.",False,2024-10-24
500325_393,500325,Reliance Industries Ltd,2024-10-25 18:52:42.203,DissemDT,Routine / Lower Signal,Regulatory / Compliance,1,0d7671ef-67ec-4f24-a053-c7e996174d48,Reg. 39 (3) - Details of Loss of Certificate / Duplicate Certificate,"We enclose the information regarding loss of share certificate(s) received from the shareholders of the Company on October 24, 2024 and October 25, 2024 aggregating to 6,729 shares.",False,2024-10-25
500325_394,500325,Reliance Industries Ltd,2024-10-29 12:35:34.220,DissemDT,Potentially Price-Sensitive,Corporate Actions,1,2a94ca09-e4cf-4e06-bf71-59e399caee49,Allotment of Equity Shares,Allotment of Bonus Equity Shares,False,2024-10-29
500325_395,500325,Reliance Industries Ltd,2024-10-29 17:38:18.697,DissemDT,Potentially Price-Sensitive,Business / Strategic,2,"aef7138f-80a6-4332-a942-e73ffc58dac0, ea5e52a1-3fb6-49d9-8d23-c69e296eb1f6",Reg. 39 (3) - Details of Loss of Certificate / Duplicate Certificate; Acquisition,"We enclose the information regarding loss of share certificate(s) for 4,223 shares received from the shareholder(s) of the Company on October 28, 2024. || Update to the disclosure dated December 31, 2021 made under Regulation 30 of the Securities and Exchange Board of India (Listing Obligations and Disclosure Requirements) Regulations, 2015 ....",False,2024-10-29
500325_396,500325,Reliance Industries Ltd,2024-10-30 18:16:00.320,DissemDT,Potentially Price-Sensitive,Credit / Financing,1,c22412d6-8f33-4c70-bb1f-38cc40199abf,Credit Rating,"Re-affirmation of rating with respect to the Non-convertible Debentures, Commercial Paper and bank loan facilities of the Company",False,2024-10-30
500325_397,500325,Reliance Industries Ltd,2024-10-30 20:41:05.427,DissemDT,Routine / Lower Signal,Regulatory / Compliance,1,7263d276-1a82-4089-b760-54fff2b5a160,Reg. 39 (3) - Details of Loss of Certificate / Duplicate Certificate,"We enclose the information regarding loss of share certificates for 3,048 shares received from the shareholders of the Company on October 29, 2024.",False,2024-10-30
500325_398,500325,Reliance Industries Ltd,2024-10-31 18:59:37.163,DissemDT,Routine / Lower Signal,Regulatory / Compliance,2,"9e4db657-a97d-4088-8bcf-10ab1700f2fa, 6614c235-37d1-401e-b573-ff4741cfd163",Reg. 39 (3) - Details of Loss of Certificate / Duplicate Certificate,"We enclose the information regarding loss of share certificate(s) received from the shareholder(s) of the Company on October 30,2024 and October 31, 2024 aggregating to 7,703 shares. || We enclose the details of ''Letter(s) of Confirmation'' issued by the Company to its shareholders, in lieu of share certificate(s) reported as lost by them.",False,2024-10-31
500325_399,500325,Reliance Industries Ltd,2024-11-05 19:56:27.167,DissemDT,Routine / Lower Signal,Regulatory / Compliance,1,d023129a-835e-48f9-aade-980245ba3d0b,Reg. 39 (3) - Details of Loss of Certificate / Duplicate Certificate,"We enclose the information regarding loss of share certificate(s) for 7,871 shares received from the shareholders of the Company on November 04, 2024.",False,2024-11-05
500325_4,500325,Reliance Industries Ltd,2023-08-23 19:23:35.440,DissemDT,Routine / Lower Signal,Regulatory / Compliance,1,b0efa15d-0abe-41b5-aa85-2c7a75abdb2a,Reg. 39 (3) - Details of Loss of Certificate / Duplicate Certificate,"We enclose the information regarding loss of share certificate(s) for 5,194 shares received from the shareholder(s) of the Company on August 22, 2023.",False,2023-08-23
500325_40,500325,Reliance Industries Ltd,2023-10-03 20:57:16.870,DissemDT,Routine / Lower Signal,Regulatory / Compliance,1,af205949-4de4-4507-a14b-86c30a4c0f7b,Reg. 39 (3) - Details of Loss of Certificate / Duplicate Certificate,"We enclose the details of Letter(s) or Confirmation issued by the Company to its shareholders, in lieu of share certificate(s) reported as lost by them.",False,2023-10-03
500325_400,500325,Reliance Industries Ltd,2024-11-06 16:57:18.373,DissemDT,Routine / Lower Signal,Regulatory / Compliance,1,bda5a399-c1d4-4d4f-87e9-3ce907888f53,Reg. 39 (3) - Details of Loss of Certificate / Duplicate Certificate,"We enclose the information regarding loss of share certificate(s) for 3,285 shares received from the shareholder(s) of the Company on November 05, 2024.",False,2024-11-06
500325_401,500325,Reliance Industries Ltd,2024-11-07 16:42:51.930,DissemDT,Routine / Lower Signal,Regulatory / Compliance,1,70221d97-329e-4792-b0a6-c604a68f5241,Reg. 39 (3) - Details of Loss of Certificate / Duplicate Certificate,"We enclose the information regarding loss of share certificate(s) for 928 shares received from the shareholder(s) of the Company on November 06, 2024.",False,2024-11-07
500325_402,500325,Reliance Industries Ltd,2024-11-08 18:43:23.377,DissemDT,Routine / Lower Signal,Regulatory / Compliance,2,"056f7692-366b-4740-bae8-73367472e9e2, 3e9ded78-fa53-4e99-b6ed-52b2cdea1796",Reg. 39 (3) - Details of Loss of Certificate / Duplicate Certificate,"We enclose the details of ''Letter(s) of Confirmation'' issued by the Company to its shareholders, in lieu of share certificate(s) reported as lost by them || We enclose the information regarding loss of share certificate(s) received from the shareholder(s) of the Company on November 07, 2024 and November 08, 2024 aggregating to 4,674 shares.",False,2024-11-08
500325_403,500325,Reliance Industries Ltd,2024-11-08 21:10:37.660,DissemDT,Context-Dependent,Investor / Analyst,1,54caea50-2cc2-42d9-bb0d-587eded1fe1c,Analyst / Investor Meet,"Please note that the Company executives will be participating in Investors'' Meeting - UBS 20th Annual India Summit on November 13, 2024 at Mumbai. It is expected that the meeting with ....",False,2024-11-08
500325_404,500325,Reliance Industries Ltd,2024-11-12 16:41:47.657,DissemDT,Routine / Lower Signal,Regulatory / Compliance,1,1d6bb22f-0fc3-4ae6-8522-079e65053345,Reg. 39 (3) - Details of Loss of Certificate / Duplicate Certificate,"We enclose the information regarding loss of share certificate(s) for 4,820 shares received from the shareholder(s) of the Company on November 11, 2024.",False,2024-11-12
500325_405,500325,Reliance Industries Ltd,2024-11-12 20:22:26.400,DissemDT,Context-Dependent,Investor / Analyst,1,36028946-6933-4786-8790-b72f3c62724f,Analyst / Investor Meet,"Please note that the Company executives will be participating in the  Institutional Investors' Meeting - CLSA India Forum on November 18, 2024 at Mumbai. It is expected that the meeting ....",False,2024-11-12
500325_406,500325,Reliance Industries Ltd,2024-11-13 18:19:22.453,DissemDT,Routine / Lower Signal,Regulatory / Compliance,1,568a3492-bc72-4a7c-9ec5-e897b136b7a8,Reg. 39 (3) - Details of Loss of Certificate / Duplicate Certificate,"We enclose the information regarding loss of share certificate(s) for 7,396 shares received from the shareholder(s) of the Company on November 12, 2024.",False,2024-11-13
500325_407,500325,Reliance Industries Ltd,2024-11-13 21:20:29.460,DissemDT,Context-Dependent,Investor / Analyst,2,"69686e0c-9ecf-458a-a988-cef80832cb17, e91fce54-03fd-496f-a06e-72007b19be66",Analyst / Investor Meet; General,"Please note that the Company executives will be participating in the Institutional Investors' Meeting - JM Financial India Conference on November 19, 2024 at Mumbai. It is expected that .... || This is further to the disclosure dated November 8, 2024 made by the Company. We wish to inform you that the Company executives participated in Institutional Investors'' Meeting - UBS 20th ....",False,2024-11-13
500325_408,500325,Reliance Industries Ltd,2024-11-14 15:59:54.040,DissemDT,Routine / Lower Signal,Regulatory / Compliance,1,5ca78426-e370-43b2-8842-03bfd936c271,Reg. 39 (3) - Details of Loss of Certificate / Duplicate Certificate,"We enclose the details of ''Letter(s) of Confirmation'' issued by the Company to its shareholders, in lieu of share certificate(s) reported as lost by them.",False,2024-11-14
500325_409,500325,Reliance Industries Ltd,2024-11-14 17:26:10.540,DissemDT,Potentially Price-Sensitive,Business / Strategic,2,"1edc02e6-477c-4250-b735-b9a39c9d3935, fea9f443-3865-46b7-a080-804232b6aca0",Press Release / Media Release; Acquisition,"Please find attached, a media release titled ""RELIANCE AND DISNEY ANNOUNCE COMPLETION OF TRANSACTION TO FORM JOINT VENTURE TO BRING TOGETHER THE MOST ICONIC AND ENGAGING ENTERTAINMENT BRANDS .... || Update on completion of (i) investment in Star India Private Limited and (ii) acquisition of equity shares of Viacom 18 Media Private Limited.",False,2024-11-14
500325_41,500325,Reliance Industries Ltd,2023-10-04 15:00:25.993,DissemDT,Potentially Price-Sensitive,Business / Strategic,1,913af608-bbb9-46be-b080-e6c608effda3,General,"Please find attached a media release by Reliance Brands Limited, a subsidiary of the Company, titled ""RELIANCE BRANDS SIGNS DEFINITIVE AGREEMENT TO ACQUIRE MAJORITY OWNERSHIP OF SUPERDRY ....",False,2023-10-04
500325_410,500325,Reliance Industries Ltd,2024-11-14 18:11:09.967,DissemDT,Routine / Lower Signal,Regulatory / Compliance,1,2e3fcd19-9f78-4016-90f9-aa6c9a4f2cae,Reg. 39 (3) - Details of Loss of Certificate / Duplicate Certificate,"We enclose the information regarding loss of share certificate(s) received from the shareholder(s) of the Company on November 13, 2024 and November 14, 2024 aggregating to 7,572 shares.",False,2024-11-14
500325_411,500325,Reliance Industries Ltd,2024-11-14 21:11:45.470,DissemDT,Potentially Price-Sensitive,Business / Strategic,3,"a83938fd-c678-4828-b4fc-fcde673e8fab, 593eace5-abd8-419a-9580-80d89221e15a, 6d39a2e1-e4d0-4a38-9943-bd4f82de1420",Analyst / Investor Meet; Acquisition; General,"Please note that the Company executives will be participating in the Institutional Investors' Meeting - Morgan Stanley 23rd Annual Asia - Pacific Summit on November 20 & 21, 2024 at Singapore. .... || The Company has today acquired shares representing 63.16% of Star Television Productions Limited (""STPL"") from the existing Disney shareholder of STPL, for a consideration of Rs. 211.59 crore. || Disclosure under Regulation 30 of the Securities and Exchange Board of India (Listing Obligations and Disclosure Requirements) Regulations, 2015, is attached.",False,2024-11-14
500325_412,500325,Reliance Industries Ltd,2024-11-18 19:37:12.510,DissemDT,Context-Dependent,Investor / Analyst,1,6f88bb4d-74e9-46ba-858f-e87e9b658d35,General,"This is further to the disclosure dated November 12, 2024 made by the Company. We wish to inform you that the Company executives participated in the Institutional Investors'' Meeting - ....",False,2024-11-18
500325_413,500325,Reliance Industries Ltd,2024-11-18 23:19:42.377,DissemDT,Routine / Lower Signal,Regulatory / Compliance,1,9826b4ef-f477-42dc-a7e5-47e83905bc63,General,"Update to disclosures dated April 8, 2021 and July 28, 2023 - Regulation 30 of SEBI (Listing Obligations and Disclosure Requirements) Regulations, 2015 is attached.",False,2024-11-18
500325_414,500325,Reliance Industries Ltd,2024-11-19 16:41:28.277,DissemDT,Routine / Lower Signal,Regulatory / Compliance,1,13a3db7d-5fb1-413e-a116-8724688b7e1f,Reg. 39 (3) - Details of Loss of Certificate / Duplicate Certificate,"We enclose the information regarding loss of share certificate(s) for 3,884 shares received from the shareholder(s) of the Company on November 18, 2024.",False,2024-11-19
500325_415,500325,Reliance Industries Ltd,2024-11-19 19:49:51.627,DissemDT,Context-Dependent,Investor / Analyst,1,84f6f62a-f620-4256-aae9-abd495836412,General,"This is further to our disclosure dated November 13, 2024 made by the Company. We wish to inform you that the Company executives participated in Institutional Investors'' Meeting - JM Financial ....",False,2024-11-19
500325_416,500325,Reliance Industries Ltd,2024-11-20 18:50:14.053,DissemDT,Routine / Lower Signal,Regulatory / Compliance,2,"840ba755-f4fe-4042-b84b-720ab738b062, 23a37c3e-fa6f-4387-9b45-2d5ad15078dc",Reg. 39 (3) - Details of Loss of Certificate / Duplicate Certificate,"We enclose the details of ''Letter(s) of Confirmation'' issued by the Company to its shareholders, in lieu of share certificate(s) reported as lost by them. || We enclose the information regarding loss of share certificate(s) for 7,379 shares received from the shareholder(s) of the Company on November 19, 2024.",False,2024-11-20
500325_417,500325,Reliance Industries Ltd,2024-11-21 16:40:26.350,DissemDT,Routine / Lower Signal,Regulatory / Compliance,1,a53cfe37-2145-48d4-87b1-0cc7e24b997c,Reg. 39 (3) - Details of Loss of Certificate / Duplicate Certificate,"We enclose the information regarding loss of share certificate(s) for 2,443 shares received from the shareholders of the Company on November 20, 2024.",False,2024-11-21
500325_418,500325,Reliance Industries Ltd,2024-11-21 19:33:11.440,DissemDT,Context-Dependent,Investor / Analyst,1,3f8bd7bf-2c78-4e99-b45e-152938db9ba4,General,"This is further to the disclosure dated November 14, 2024 made by the Company. We wish to inform you that the Company executives participated in the Institutional Investors'' Meet - Morgan ....",False,2024-11-21
500325_419,500325,Reliance Industries Ltd,2024-11-22 21:01:06.657,DissemDT,Routine / Lower Signal,Regulatory / Compliance,1,a54fd771-2145-462f-99bd-1f3da352d3de,Reg. 39 (3) - Details of Loss of Certificate / Duplicate Certificate,"We enclose the information regarding loss of share certificate(s) received from the shareholders of the Company on November 21, 2024 and November 22, 2024 aggregating to 9,042 shares.",False,2024-11-22
500325_42,500325,Reliance Industries Ltd,2023-10-04 18:51:30.800,DissemDT,Routine / Lower Signal,Regulatory / Compliance,1,c9bc52aa-f8cb-425a-a0ce-98134355a0a7,Reg. 39 (3) - Details of Loss of Certificate / Duplicate Certificate,"We enclose the information regarding loss of share certificate(s) for 5,640 shares received from the shareholder(s) of the Company on October 03, 2023.",False,2023-10-04
500325_420,500325,Reliance Industries Ltd,2024-11-26 17:06:54.960,DissemDT,Routine / Lower Signal,Regulatory / Compliance,1,6564debd-474d-4064-a6f3-48b281e0d871,Reg. 39 (3) - Details of Loss of Certificate / Duplicate Certificate,"We enclose the information regarding loss of certificate(s) for 7,027 shares received from the shareholder(s) of the Company on November 25, 2024.",False,2024-11-26
500325_421,500325,Reliance Industries Ltd,2024-11-27 18:35:58.600,DissemDT,Routine / Lower Signal,Regulatory / Compliance,1,acad78a1-0518-4d76-b336-7afa272021ad,Reg. 39 (3) - Details of Loss of Certificate / Duplicate Certificate,"We enclose the information regarding loss of share certificate(s) for 4,894 shares received from the shareholder(s) of the Company on November 26, 2024.",False,2024-11-27
500325_422,500325,Reliance Industries Ltd,2024-11-28 16:18:17.350,DissemDT,Potentially Price-Sensitive,Business / Strategic,3,"66ea3bf5-ec93-44c8-8c8c-1b38a31af09e, 4db8920f-08e0-4969-be61-22f7db22ae71, 0156adca-1677-47fb-baa5-981daba49945",Acquisition; Reg. 39 (3) - Details of Loss of Certificate / Duplicate Certificate,"Acquisition of 21% stake in Wavetech Helium, Inc. || We enclose the information regarding loss of share certificate(s) for 11,753 shares received from the shareholder(s) of the Company on November 27, 2024 || We enclose the details of ''Letter(s) of Confirmation'' issued by the Company to its shareholders, in lieu of share certificate(s) reported as lost by them.",False,2024-11-28
500325_423,500325,Reliance Industries Ltd,2024-11-29 19:05:49.160,DissemDT,Routine / Lower Signal,Regulatory / Compliance,1,d4f54ce1-e64b-4dfa-99e0-16b153c1e7b1,Reg. 39 (3) - Details of Loss of Certificate / Duplicate Certificate,"We enclose the information regarding loss of share certificate(s) received from the shareholder(s) of the Company on November 28, 2024 and November 29, 2024 aggregating to 11,332 shares.",False,2024-11-29
500325_424,500325,Reliance Industries Ltd,2024-12-03 17:10:40.153,DissemDT,Routine / Lower Signal,Regulatory / Compliance,1,de8b5b8d-4c8d-4065-8767-2a52e20fa24f,Reg. 39 (3) - Details of Loss of Certificate / Duplicate Certificate,"We enclose the information regarding loss of share certificate(s) for 2,443 shares received from the shareholder(s) of the Company on December 2, 2024.",False,2024-12-03
500325_425,500325,Reliance Industries Ltd,2024-12-03 18:36:15.977,DissemDT,Routine / Lower Signal,Regulatory / Compliance,1,bc284054-e725-4913-a5e2-dee05cae96f8,General,"Disclosure under Regulation 30 of the Securities and Exchange Board of India (Listing Obligations and Disclosure Requirements) Regulations, 2015 is attached.",False,2024-12-03
500325_426,500325,Reliance Industries Ltd,2024-12-04 17:10:11.173,DissemDT,Routine / Lower Signal,Regulatory / Compliance,1,8628c4a2-df4f-4442-98d5-e872ab6402f7,Reg. 39 (3) - Details of Loss of Certificate / Duplicate Certificate,"We enclose the information regarding loss of share certificate(s) for 4,898 shares received from the shareholder(s) of the Company on December 3, 2024.",False,2024-12-04
500325_427,500325,Reliance Industries Ltd,2024-12-05 16:45:30.410,DissemDT,Routine / Lower Signal,Regulatory / Compliance,2,"7e522898-b87e-40f8-9978-8cda2f71dbcb, 0455b10f-1166-4263-9040-7788039b39b9",Reg. 39 (3) - Details of Loss of Certificate / Duplicate Certificate,"We enclose the information regarding loss of share certificate(s) for 5,374 shares received from the shareholder(s) of the Company on December 4, 2024. || We enclose the details of ''Letter(s) of Confirmation'' issued by the Company to its shareholders, in lieu of share certificate(s) reported as lost by them.",False,2024-12-05
500325_428,500325,Reliance Industries Ltd,2024-12-06 18:35:27.987,DissemDT,Routine / Lower Signal,Regulatory / Compliance,1,8f7f013e-b5f6-42d7-bd5a-27d824951266,Reg. 39 (3) - Details of Loss of Certificate / Duplicate Certificate,"We enclose the information regarding loss of share certificate(s) received from the shareholders of the Company on December 5, 2024 and December 6, 2024 aggregating to 7,055 shares.",False,2024-12-06
500325_429,500325,Reliance Industries Ltd,2024-12-10 16:46:12.493,DissemDT,Routine / Lower Signal,Regulatory / Compliance,1,b5515033-1c9a-4803-bd8b-2cfb3137b5ab,Reg. 39 (3) - Details of Loss of Certificate / Duplicate Certificate,"We enclose the information regarding loss of share certificate(s) for 7,403 shares received from the shareholder(s) of the Company on December 9, 2024.",False,2024-12-10
500325_43,500325,Reliance Industries Ltd,2023-10-05 20:21:05.980,DissemDT,Routine / Lower Signal,Regulatory / Compliance,1,1360c7ec-62fa-4d72-8132-c240632d2fd0,Reg. 39 (3) - Details of Loss of Certificate / Duplicate Certificate,"We enclose the information regarding loss of share certificate(s) for 4,951 shares received from the shareholder(s) of the Company on October 04, 2023.",False,2023-10-05
500325_430,500325,Reliance Industries Ltd,2024-12-10 23:23:41.463,DissemDT,Potentially Price-Sensitive,Business / Strategic,1,9a1b090f-124c-427b-bc1f-fe7886a4bd96,General,"We wish to inform that the Hon''ble National Company Law Tribunal, Mumbai Bench vide its order dated December 09, 2024 has approved the resolution plan submitted by Reliance Strategic Business ....",False,2024-12-10
500325_431,500325,Reliance Industries Ltd,2024-12-11 17:37:25.270,DissemDT,Routine / Lower Signal,Regulatory / Compliance,1,e8f4f47e-3a6a-474d-9f25-9188170e0b78,Reg. 39 (3) - Details of Loss of Certificate / Duplicate Certificate,"We enclose the information regarding loss of share certificate(s) for 5,537 shares received from the shareholder(s) of the Company on December 10, 2024.",False,2024-12-11
500325_432,500325,Reliance Industries Ltd,2024-12-12 16:38:10.473,DissemDT,Routine / Lower Signal,Regulatory / Compliance,2,"5e851d6f-0713-42ad-ab6e-72ad775ed7c6, c29eaa64-7e0f-4a02-aecd-94442151a1cf",Reg. 39 (3) - Details of Loss of Certificate / Duplicate Certificate,"We enclose the details of ''Letter(s) of Confirmation'' issued by the Company to its shareholders, in lieu of share certificate(s) reported as lost by them. || We enclose the information regarding loss of share certificate(s) for 3,413 shares received from the shareholder(s) of the Company on December 11, 2024.",False,2024-12-12
500325_433,500325,Reliance Industries Ltd,2024-12-13 19:06:37.093,DissemDT,Routine / Lower Signal,Regulatory / Compliance,1,a438e5a5-94f8-470a-9752-13296082697b,Reg. 39 (3) - Details of Loss of Certificate / Duplicate Certificate,"We enclose the information regarding loss of share certificate(s) received from the shareholder(s) of the Company on December 12, 2024 and December 13, 2024 aggregating to 9,640 shares.",False,2024-12-13
500325_434,500325,Reliance Industries Ltd,2024-12-13 20:11:04.647,DissemDT,Potentially Price-Sensitive,Business / Strategic,1,325a6ca0-5879-43d0-9eb3-60d41157b136,Acquisition,Acquisition of equity shares of Navi Mumbai IIA Private Limited.,False,2024-12-13
500325_435,500325,Reliance Industries Ltd,2024-12-20 17:44:12.047,DissemDT,Routine / Lower Signal,Regulatory / Compliance,1,aa0c937d-6a86-4572-ab6b-33886d7e33b7,"Trading Plan under SEBI (PIT) Regulations, 2015",Notification of Trading Plan,False,2024-12-20
500325_436,500325,Reliance Industries Ltd,2024-12-21 13:21:59.247,DissemDT,Potentially Price-Sensitive,Business / Strategic,1,bc11b358-ac2c-40f2-bbce-d48dc0e6937b,Acquisition,Investment in Health Alliance Group Inc.,False,2024-12-21
500325_437,500325,Reliance Industries Ltd,2024-12-25 17:00:58.190,DissemDT,Potentially Price-Sensitive,Credit / Financing,1,6fc16351-abab-4827-a3da-6d2a1d68d72d,Credit Rating,Re-affirmation of rating with respect to the bank loan facilities and Commercial Paper of the Company,False,2024-12-25
500325_438,500325,Reliance Industries Ltd,2024-12-27 23:13:07.427,DissemDT,Potentially Price-Sensitive,Business / Strategic,1,6edc40b9-99b4-43b6-98ba-3a8fa3997e0c,General,"This is to inform that Reliance UbiTek LLC, a step down wholly-owned subsidiary of the Company, has been voluntarily liquidated and ceased to be a wholly-owned subsidiary of the Company.",False,2024-12-27
500325_439,500325,Reliance Industries Ltd,2024-12-28 09:55:28.283,DissemDT,Potentially Price-Sensitive,Business / Strategic,1,86095de6-e270-46d9-b31a-56100fcf1b8c,Acquisition,Investment in Karkinos Healthcare Private Limited,False,2024-12-28
500325_44,500325,Reliance Industries Ltd,2023-10-06 19:41:36.783,DissemDT,Routine / Lower Signal,Regulatory / Compliance,1,bfc38eee-0471-4c52-80c3-331e02a8c350,Reg. 39 (3) - Details of Loss of Certificate / Duplicate Certificate,"We enclose the information regarding loss of share certificate(s) received from the shareholder(s) of the Company on October 05, 2023 and October 06, 2023 aggregating to 9,860 shares.",False,2023-10-06
500325_440,500325,Reliance Industries Ltd,2024-12-30 22:49:21.660,DissemDT,Potentially Price-Sensitive,Business / Strategic,1,06df734b-d7da-40bf-b1e1-3fd0ca2499dc,Acquisition,Update on investment in Health Alliance Group Inc.,False,2024-12-30
500325_441,500325,Reliance Industries Ltd,2024-12-31 16:32:10.967,DissemDT,Potentially Price-Sensitive,Board / Management,1,33eccbb2-816c-4a63-ba79-4c18432d4b87,Closure of Trading Window,"This is to inform that pursuant to the Reliance Code to Regulate, Monitor and Report Trading by Directors, Promoters, Designated Persons and Specified Connected Persons of the Company and ....",False,2024-12-31
500325_442,500325,Reliance Industries Ltd,2024-12-31 18:24:12.553,DissemDT,Potentially Price-Sensitive,Business / Strategic,1,a9a17a8c-b2ec-47a4-a3dd-3e9e7a2cc938,Acquisition,Conversion of compulsorily convertible preference shares held by the Company in Viacom 18 Media Private Limited,False,2024-12-31
500325_443,500325,Reliance Industries Ltd,2025-01-09 18:37:57.110,DissemDT,Potentially Price-Sensitive,Financial Results,2,"a502694c-5aca-4bdc-ac58-524edf5d5252, 52a566e5-df43-4768-89b7-5a13ba7d414f",Board Meeting; Analyst / Investor Meet,"RELIANCE INDUSTRIES LTD.has informed BSE that the meeting of the Board of Directors of the Company is scheduled on 16/01/2025 ,inter alia, to consider and approve the standalone and consolidated .... || A meeting of the Board of Directors of the Company is scheduled to be held on Thursday, January 16, 2025, inter alia, to consider and approve the standalone and consolidated unaudited financial ....",True,2025-01-09
500325_444,500325,Reliance Industries Ltd,2025-01-16 19:28:45.830,DissemDT,Potentially Price-Sensitive,Financial Results,3,"9f087985-d794-42b1-a256-126d88d0d127, 2f465a96-d81c-46ea-aec7-9da8df22a99f, 6af1a6cd-7453-479c-b4e7-dc511828285f",Financial Results; Press Release / Media Release; Investor Presentation,"Consolidated and Standalone Unaudited Financial Results for the quarter and nine months ended December 31, 2024, are attached. || Media Release - Consolidated and Standalone Unaudited Financial Results for the quarter and nine months ended December 31, 2024, is attached. || Presentation on the Unaudited Financial Results (Consolidated and Standalone) for the quarter and nine months ended December 31, 2024, is attached.",True,2025-01-16
500325_445,500325,Reliance Industries Ltd,2025-01-16 22:41:14.873,DissemDT,Potentially Price-Sensitive,Business / Strategic,2,"1a552c3d-69eb-4d96-ad6e-692689e088e1, c3dc87df-2fca-4a51-85bb-0f8f60b49ee1",Acquisition,Acquisition of 100% equity stake of Lakadia B Power Transmission Limited || Acquisition of 100% equity stake of Reliance New Energy Battery Limited,False,2025-01-16
500325_446,500325,Reliance Industries Ltd,2025-01-16 23:35:14.807,DissemDT,Routine / Lower Signal,Other,1,11dc732c-55d6-4fc9-9479-9b1311fc62e2,Integrated Filing (Financial),"Integrated Filing (Financial) for the quarter and nine month ended December 31, 2024 is attached.",False,2025-01-16
500325_447,500325,Reliance Industries Ltd,2025-01-17 08:23:52.200,DissemDT,Potentially Price-Sensitive,Financial Results,2,"48937776-f439-4388-8b77-4f5957068927, f8f280be-f922-4dc8-92c5-eee58a4bdad1",Analyst / Investor Meet; Earnings Call Transcript,"Audio / video recording and transcript of the presentation made to the analysts on the Unaudited Financial Results (Consolidated and Standalone) for the quarter and nine months ended December 31, 2024 || Transcript of the presentation made to the analysts on the Unaudited Financial Results (Consolidated and Standalone) for the quarter and nine months ended December 31, 2024 is attached",True,2025-01-17
500325_448,500325,Reliance Industries Ltd,2025-01-17 22:38:58.377,DissemDT,Potentially Price-Sensitive,Business / Strategic,1,4ad602d0-83fb-46c8-9def-ad0bfaf91f63,Acquisition,Update on acquisition of 100% equity stake of Reliance New Energy Battery Limited,False,2025-01-17
500325_449,500325,Reliance Industries Ltd,2025-01-23 20:55:51.037,DissemDT,Routine / Lower Signal,Regulatory / Compliance,1,424a19bc-06e5-48e8-9c65-956bc0df6b00,Diversification / Disinvestment,Sale of 100% stake in M Entertainments Private Limited,False,2025-01-23
500325_45,500325,Reliance Industries Ltd,2023-10-06 21:03:06.277,DissemDT,Potentially Price-Sensitive,Business / Strategic,1,ae25423c-f87d-424b-8a9b-34681f992143,Press Release / Media Release,"Please find attached a media release by Reliance Retail Ventures Limited, a subsidiary of the Company, titled ""ADIA TO INVEST RS. 4966.80 CRORE IN RELIANCE RETAIL VENTURES LIMITED AT AN ....",False,2023-10-06
500325_450,500325,Reliance Industries Ltd,2025-01-30 18:30:32.080,DissemDT,Potentially Price-Sensitive,Credit / Financing,1,24b1d291-a633-4e91-b3e7-f13ad10503cb,Credit Rating,Re-affirmation of rating with respect to the Non-convertible Debentures and Commercial Paper of the Company,False,2025-01-30
500325_451,500325,Reliance Industries Ltd,2025-02-05 19:57:31.040,DissemDT,Context-Dependent,Investor / Analyst,1,bd578f0e-25fb-4163-84c9-790fd6ee3bc8,Analyst / Investor Meet,"Please note that the Company executives will be participating in the Institutional Investors'' Meeting - Nuvama India Conference 2025 on February 10, 2025 at Mumbai. 

It is expected ....",False,2025-02-05
500325_452,500325,Reliance Industries Ltd,2025-02-06 19:14:33.507,DissemDT,Context-Dependent,Investor / Analyst,1,75bd4fdc-2db1-4a4d-80cd-e1ee5de2f2ca,Analyst / Investor Meet,"Please note that the Company executives will be participating in Axis Capital India Conference on February 11, 2025 at Mumbai. 

It is expected that the meeting with the investors will ....",False,2025-02-06
500325_453,500325,Reliance Industries Ltd,2025-02-10 19:33:47.930,DissemDT,Context-Dependent,Investor / Analyst,3,"4c4c631c-b33d-4148-982f-552e487d9774, 15739475-35a6-4d3d-acea-3ee6e7e118a0, f7b6b70e-50be-42ed-bc35-0c4442ec58d1",Analyst / Investor Meet; General,"Please note that the Company executives will be participating in the Institutional Investors' Meeting - Citi 2025 India Investor Conference on February 13, 2025 at Mumbai. 

It is expected .... || This is further to our disclosure dated February 5, 2025 made by the Company. We wish to inform you that the Company executives participated in the Institutional Investors'' Meeting - Nuvama .... || Please find attached a media release, titled ""Mumbai Indians welcome The Hundred''s London-based franchise ''Oval Invincibles'' to the the #OneFamily.""",False,2025-02-10
500325_454,500325,Reliance Industries Ltd,2025-02-11 18:52:13.813,DissemDT,Context-Dependent,Investor / Analyst,1,4dc4cb7b-6911-426e-9164-ee59723fa39f,General,"This is further to our disclosure dated February 6, 2025 made by the Company. We wish to inform you that the Company executives participated in the Institutional Investors'' Meeting - Axis ....",False,2025-02-11
500325_455,500325,Reliance Industries Ltd,2025-02-12 16:57:12.510,DissemDT,Potentially Price-Sensitive,Business / Strategic,1,10869cc9-6bce-42dd-ade4-b34697d56553,Acquisition,Incorporation of a wholly owned subsidiary in Singapore.,False,2025-02-12
500325_456,500325,Reliance Industries Ltd,2025-02-12 18:32:50.450,DissemDT,Context-Dependent,Investor / Analyst,1,98cc0905-8972-41ce-a200-2287e64479ba,Analyst / Investor Meet,"Please note that the Company executives will be participating in the Institutional Investors'' Meeting - Kotak Chasing Growth 2025 Investor Conference on February 17, 2025 at Mumbai. It ....",False,2025-02-12
500325_457,500325,Reliance Industries Ltd,2025-02-13 19:33:48.533,DissemDT,Context-Dependent,Investor / Analyst,1,567eb205-c08b-4b67-86e1-c0db176c98d9,General,"This is further to the disclosure dated February 10, 2025 made by the Company. We wish to inform you that the Company executives participated in the Institutional Investors'' Meeting - ....",False,2025-02-13
500325_458,500325,Reliance Industries Ltd,2025-02-14 19:23:09.633,DissemDT,Potentially Price-Sensitive,Business / Strategic,1,ce03f83b-c78b-4746-96e4-464fbdc8e711,Acquisition,Update on acquisition of 100% equity stake of Lakadia B Power Transmission Limited,False,2025-02-14
500325_459,500325,Reliance Industries Ltd,2025-02-15 14:25:43.993,DissemDT,Routine / Lower Signal,Regulatory / Compliance,1,2f797ab9-b007-4892-8c5f-2335e64a2ba0,General,"Update to disclosure dated July 31, 2018",False,2025-02-15
500325_46,500325,Reliance Industries Ltd,2023-10-09 19:31:50.717,DissemDT,Routine / Lower Signal,Regulatory / Compliance,1,c5b08b66-7bf0-4c94-b836-160b00f8c70c,Reg. 39 (3) - Details of Loss of Certificate / Duplicate Certificate,"We enclose the details of Letter(s) of Confirmation issued by the Company to its shareholders, in lieu of share certificate(s) reported as lost by them.",False,2023-10-09
500325_460,500325,Reliance Industries Ltd,2025-02-17 18:28:53.170,DissemDT,Context-Dependent,Investor / Analyst,1,74cfb519-0832-4d41-85c3-26d3a88427c2,General,"This further to our disclosure dated February 12, 2025 made by the Company. We wish to inform you that the Company executives participated in the Institutional Investors'' Meeting - Kotak ....",False,2025-02-17
500325_461,500325,Reliance Industries Ltd,2025-02-21 18:49:13.943,DissemDT,Context-Dependent,Investor / Analyst,1,b0adf4ba-0f44-4042-8a7d-fa26ffda3894,Analyst / Investor Meet,"Please note that the Company executives will be participating in the Institutional Investors'' Meeting - IIFL Global Investors Conference on February 26, 2025 at Mumbai. It is expected ....",False,2025-02-21
500325_462,500325,Reliance Industries Ltd,2025-02-26 19:33:28.730,DissemDT,Context-Dependent,Investor / Analyst,1,22cb3389-d78c-4e08-af10-284d25ab10bb,General,"This is further to our disclosure dated February 21, 2025 made by the Company. We wish to inform you that the Company executives participated in the Institutional Investors'' Meeting - ....",False,2025-02-26
500325_463,500325,Reliance Industries Ltd,2025-02-28 18:06:36.310,DissemDT,Routine / Lower Signal,Regulatory / Compliance,1,f1e51d73-75f7-4d23-bfac-37dac862d77e,General,"Disclosure under Regulation 30 of the Securities and Exchange Board of India (Listing Obligations and Disclosure Requirements) Regulation, 2015 is attached.",False,2025-02-28
500325_464,500325,Reliance Industries Ltd,2025-03-03 15:08:07.460,DissemDT,Routine / Lower Signal,Regulatory / Compliance,1,d2214751-bbd6-4261-a958-5b3e47378bce,Clarification,"The Exchange has sought clarification from Reliance Industries Ltd on March 3, 2025, with reference to news appeared in https://www.thehindubusinessline.com dated March 3, 2025 quoting ....",False,2025-03-03
500325_465,500325,Reliance Industries Ltd,2025-03-04 08:39:54.193,DissemDT,Routine / Lower Signal,Regulatory / Compliance,1,aad057d9-bce7-436b-ae63-683e7781daaf,General,"Update to disclosure dated February 15, 2025",False,2025-03-04
500325_466,500325,Reliance Industries Ltd,2025-03-04 15:49:42.087,DissemDT,Routine / Lower Signal,Regulatory / Compliance,1,356dab4a-cdbe-40c1-a0ff-ac7ef002b659,General,"Please refer our letter dated March 4, 2025 attached herewith.",False,2025-03-04
500325_467,500325,Reliance Industries Ltd,2025-03-07 21:09:37.957,DissemDT,Routine / Lower Signal,Regulatory / Compliance,1,46cd1ee9-0d61-48b2-80d5-a007d2dc70ba,"Trading Plan under SEBI (PIT) Regulations, 2015",Notification of Trading Plan,False,2025-03-07
500325_468,500325,Reliance Industries Ltd,2025-03-12 08:48:45.363,DissemDT,Potentially Price-Sensitive,Business / Strategic,1,a8889826-a184-4067-b205-ec0df52f506a,General,"Please find attached a media release by Jio Platforms Limited, a subsidiary of the Company, titled ""JIO TO BRING SPACEX''S STARLINK HIGH-SPEED INTERNET TO ITS CUSTOMERS.""",False,2025-03-12
500325_469,500325,Reliance Industries Ltd,2025-03-19 16:40:54.780,DissemDT,Potentially Price-Sensitive,Business / Strategic,1,9dee478a-c681-451b-9602-8ae050398ccd,General,"Dissolution of Reliance Eagleford Upstream LLC, a wholly owned subsidiary of the Company and Reliance Marcellus LLC, an indirect wholly owned subsidiary of the Company, becoming wholly ....",False,2025-03-19
500325_47,500325,Reliance Industries Ltd,2023-10-09 22:04:47.600,DissemDT,Routine / Lower Signal,Regulatory / Compliance,1,96a22c87-4426-44b1-9a4a-86ff868f712a,General,"Disclosure under Regulation 30 of the SEBI (Listing Obligations and Disclosure Requirements) Regulations, 2015",False,2023-10-09
500325_470,500325,Reliance Industries Ltd,2025-03-20 21:18:42.177,DissemDT,Potentially Price-Sensitive,Business / Strategic,1,6fcbd467-5db3-42a2-bd31-1967236a0faa,Acquisition,Acquisition of 100% equity stake of Nauyaan Tradings Private Limited and Agreement to acquire 74% equity stake of Nauyaan Shipyard Private Limited.,False,2025-03-20
500325_471,500325,Reliance Industries Ltd,2025-03-21 19:45:36.837,DissemDT,Potentially Price-Sensitive,Business / Strategic,1,dbc026d1-cd2b-4fed-bfd6-44b53e0880a8,Acquisition,Completion of acquisition of 74% equity stake of Nauyaan Shipyard Private Limited.,False,2025-03-21
500325_472,500325,Reliance Industries Ltd,2025-03-25 17:01:34.927,DissemDT,Potentially Price-Sensitive,Business / Strategic,1,216d4739-10a1-43f9-bdd2-8d14b69a7a88,Acquisition,Initial subscription in REC Sustainable Energy Solutions Pte. Ltd.,False,2025-03-25
500325_473,500325,Reliance Industries Ltd,2025-03-28 18:07:50.633,DissemDT,Potentially Price-Sensitive,Board / Management,1,bd2c3683-0543-40e2-97e0-6c3cae13c6c8,Closure of Trading Window,"This is to inform that pursuant to the Reliance Code to Regulate, Monitor and Report Trading by Directors, Promoters, Designated Persons and Specified Connected Persons of the Company and ....",False,2025-03-28
500325_474,500325,Reliance Industries Ltd,2025-03-28 20:22:19.470,DissemDT,Potentially Price-Sensitive,Business / Strategic,1,3336c156-47f9-4ed2-ba0f-27529a6440f1,Diversification / Disinvestment,"Reliance Projects & Property Management Services Limited, a wholly owned subsidiary of the Company ceasing to be a wholly owned subsidiary and becoming a subsidiary of the Company.",False,2025-03-28
500325_475,500325,Reliance Industries Ltd,2025-04-02 13:16:06.190,DissemDT,Potentially Price-Sensitive,Business / Strategic,1,98dfe337-b6dc-4baf-83fb-a96360b015a6,General,"Please find attached a media release by RISE Worldwide Limited, a wholly owned subsidiary of the Company, titled ""Reliance to Partner with BLAST for Esports Business in India.""",False,2025-04-02
500325_476,500325,Reliance Industries Ltd,2025-04-02 20:11:16.967,DissemDT,Routine / Lower Signal,Other,1,d51724f6-d843-4789-8624-597cbb16979a,General,"Please find attached a media release by the Company, titled ""Reliance breaks ground on first of 500 CBG plants in Andhra Pradesh, plans to invest Rs. 65,000 crores in developing integrated ....",False,2025-04-02
500325_477,500325,Reliance Industries Ltd,2025-04-03 16:38:11.843,DissemDT,Routine / Lower Signal,Regulatory / Compliance,1,a6541e8b-e1e2-484f-9c51-94d34fb829f5,General,"Disclosure under Regulation 30 of the Securities and Exchange Board of India (Listing Obligations and Disclosure Requirements) Regulations, 2015 is attached.",False,2025-04-03
500325_478,500325,Reliance Industries Ltd,2025-04-10 19:17:35.927,DissemDT,Potentially Price-Sensitive,Business / Strategic,1,cad40bed-3929-4a1d-a280-9442817c7f7f,Acquisition,Agreement to acquire further 10% equity stake in Nauyaan Shipyard Private Limited.,False,2025-04-10
500325_479,500325,Reliance Industries Ltd,2025-04-11 18:51:26.620,DissemDT,Potentially Price-Sensitive,Business / Strategic,1,67149daf-b5b1-4078-9ae6-ed8075d06c2d,Acquisition,Completion of acquisition of further 10% equity stake in Nauyaan Shipyard Private Limited.,False,2025-04-11
500325_48,500325,Reliance Industries Ltd,2023-10-10 18:17:44.633,DissemDT,Routine / Lower Signal,Regulatory / Compliance,1,0046382e-b5b6-44d0-b1ca-db1c9e43b94e,Reg. 39 (3) - Details of Loss of Certificate / Duplicate Certificate,"We enclose the information regarding loss of share certificate(s) for 5,646 shares received from the shareholder(s) of the Company on October 09, 2023.",False,2023-10-10
500325_480,500325,Reliance Industries Ltd,2025-04-17 17:19:07.460,DissemDT,Potentially Price-Sensitive,Business / Strategic,1,875b7507-619b-4058-be98-cd5b84bf5bcf,General,Dissolution of Reliance Global Project Services Pte. Ltd.,False,2025-04-17
500325_481,500325,Reliance Industries Ltd,2025-04-18 17:43:09.883,DissemDT,Potentially Price-Sensitive,Financial Results,1,8cc372c2-d33e-449a-93c6-06bffc951281,Board Meeting,"Reliance Industries Ltdhas informed BSE that the meeting of the Board of Directors of the Company is scheduled on 25/04/2025 ,inter alia, to consider and approve a. the standalone and consolidated ....",True,2025-04-18
500325_482,500325,Reliance Industries Ltd,2025-04-22 22:07:49.407,DissemDT,Context-Dependent,Investor / Analyst,1,7a361d7d-d693-47d9-b09b-53943aaf2787,Analyst / Investor Meet,Schedule of Analyst Meeting,False,2025-04-22
500325_483,500325,Reliance Industries Ltd,2025-04-25 19:56:23.940,DissemDT,Potentially Price-Sensitive,Financial Results,4,"9d02b0dc-1d40-4b39-9afc-649b98e21f28, 677afd38-f976-4051-8beb-e249307014ae, 1dd7df15-7ce7-4588-af83-99bc9e161e37, 640d1dbf-086c-4dac-8c3b-2554826840f2",Outcome of Board Meeting; Press Release / Media Release; Investor Presentation; Financial Results,"In continuation of our letter dated April 18, 2025, we wish to inform you that the Board of Directors of the Company, at its meeting held today, has inter alia:

i. approved the Audited .... || In continuation of our letter of today''s date on the Consolidated and Standalone Audited Financial Results for the quarter / year ended March 31, 2025, we attach a copy of Media Release .... || Investor Presentation is attached || Audited Financial Results (Consolidated and Standalone) for the quarter / year ended March 31, 2025",True,2025-04-25
500325_484,500325,Reliance Industries Ltd,2025-04-25 21:25:37.770,DissemDT,Potentially Price-Sensitive,Business / Strategic,1,d35d3870-f9f5-4f9e-8afe-1eebbeca1bb9,Acquisition,Acquisition of 100% equity stake of Kandla GHA Transmission Limited,False,2025-04-25
500325_485,500325,Reliance Industries Ltd,2025-04-25 22:37:48.050,DissemDT,Potentially Price-Sensitive,Board / Management,1,9eb7f8ce-da4f-4cda-9b4c-a84582a4c8a5,Change in Directorate,Appointment of Shri Anant M. Ambani as a Whole-time Director,False,2025-04-25
500325_486,500325,Reliance Industries Ltd,2025-04-26 22:07:06.657,DissemDT,Potentially Price-Sensitive,Financial Results,2,"fa0d5ce5-1d9c-4ea1-bfd0-93f3b3bd6a2e, ddfa5365-9407-492a-916c-e8e9cfd952ce",Analyst / Investor Meet; Earnings Call Transcript,"Transcript of the discussion on the Audited Financial Results (Consolidated and Standalone) of the Company for the quarter / year ended March 31, 2025, at the analyst meet held on April .... || Transcript of the Analyst Meet is attached.",True,2025-04-26
500325_487,500325,Reliance Industries Ltd,2025-04-30 21:37:33.337,DissemDT,Potentially Price-Sensitive,Corporate Actions,1,f2630408-1adf-4eef-892f-8c0a80e5be29,Allotment of ESOP / ESPS,"We wish to inform you that the Company has today allotted, 99,736 equity shares of Rs. 10/- each pursuant to Reliance Industries Limited Employees'' Stock Option Scheme 2017.",False,2025-04-30
500325_488,500325,Reliance Industries Ltd,2025-05-02 17:17:47.650,DissemDT,Routine / Lower Signal,Regulatory / Compliance,1,a757da46-6bc1-45d7-86e0-1078ab13e8c9,"Trading Plan under SEBI (PIT) Regulations, 2015",Notification of Trading Plan,False,2025-05-02
500325_489,500325,Reliance Industries Ltd,2025-05-03 14:55:30.737,DissemDT,Routine / Lower Signal,Regulatory / Compliance,1,f48eb8ef-d86c-4afe-9900-720b30cd12c7,General,"Update to disclosure dated June 21, 2022",False,2025-05-03
500325_49,500325,Reliance Industries Ltd,2023-10-11 19:30:28.697,DissemDT,Routine / Lower Signal,Regulatory / Compliance,1,495d7545-7f40-4618-8b47-30acddc258c0,Reg. 39 (3) - Details of Loss of Certificate / Duplicate Certificate,"We enclose the information regarding loss of share certificates for 9,920 shares received from the shareholders of the Company on October 10, 2023.",False,2023-10-11
500325_490,500325,Reliance Industries Ltd,2025-05-05 17:08:46.100,DissemDT,Potentially Price-Sensitive,Business / Strategic,1,11bd9853-bf19-467a-81bb-d5f4c7a80ee5,General,"Please find attached a media release by the Company, titled ""Shell, Reliance, and ONGC set benchmark with India''s first offshore facilities decommissioning project"".",False,2025-05-05
500325_491,500325,Reliance Industries Ltd,2025-05-08 22:18:38.563,DissemDT,Routine / Lower Signal,Other,1,6f15a699-596a-46a5-a52a-d9d5d24edfc6,General,Dissolution of skyTran Inc.,False,2025-05-08
500325_492,500325,Reliance Industries Ltd,2025-05-28 17:42:54.357,DissemDT,Routine / Lower Signal,Regulatory / Compliance,1,e3c5b00a-dfe4-4cbf-8389-9e1a896612e0,Reg.24(A)-Annual Secretarial Compliance,"The Secretarial Compliance Report for the financial year ended March 31, 2025, duly issued by Dr. K. R. Chandratre, Practicing Company Secretary, is attached.",False,2025-05-28
500325_493,500325,Reliance Industries Ltd,2025-05-28 18:22:56.857,DissemDT,Context-Dependent,Investor / Analyst,1,f27f0a54-8e73-41fc-8e02-1c5983556454,Analyst / Investor Meet,"Please note that the Company executives will be participating in the Institutional Investors'' Meeting - BofA 2025 India Conference on June 2, 2025 at Mumbai. It is expected that the meeting ....",False,2025-05-28
500325_494,500325,Reliance Industries Ltd,2025-05-29 19:14:47.100,DissemDT,Context-Dependent,Investor / Analyst,1,6333ad7c-20e4-437e-8c41-19d493e18c2c,General,"This is further to the disclosure dated May 23, 2025 made by the Company. We wish to inform you that the Company executives participated in the Institutional Investors'' Meeting - ""Citi''s ....",False,2025-05-29
500325_495,500325,Reliance Industries Ltd,2025-05-30 18:54:54.777,DissemDT,Context-Dependent,Investor / Analyst,2,"9e5c2e37-07cb-4a71-84f2-5673ce109810, d427092a-0c16-47cf-b67b-8d0bf0ac2827","Code of Conduct under SEBI (PIT) Regulations, 2015; Analyst / Investor Meet","Copy of ""Code of Practices and Procedures for Fair Disclosure of Unpublished Price Sensitive Information"" of the Company, is attached. || Please note that the Company executives will be participating in the Institutional Investors'' Meeting - Morgan Stanley India Investment Forum 2025 on June 04, 2025 at Mumbai. It is expected ....",False,2025-05-30
500325_496,500325,Reliance Industries Ltd,2025-06-02 18:58:01.400,DissemDT,Context-Dependent,Investor / Analyst,1,567e1e9f-4e61-475e-8c44-ec68f195200b,General,"This is further to the disclosure dated May 28, 2025 made by the Company. We wish to inform you that the Company executives participated in the Institutional Investors'' Meeting - ""BofA ....",False,2025-06-02
500325_497,500325,Reliance Industries Ltd,2025-06-04 19:43:05.140,DissemDT,Context-Dependent,Investor / Analyst,1,735f2dac-7991-4620-ae96-2d61a3240ad8,General,"This is further to the disclosure dated May 30, 2025 made by the Company. We wish to inform you that the Company executives participated in the Institutional Investors'' Meeting - ""Morgan ....",False,2025-06-04
500325_498,500325,Reliance Industries Ltd,2025-06-06 17:47:11.773,DissemDT,Context-Dependent,Investor / Analyst,1,22fc3136-2718-4cac-88c1-47cd00cdc494,Analyst / Investor Meet,"Please note that the Company executives will be participating in the Institutional Investors'' Meeting - Goldman Sachs - India Corporate and GEM CIO Day 2025 on June 11 & 12, 2025 at London. ....",False,2025-06-06
500325_499,500325,Reliance Industries Ltd,2025-06-09 19:42:35.483,DissemDT,Context-Dependent,Investor / Analyst,1,46e3b00e-64fb-4d8d-81d3-0449d61ae9c1,Analyst / Investor Meet,"Please note that the Company executives will be participating in the Institutional Investors'' Meeting - Jefferies - India Corporate Access Day on June 12 & 13, 2025 at London. It is expected ....",False,2025-06-09
500325_5,500325,Reliance Industries Ltd,2023-08-24 20:45:22.410,DissemDT,Potentially Price-Sensitive,Business / Strategic,2,"b45908fd-4119-47a2-90fa-801237f2d639, d9fa6b62-37f4-4864-9278-202ecbddbb6c",Reg. 39 (3) - Details of Loss of Certificate / Duplicate Certificate; General,"We enclose the information regarding loss of share certificate(s) for 5,692 shares received from the shareholder(s) of the Company on August 23, 2023. || Please find attached a media release by the Company, titled ""RIL and Oberoi to Co-Manage Three Iconic Hospitality Projects.""",False,2023-08-24
500325_50,500325,Reliance Industries Ltd,2023-10-12 18:51:21.440,DissemDT,Routine / Lower Signal,Regulatory / Compliance,1,1aac8d3f-c036-40a1-ab63-fa3bf0aa0ba7,Reg. 39 (3) - Details of Loss of Certificate / Duplicate Certificate,"We enclose the information regarding loss of share certificate(s) for 6,481 shares received from the shareholder(s) of the Company on October 11, 2023.",False,2023-10-12
500325_500,500325,Reliance Industries Ltd,2025-06-10 20:20:56.610,DissemDT,Potentially Price-Sensitive,Board / Management,2,"d9d3e731-7024-46d2-8a95-06fd352db6f9, b462c9ec-14c2-43ff-a0f8-ff81aaf3a686",Change in Directorate; Cessation,"The Board of Directors of the Company, on the recommendation of Human Resources, Nomination and Remuneration Committee, considered and appointed Shri Dinesh Kanabar (DIN:00003252) as an .... || Please note that Shri Raminder Singh Gujral, independent director of the Company, will be completing his second term on June 11, 2025.",False,2025-06-10
500325_501,500325,Reliance Industries Ltd,2025-06-12 15:02:25.943,DissemDT,Potentially Price-Sensitive,Business / Strategic,1,3ada887e-407f-4911-80d1-e527a0f74ff0,General,"This is to inform that REC Solar (Japan) Co., Ltd., a step-down wholly owned subsidiary of the Company, has ceased to be a subsidiary of the Company upon its liquidation effective June 10, 2025.",False,2025-06-12
500325_502,500325,Reliance Industries Ltd,2025-06-12 15:46:32.700,DissemDT,Routine / Lower Signal,Regulatory / Compliance,1,e7c33a16-1064-4288-8889-39357fbb095a,General,"Disclosure under Regulation 30 of the Securities and Exchange Board of India (Listing Obligations and Disclosure Requirements) Regulations, 2015",False,2025-06-12
500325_503,500325,Reliance Industries Ltd,2025-06-12 19:07:33.457,DissemDT,Context-Dependent,Investor / Analyst,1,4d5a0fc9-8b8d-4ad7-a830-1e851241a6bb,General,"This is further to the disclosure dated June 6, 2025 made by the Company. We wish to inform you that the Company executives participated in the Institutional Investors'' Meeting - ""Goldman ....",False,2025-06-12
500325_504,500325,Reliance Industries Ltd,2025-06-13 22:58:00.430,DissemDT,Context-Dependent,Investor / Analyst,1,26c63975-4f96-4670-95e4-7ad2661ba5d1,General,"This is further to the disclosure dated June 9, 2025 made by the Company. We wish to inform you that the Company executives participated in the Institutional Investors'' Meeting - ""Jefferies ....",False,2025-06-13
500325_505,500325,Reliance Industries Ltd,2025-06-16 22:29:06.630,DissemDT,Routine / Lower Signal,Regulatory / Compliance,1,6b426bf0-562f-4317-86a1-e84ff8e936ad,General,"Disclosure under Regulation 30 of the Securities and Exchange Board of India (Listing Obligations and Disclosure Requirements) Regulations, 2015 - Update to disclosure dated June 12, 2025.",False,2025-06-16
500325_506,500325,Reliance Industries Ltd,2025-06-25 23:02:48.453,DissemDT,Potentially Price-Sensitive,Business / Strategic,1,65637f43-6137-4df2-a0af-52a4be697324,Diversification / Disinvestment,Jio BLAST eSports Private Limited ceasing to be a subsidiary of the Company.,False,2025-06-25
500325_507,500325,Reliance Industries Ltd,2025-06-29 09:12:44.327,DissemDT,Potentially Price-Sensitive,Board / Management,1,9bc2e956-789c-4d7d-ac72-9b84e5e860e8,Postal Ballot,"Postal Ballot Notice dated June 28, 2025 along with explanatory statement, is attached.",False,2025-06-29
500325_508,500325,Reliance Industries Ltd,2025-06-30 16:58:48.627,DissemDT,Potentially Price-Sensitive,Board / Management,1,bb6773d1-c19b-498d-aaa1-b0e4aa71ca50,Postal Ballot,"The newspaper clippings of the advertisement on the captioned subject published today i.e, June 30, 2025 in the newspapers viz. The Times of India (English) and Maharashtra Times (Marathi) ....",False,2025-06-30
500325_509,500325,Reliance Industries Ltd,2025-06-30 17:44:48.170,DissemDT,Potentially Price-Sensitive,Board / Management,1,3ca1e57f-7d5f-4790-98c3-3c85e6e14929,Closure of Trading Window,"This is to inform that pursuant to the Reliance Code to Regulate, Monitor and Report Trading by Directors, Promoters, Designated Persons and Specified Connected Persons of the Company and ....",False,2025-06-30
500325_51,500325,Reliance Industries Ltd,2023-10-13 19:29:24.983,DissemDT,Routine / Lower Signal,Regulatory / Compliance,1,4c0bf9c0-019b-4928-89f2-c924ac64e554,Reg. 39 (3) - Details of Loss of Certificate / Duplicate Certificate,"We enclose the information regarding loss of share certificates received from the shareholders of the Company on October 12, 2023 and October 13, 2023 aggregating to 6,425 shares.",False,2023-10-13
500325_510,500325,Reliance Industries Ltd,2025-07-03 15:34:56.883,DissemDT,Potentially Price-Sensitive,Business / Strategic,1,cde08524-9785-45ce-944e-67f5be11b347,General,"Please find attached, a media release by Reliance Retail Ventures Limited, a subsidiary of the Company.",False,2025-07-03
500325_511,500325,Reliance Industries Ltd,2025-07-04 20:29:57.070,DissemDT,Potentially Price-Sensitive,Credit / Financing,1,4185c845-02b1-4492-bb43-8ad5f115495f,Credit Rating,Re-affirmation of rating with respect to the Non-convertible Debentures and Commercial Paper of the Company,False,2025-07-04
500325_512,500325,Reliance Industries Ltd,2025-07-11 17:27:14.510,DissemDT,Potentially Price-Sensitive,Financial Results,2,"d9732e0d-e0ae-493b-bc64-ab8944c2985d, ac9e0993-f40f-4bf4-90e6-a151b638d536",Board Meeting; Analyst / Investor Meet,"Reliance Industries Ltdhas informed BSE that the meeting of the Board of Directors of the Company is scheduled on 18/07/2025 ,inter alia, to consider and approve the standalone and consolidated .... || Please note that a meeting of the Board of Directors of the Company is scheduled to be held on Friday, July 18, 2025, inter alia, to consider and approve the standalone and consolidated ....",True,2025-07-11
500325_513,500325,Reliance Industries Ltd,2025-07-18 10:39:34.013,DissemDT,Potentially Price-Sensitive,Business / Strategic,1,53aa03aa-d299-4b18-8b0b-1add87542f0f,General,"Please find attached a media release by Reliance Retail Ventures Limited, a subsidiary of the Company.",False,2025-07-18
500325_514,500325,Reliance Industries Ltd,2025-07-18 19:33:19.293,DissemDT,Potentially Price-Sensitive,Financial Results,5,"5853fca9-0d88-431e-a5b8-6af5422a9b0b, 36299b0b-14e5-455c-bfae-66f5341d02cc, 46318a88-4be1-44c3-acb4-5b269a6f6f83, 3b2448db-c9af-4b59-9d9e-e8f8ab7d6875, 9daec47f-0eef-4b2f-96f4-b17094e2bb34",Financial Results; Outcome of Board Meeting; Press Release / Media Release; Investor Presentation; Reg. 54 - Asset Cover details,"Consolidated and Standalone Unaudited Financial Results for the quarter ended June 30, 2025 || Consolidated and Standalone Unaudited Financial Results for the quarter ended June 30, 2025 || Media Release - Consolidated and Standalone Financial Results for the quarter ended June 30, 2025 || Presentation on the Unaudited Financial Results for the quarter ended June 30, 2025 || Security cover certificate as on June 30, 2025 is attached.",True,2025-07-18
500325_515,500325,Reliance Industries Ltd,2025-07-19 13:20:08.447,DissemDT,Potentially Price-Sensitive,Financial Results,1,fa2878cf-1716-44c8-8576-94708f79d6a7,Analyst / Investor Meet,"Audio recording of the discussion on the Unaudited Financial Results (Consolidated and Standalone) of the Company for the quarter ended June 30, 2025, at the analyst meet held on July 18, ....",True,2025-07-19
500325_516,500325,Reliance Industries Ltd,2025-07-20 13:29:03.420,DissemDT,Potentially Price-Sensitive,Financial Results,1,ce0a20ba-5d88-4681-bbf2-63d0c9841994,Earnings Call Transcript,"Transcript of the discussion on the Unaudited Financial Results (Consolidated and Standalone) of the Company for the quarter ended June 30, 2025, at the analyst meet held on July 18, 2025, ....",True,2025-07-20
500325_517,500325,Reliance Industries Ltd,2025-07-23 21:03:31.463,DissemDT,Potentially Price-Sensitive,Business / Strategic,1,07b89d3d-b55a-49bf-80cc-19c5b2807ab2,Acquisition,Acquisition of further 9.9% equity stake in Nauyaan Shipyard Private Limited,False,2025-07-23
500325_518,500325,Reliance Industries Ltd,2025-07-29 17:21:18.640,DissemDT,Routine / Lower Signal,Other,1,4f2c4735-6319-4ec5-a4ad-80973f380a74,General,Please find attached a media release by the Company.,False,2025-07-29
500325_519,500325,Reliance Industries Ltd,2025-07-30 21:16:08.330,DissemDT,Potentially Price-Sensitive,Board / Management,2,"9ec83ce3-103a-474c-be30-3ea43d92d6ad, cafe7c0b-3e48-431f-85b0-c49c23a09724",Postal Ballot; Change in Directorate,"The voting results in the format prescribed under Regulation 44(3) of the Securities and Exchange Board of India (Listing Obligations and Disclosure Requirements) Regulations, 2015 along .... || This is to inform you that the members of the Company have approved re-appointment of Shri Hital R. Meswani as a Whole-time Director, designated as an Executive Director.",False,2025-07-30
500325_52,500325,Reliance Industries Ltd,2023-10-13 23:07:57.053,DissemDT,Potentially Price-Sensitive,Business / Strategic,1,01932435-b0ae-4d2d-924f-b98d8aef6cfe,General,"Please note that Reliance Retail Ventures Limited today received the subscription amount of Rs. 4,966.80 crore from Platinum Owl C 2018 RSC Limited (acting in its capacity as the trustee ....",False,2023-10-13
500325_520,500325,Reliance Industries Ltd,2025-07-31 20:23:43.797,DissemDT,Potentially Price-Sensitive,Corporate Actions,2,"0291c993-0cc4-4883-b4d2-34378d8a7fa9, 64ef0bda-e630-49d3-b984-3dccac424c95",AGM; Record Date,"The Forty-eighth Annual General Meeting (Post-IPO) of the members of the Company will be held on Friday, August 29, 2025 at 2:00 P.M. (IST) through Video Conferencing / Other Audio Visual Means. || Record date for determining members eligible to receive dividend for the financial year 2024-25",False,2025-07-31
500325_521,500325,Reliance Industries Ltd,2025-08-07 10:19:12.353,DissemDT,Potentially Price-Sensitive,Corporate Actions,1,a734b072-059b-42f0-9cfe-6aaf151a5458,AGM,"The newspaper clippings of the advertisement on the captioned subject published today i.e August 7, 2025 in the newspapers viz. The Times of India (English), The Economic Times (English), ....",False,2025-08-07
500325_522,500325,Reliance Industries Ltd,2025-08-07 11:42:11.930,DissemDT,Potentially Price-Sensitive,Board / Management,3,"3a295ae7-a4a6-4d62-9cfa-02e112bb9259, ba05f954-015b-415a-b782-44cabdb2e892, 612e0f74-bdd9-4bf9-9faf-fb916d6f67c7",Reg. 34 (1) Annual Report; AGM; Business Responsibility and Sustainability Reporting (BRSR),"Notice convening the Forty-eighth Annual General Meeting (Post-IPO) ('Notice') and the Integrated Annual Report of the Company, for the financial year 2024-25, are being sent through electronic .... || Notice of the Forty-eighth Annual General Meeting (Post-IPO) for the financial year 2024-25, is attached. || The Business Responsibility and Sustainability Report of the Company for the financial year 2024-25, is attached.",False,2025-08-07
500325_523,500325,Reliance Industries Ltd,2025-08-07 17:28:49.227,DissemDT,Context-Dependent,Investor / Analyst,1,4a00cd8f-3459-4ad1-9b8f-9fce90ebb217,Analyst / Investor Meet,"Please note that the Company executives will be participating in the Institutional Investors'' Meeting - Emkay Confluence 2025, scheduled to be held on August 12, 2025 at Mumbai. It is ....",False,2025-08-07
500325_524,500325,Reliance Industries Ltd,2025-08-08 13:44:37.277,DissemDT,Potentially Price-Sensitive,Board / Management,1,a0f97b3c-56bc-4341-b614-17c4b09338e2,AGM,"The newspaper clippings of the advertisement on the captioned subject published today i.e. August 8, 2025 in the newspapers viz. The Times of India (English), The Economic Times (English), ....",False,2025-08-08
500325_525,500325,Reliance Industries Ltd,2025-08-12 18:55:17.640,DissemDT,Context-Dependent,Investor / Analyst,1,3ff4bae2-4cdf-4f45-a077-3898ae6926b9,General,"This is further to the disclosure dated August 7, 2025 made by the Company. We wish to inform you that the Company executives participated in the Institutional Investors'' Meeting - Emkay ....",False,2025-08-12
500325_526,500325,Reliance Industries Ltd,2025-08-13 14:20:25.070,DissemDT,Context-Dependent,Investor / Analyst,1,baa4cd79-b766-4367-9795-f7e6095a2bcd,General,Presentation on Item Nos. 7 and 8 of the notice of the 48th Annual General Meeting (Post-IPO) of the Company,False,2025-08-13
500325_527,500325,Reliance Industries Ltd,2025-08-13 18:09:46.557,DissemDT,Routine / Lower Signal,Other,1,ecf3acc1-9677-45ab-9ee0-d1abed84b1e0,General,"The newspaper clippings of the advertisement on the captioned subject published today i.e. August 13, 2025 in the newspapers viz. The Times of India (English), The Economic Times (English), ....",False,2025-08-13
500325_528,500325,Reliance Industries Ltd,2025-08-18 15:40:17.747,DissemDT,Potentially Price-Sensitive,Business / Strategic,2,"2d854bff-4926-46df-8d70-6bb94a8a93ab, 15c77d07-b8f1-471f-919c-e5348ba4bb32",General,"Media release by Reliance Consumers Products Limited, a subsidiary of the Company. || Media release by Reliance Consumers Products Limited, a subsidiary of the Company.",False,2025-08-18
500325_529,500325,Reliance Industries Ltd,2025-08-19 20:53:15.457,DissemDT,Routine / Lower Signal,Other,1,615fdacf-a4e7-4472-82eb-fe3447a0fd9b,General,Voluntary winding up of Reliance NeuComm LLC,False,2025-08-19
500325_53,500325,Reliance Industries Ltd,2023-10-17 19:57:09.903,DissemDT,Routine / Lower Signal,Regulatory / Compliance,2,"ba14a9c7-b4e1-4067-9ece-44c2284b72f0, b234311b-f007-4562-9c02-68566f41e028",Reg. 39 (3) - Details of Loss of Certificate / Duplicate Certificate,"We enclose the details of Letter(s) of Confirmation issued by the Company to its shareholders, in lieu of share certificates reported as lost by them. || We enclose the information regarding loss of share certificates for 7,550 shares received from the shareholders of the Company on October 16, 2023.",False,2023-10-17
500325_530,500325,Reliance Industries Ltd,2025-08-20 18:54:03.117,DissemDT,Routine / Lower Signal,Other,1,99bc37f8-995e-4656-aa72-2d6e2bb3c366,General,Voluntary winding up of Reliance TerraTech Holdings LLC,False,2025-08-20
500325_531,500325,Reliance Industries Ltd,2025-08-22 21:04:51.100,DissemDT,Potentially Price-Sensitive,Business / Strategic,1,02a7bd60-168d-4871-8cf7-585748c992c9,Acquisition,Acquisition of balance 6.1% equity stake in Nauyaan Shipyard Private Limited,False,2025-08-22
500325_532,500325,Reliance Industries Ltd,2025-08-28 19:28:57.480,DissemDT,Context-Dependent,Investor / Analyst,1,da55bec1-4c97-4563-8458-12f3a7e84bfb,Analyst / Investor Meet,Please note that the Company executives will be participating in the Institutional Investors'' Meeting -Motilal Oswal 21st Annual Global Investor Conference scheduled to be held on September ....,False,2025-08-28
500325_533,500325,Reliance Industries Ltd,2025-08-29 14:55:08.820,DissemDT,Context-Dependent,Investor / Analyst,3,"0b2af272-9858-4f8f-976f-b4769e091841, fca9ccd2-f3ba-435d-9969-a969f8535e8b, cb5eeb21-15f8-4e61-9a6a-9de208fdf56f",General; Press Release / Media Release,"Disclosure under Regulation 30 of the Securities and Exchange Board of India (Listing Obligations and Disclosure Requirements) Regulations, 2015. || Please find attached a media release by the Company, titled ""Reliance and Meta Partner for Enterprise AI Solutions for India."" || Please find attached a media release by the Company, titled ""Reliance and Google Cloud Expand Partnership to Accelerate India''s Growth with AI.""",False,2025-08-29
500325_534,500325,Reliance Industries Ltd,2025-08-29 16:34:58.753,DissemDT,Potentially Price-Sensitive,Board / Management,1,ef678b9a-f66e-4026-8907-433166ce378d,AGM,"The Chairman''s Statement delivered at the Forty-eighth Annual General Meeting (Post-IPO) of the Company, held today i.e. Friday, August 29, 2025, is attached.",False,2025-08-29
500325_535,500325,Reliance Industries Ltd,2025-08-30 12:31:54.740,DissemDT,Potentially Price-Sensitive,Board / Management,2,"6810c7f0-733c-4635-96db-8f2175a3ae6a, 472ffe55-f75c-498c-9dc1-a4e4328c1003",AGM,"Gist of the proceedings of the Forty-eighth Annual General Meeting (Post - IPO) of the Company held on August 29, 2025,  is attached. || The Voting results along with the consolidated Scrutiniser''s Report in respect of the Forty-eighth Annual General Meeting (Post - IPO) of the Company held on Friday, August 29, 2025, are attached.",False,2025-08-30
500325_536,500325,Reliance Industries Ltd,2025-08-30 16:26:03.970,DissemDT,Potentially Price-Sensitive,Board / Management,1,e1e9f18e-72b1-4cac-b0e8-36d451a413c4,Change in Management,Appointment of Secretarial Auditor,False,2025-08-30
500325_537,500325,Reliance Industries Ltd,2025-09-01 18:11:06.710,DissemDT,Context-Dependent,Investor / Analyst,1,2f059bef-d915-4ae9-91a1-696427127956,Analyst / Investor Meet,"Please note that the Company executives will be participating in the Institutional Investors'' Meeting - Goldman Sachs Asia Leaders Conference, scheduled to be held on September 4 and 5, ....",False,2025-09-01
500325_538,500325,Reliance Industries Ltd,2025-09-02 18:56:25.820,DissemDT,Context-Dependent,Investor / Analyst,1,8fadb73e-de2f-46b7-9685-3ada827972d6,General,"This is further to the disclosure dated August 28, 2025 made by the Company. We wish to inform you that the Company executives participated in the Institutional Investors'' Meeting  - Motilal ....",False,2025-09-02
500325_539,500325,Reliance Industries Ltd,2025-09-03 18:56:14.740,DissemDT,Context-Dependent,Investor / Analyst,1,27c450b3-8624-4a2c-b13e-2f7aa33072c0,Analyst / Investor Meet,"Please note that the Company executives will be participating in the Institutional Investors'' Meeting - CITIC CLSA Investors'' Forum 2025, scheduled to be held on September 8 and 9, 2025 ....",False,2025-09-03
500325_54,500325,Reliance Industries Ltd,2023-10-18 20:01:30.950,DissemDT,Routine / Lower Signal,Regulatory / Compliance,1,a19dd731-6484-4a2e-b0b5-072a26c81e25,Reg. 39 (3) - Details of Loss of Certificate / Duplicate Certificate,"We enclose the information regarding loss of share certificates for 3,801 shares received from the shareholders of the Company on October 17, 2023.",False,2023-10-18
500325_540,500325,Reliance Industries Ltd,2025-09-04 20:31:12.770,DissemDT,Potentially Price-Sensitive,Business / Strategic,1,24773269-275e-4274-afe8-3200fc4a78fa,General,"Please find attached a media release by the Company and Reliance Retail Limited, a subsidiary of the Company",False,2025-09-04
500325_541,500325,Reliance Industries Ltd,2025-09-05 19:23:16.020,DissemDT,Context-Dependent,Investor / Analyst,1,4fb630f0-9709-4ef9-8e70-e399d1469f81,General,"This is further to the disclosure dated September 1, 2025 made by the Company. We wish to inform you that the Company executives participated in the Institutional Investors'' Meeting - ....",False,2025-09-05
500325_542,500325,Reliance Industries Ltd,2025-09-09 20:06:33.203,DissemDT,Context-Dependent,Investor / Analyst,1,a76bf3f7-d0d9-4a96-bfa4-41714d34b58d,General,"This is further to the disclosure dated September 3, 2025 made by the Company. We wish to inform that the Company executives participated in the Institutional Investors'' Meeting - CITIC ....",False,2025-09-09
500325_543,500325,Reliance Industries Ltd,2025-09-10 15:33:55.243,DissemDT,Potentially Price-Sensitive,Business / Strategic,1,4c6ef299-c5b8-43fb-a3de-49fe00116e91,Acquisition,Incorporation of a wholly owned subsidiary - Reliance Intelligence Limited,False,2025-09-10
500325_544,500325,Reliance Industries Ltd,2025-09-11 18:46:14.040,DissemDT,Context-Dependent,Investor / Analyst,1,4199e3d2-a6cc-4b2e-acef-d4ba882636fa,Analyst / Investor Meet,"Please note that the Company executives will be participating in the Institutional Investors'' Meeting - Jefferies India Forum 2025, scheduled to be held on September 16, 2025 at New Delhi. ....",False,2025-09-11
500325_545,500325,Reliance Industries Ltd,2025-09-16 19:46:38.587,DissemDT,Context-Dependent,Investor / Analyst,1,6c17a541-ac96-44c6-a23d-207f32490f6b,General,"This is further to the disclosure dated September 11, 2025 made by the Company. We wish to inform you that the Company executives participated in the Institutional Investors'' Meeting - ....",False,2025-09-16
500325_546,500325,Reliance Industries Ltd,2025-09-18 16:50:18.060,DissemDT,Routine / Lower Signal,Other,1,55f6ea8e-6c5c-437e-8dbf-e4a77dec9ea4,General,Amalgamation of Reliance Exploration & Production DMCC with Reliance Industries (Middle East) DMCC,False,2025-09-18
500325_547,500325,Reliance Industries Ltd,2025-09-18 18:46:03.150,DissemDT,Context-Dependent,Investor / Analyst,1,cbb53a84-6074-420c-8fc8-b217d3d6ec73,Analyst / Investor Meet,"Please note that the Company executives will be participating in the Institutional Investors'' Meeting - JP Morgan India Investor Summit, scheduled to be held on September 23, 2025 at Mumbai. ....",False,2025-09-18
500325_548,500325,Reliance Industries Ltd,2025-09-22 19:57:22.057,DissemDT,Potentially Price-Sensitive,Business / Strategic,1,d2db2e60-0917-43d5-abad-8113e3d694ca,General,"Disclosure under Regulation 30 of the Securities and Exchange Board of India (Listing Obligation and Disclosure Requirements) Regulations, 2015 - Update on dissolution of Reliance Global ....",False,2025-09-22
500325_549,500325,Reliance Industries Ltd,2025-09-23 19:27:08.243,DissemDT,Context-Dependent,Investor / Analyst,1,9f0942ed-53a0-4670-b961-29df9b205379,General,"This is further to the disclosure dated September 18, 2025 made by the Company. We wish to inform you that the Company executives participated in the Institutional Investors'' Meeting - ....",False,2025-09-23
500325_55,500325,Reliance Industries Ltd,2023-10-19 20:19:56.113,DissemDT,Routine / Lower Signal,Regulatory / Compliance,1,1fea11c0-5bdc-4f36-874d-07ab69076c1b,Reg. 39 (3) - Details of Loss of Certificate / Duplicate Certificate,"We enclose the information regarding loss of share certificates for 6,865 shares received from the shareholders of the Company on October 18, 2023.",False,2023-10-19
500325_550,500325,Reliance Industries Ltd,2025-09-30 16:26:14.547,DissemDT,Potentially Price-Sensitive,Board / Management,1,ff10dea4-4c91-41e1-a129-8869930a8c7f,Closure of Trading Window,"This is to inform that pursuant to the Reliance Code to Regulate, Monitor and Report trading by Directors, Promoters, Designated Persons and Specified connected persons of the Company and ....",False,2025-09-30
500325_551,500325,Reliance Industries Ltd,2025-10-09 19:00:35.763,DissemDT,Potentially Price-Sensitive,Financial Results,2,"964dfb1a-9802-4831-9435-eb24bb7d7892, 0ef16221-db3c-4f9c-b658-db54e8c71bb2",Board Meeting; Analyst / Investor Meet,"Reliance Industries Ltdhas informed BSE that the meeting of the Board of Directors of the Company is scheduled on 17/10/2025 ,inter alia, to consider and approve the standalone and consolidated .... || A meeting of the Board of Directors of the Company is scheduled to be held on Friday, October 17, 2025, inter alia, to consider and approve the standalone and consolidated unaudited financial ....",True,2025-10-09
500325_552,500325,Reliance Industries Ltd,2025-10-10 18:43:13.397,DissemDT,Routine / Lower Signal,Other,1,5c2ef8d6-0458-424c-bd77-e1f496e1dc0f,General,"The newspaper clippings of the advertisement on the captioned subject published today i.e., October 10, 2025 in the newspapers viz. The Times of India (English), The Economic Times (English), ....",False,2025-10-10
500325_553,500325,Reliance Industries Ltd,2025-10-17 19:00:55.180,DissemDT,Potentially Price-Sensitive,Financial Results,5,"8fdc7c75-ff59-4ced-a580-1c780740fead, d738270b-ad3a-4e80-a5d5-3ece78a98980, 915fb87f-9c6f-4db9-ab87-30bcaf24de63, 86d876c5-2ffb-49f8-be6b-62300a8b4517, ff6f5b34-4915-4b3e-b103-691655361af6",Financial Results; Outcome of Board Meeting; Press Release / Media Release; Investor Presentation,"Please find attached Consolidated and Standalone Unaudited Financial Results for the quarter and half year ended September 30, 2025 || Please find attached Consolidated and Standalone Unaudited Financial Results for the quarter and half year ended September 30, 2025. || Please find attached media release on the  consolidated and standalone unaudited financial results for the quarter and half year ended September 30, 2025. || Please find attached presentation on the Unaudited Financial Results (Consolidated and Standalone) for the quarter and half year ended September 30, 2025. || Please find attached presentation on the Unaudited Financial Results (Consolidated and Standalone) for the quarter and half year ended September 30, 2025.",True,2025-10-17
500325_554,500325,Reliance Industries Ltd,2025-10-18 12:06:41.110,DissemDT,Potentially Price-Sensitive,Financial Results,1,36e77a60-37bb-4f3f-842e-87d5d5ae63ba,Analyst / Investor Meet,"Audio recording of the discussion on the Unaudited Financial Results (Consolidated and Standalone) of the Company for the quarter and half year ended September 30, 2025, at the analyst ....",True,2025-10-18
500325_555,500325,Reliance Industries Ltd,2025-10-19 22:53:04.410,DissemDT,Potentially Price-Sensitive,Financial Results,1,7af0f246-2dc6-4968-9a96-088395f367fb,Earnings Call Transcript,"Transcript of the discussion on the Unaudited Financial Results (Consolidated and Standalone) of the Company for the quarter and half year ended September 30, 2025, at the analyst meet ....",True,2025-10-19
500325_556,500325,Reliance Industries Ltd,2025-10-24 21:04:05.227,DissemDT,Routine / Lower Signal,Other,1,b353f438-8942-4701-8d92-f2805970c5ce,General,Statement,False,2025-10-24
500325_557,500325,Reliance Industries Ltd,2025-10-25 11:52:00.667,DissemDT,Potentially Price-Sensitive,Business / Strategic,1,f301285b-29be-4c4d-b806-be5d6b7126f4,Acquisition,"Reliance Intelligence Limited, a wholly owned subsidiary of the Company, as on October 24, 2025 incorporated Reliance Enterprise Intelligence Limited.",False,2025-10-25
500325_558,500325,Reliance Industries Ltd,2025-10-30 16:17:51.230,DissemDT,Routine / Lower Signal,Other,1,2e515d46-d233-42e2-a29b-c0a36de82bda,General,"Voluntary Liquidation of REC Systems (Thailand) Co., Ltd.",False,2025-10-30
500325_559,500325,Reliance Industries Ltd,2025-10-30 17:04:19.003,DissemDT,Routine / Lower Signal,Other,1,60a3432f-4024-4a3b-b788-6260836fc788,General,"Please find attached a media release by the Company, titled ""Reliance and Google Partner to Accelerate India''s AI Revolution across Consumers and Enterprises.""",False,2025-10-30
500325_56,500325,Reliance Industries Ltd,2023-10-20 18:14:24.897,DissemDT,Potentially Price-Sensitive,Financial Results,2,"6e9434a7-f031-4c88-9dac-efe7a4aa7d4a, f05ef203-0d48-4602-9a7a-0749694e455d",Board Meeting; Analyst / Investor Meet,"RELIANCE INDUSTRIES LTD.has informed BSE that the meeting of the Board of Directors of the Company is scheduled on 27/10/2023 ,inter alia, to consider and approve the standalone and consolidated .... || Presentation to analysts and media on financial results of the Company for the quarter and half-year ended September 30, 2023 shall be made on October 27, 2023 after the board meeting.",True,2023-10-20
500325_560,500325,Reliance Industries Ltd,2025-10-30 23:37:13.607,DissemDT,Potentially Price-Sensitive,Credit / Financing,1,3e32bc59-ff8c-46f3-9ebb-36bde5caf7f9,Credit Rating,"Re-affirmation of rating with respect to the Non-convertible Debentures, Commercial Paper and bank loan facilities of the Company.",False,2025-10-30
500325_561,500325,Reliance Industries Ltd,2025-10-31 21:12:08.343,DissemDT,Context-Dependent,Investor / Analyst,1,6236aa16-8220-4d22-bbb9-c70be2504c65,Credit Rating,"This is to inform that Moody''s, vide its press release dated October 31, 2025, has reaffirmed the credit rating of ""Baa2"" with a ""Stable"" outlook issued by it, for the Senior Unsecured ....",False,2025-10-31
500325_562,500325,Reliance Industries Ltd,2025-11-08 17:07:13.020,DissemDT,Context-Dependent,Investor / Analyst,1,9b99df4f-d7ce-47ad-ad94-0f3490138c0e,Analyst / Investor Meet,"Please note that the Company executives will be participating in the Institutional Investors'' Meeting - UBS Annual India Summit, scheduled to be held on November 12, 2025 at Mumbai. It ....",False,2025-11-08
500325_563,500325,Reliance Industries Ltd,2025-11-12 18:50:34.680,DissemDT,Context-Dependent,Investor / Analyst,2,"7dd2ce04-16ea-4eb9-b99a-779e82f04e02, 21c6e8ba-72c0-4633-8359-8072f063a3ee",General; Analyst / Investor Meet,"This is further to the disclosure dated November 8, 2025 made by the Company. We wish to inform that the Company executives participated in the Institutional Investors'' Meeting - UBS Annual .... || Please note that the Company executives will be participating in the Institutional Investors'' Meeting - CLSA India Forum, scheduled to be held on November 17, 2025 at Mumbai. It is expected ....",False,2025-11-12
500325_564,500325,Reliance Industries Ltd,2025-11-13 21:40:52.050,DissemDT,Routine / Lower Signal,Regulatory / Compliance,1,da3bf838-15d7-46fc-99a3-acf92cfb33a6,General,"Disclosure under Regulation 30 of the Securities and Exchange Board of India (Listing Obligations and Disclosure Requirements) Regulations, 2015 is attached.",False,2025-11-13
500325_565,500325,Reliance Industries Ltd,2025-11-14 18:09:13.510,DissemDT,Context-Dependent,Investor / Analyst,1,372d4673-9862-4f22-939f-c9c47180010f,Analyst / Investor Meet,"Please note that the Company executives will be participating in the Institutional Investors'' Meeting - Morgan Stanley 24th Annual Asia-Pacific Summit, scheduled to be held on November ....",False,2025-11-14
500325_566,500325,Reliance Industries Ltd,2025-11-17 19:51:48.187,DissemDT,Context-Dependent,Investor / Analyst,1,1b7d4485-2da5-49f8-9563-61b79eba8b9f,General,"This is further to the disclosure dated November 12, 2025 made by the Company. We wish to inform you that the Company executives participated in the Institutional Investors'' Meeting - ....",False,2025-11-17
500325_567,500325,Reliance Industries Ltd,2025-11-18 19:09:52.370,DissemDT,Context-Dependent,Investor / Analyst,1,a716cf2b-546d-4fe3-adce-549a9cbf0343,Analyst / Investor Meet,"Please note that the Company executives will be participating in the Institutional Investors'' Meeting - JM Financial India Conference, scheduled to be held on November 21, 2025 at Mumbai. ....",False,2025-11-18
500325_568,500325,Reliance Industries Ltd,2025-11-20 19:23:14.260,DissemDT,Context-Dependent,Investor / Analyst,1,2150e461-b2ba-449f-ac8a-e208e0f46918,General,"This is further to the disclosure dated November 14, 2025 made by the Company. We wish to inform you that the Company executives participated in the Institutional Investors'' Meeting - ....",False,2025-11-20
500325_569,500325,Reliance Industries Ltd,2025-11-21 19:25:16.037,DissemDT,Context-Dependent,Investor / Analyst,1,c25cd97c-ff83-4ec7-8378-9665bca3a940,General,"This is further to the disclosure dated November 18, 2025 made by the Company. We wish to inform you that the Company executives participated in the Institution Investors'' Meeting - JM ....",False,2025-11-21
500325_57,500325,Reliance Industries Ltd,2023-10-20 19:41:07.927,DissemDT,Routine / Lower Signal,Regulatory / Compliance,1,0d96bf16-b2c1-440e-bf98-b85286af4a45,Reg. 39 (3) - Details of Loss of Certificate / Duplicate Certificate,"We enclose the information regarding loss of share certificates received from the shareholders of the Company on October 19, 2023 and October 20, 2023 aggregating to 16,331 shares.",False,2023-10-20
500325_570,500325,Reliance Industries Ltd,2025-11-28 08:58:27.067,DissemDT,Routine / Lower Signal,Regulatory / Compliance,1,8bfe5e84-a014-4c45-82a0-f01c8ef3953f,General,"Disclosure under Regulation 30 of the Securities and Exchange Board of India (Listing Obligations and Disclosure Requirements) Regulations, 2015",False,2025-11-28
500325_571,500325,Reliance Industries Ltd,2025-12-01 17:41:27.763,DissemDT,Potentially Price-Sensitive,Business / Strategic,1,0949a855-3d01-43cb-89dc-daef0a48bdb0,General,"Merger of Star Television Productions Limited, a subsidiary of the Company with Star India Private Limited (now known as Jiostar India Private Limited), another subsidiary of the Company, ....",False,2025-12-01
500325_572,500325,Reliance Industries Ltd,2025-12-01 22:48:51.947,DissemDT,Routine / Lower Signal,Regulatory / Compliance,1,6b69e65c-06ff-4ec6-8fbf-c6da264bae72,General,"Disclosure under Regulation 30 of the Securities and Exchange Board of India (Listing Obligations and Disclosure Requirements) Regulations, 2015 is attached.",False,2025-12-01
500325_573,500325,Reliance Industries Ltd,2025-12-03 20:06:20.140,DissemDT,Routine / Lower Signal,Other,1,fcf3192d-5c63-4d69-8151-08870c0485ed,General,"Please find attached a media release by the Company, titled ""Reliance Industries Limited and Surrey announce their partnership in Oval Invincibles franchise in The Hundred.""",False,2025-12-03
500325_574,500325,Reliance Industries Ltd,2025-12-03 23:14:55.350,DissemDT,Potentially Price-Sensitive,Business / Strategic,1,91421ad9-dfe5-4269-81c1-4bf912d2a94c,Acquisition,Investment in Oval Invincibles Limited,False,2025-12-03
500325_575,500325,Reliance Industries Ltd,2025-12-04 19:14:14.047,DissemDT,Routine / Lower Signal,Regulatory / Compliance,1,00302875-06f0-41ff-a1d1-fc1c9ea9ee8a,General,"Update to Company''s disclosure dated May 03, 2025",False,2025-12-04
500325_576,500325,Reliance Industries Ltd,2025-12-04 20:46:34.280,DissemDT,Potentially Price-Sensitive,Credit / Financing,1,795b9858-3577-41b1-bf18-926e752c315c,Credit Rating,"Upgradation of rating issued by S&P Global Ratings, with respect to the Senior Unsecured US$ Denominated Fixed Rate Notes of the Company, from ""BBB+"" with a ""Stable"" outlook to ""A-"" with ....",False,2025-12-04
500325_577,500325,Reliance Industries Ltd,2025-12-10 18:22:25.703,DissemDT,Routine / Lower Signal,Other,1,1ce12a98-9797-46dc-824c-a2f9361ad443,General,"The newspaper clippings of the advertisement on the captioned subject published today i.e., December 10, 2025 in the newspapers viz. The Indian Express (English), Financial Express (English), ....",False,2025-12-10
500325_578,500325,Reliance Industries Ltd,2025-12-18 16:03:17.733,DissemDT,Potentially Price-Sensitive,Business / Strategic,1,24874651-92de-46fb-bd67-a4a237fcc3de,General,"Please find attached a media release by Reliance Consumer Products Limited, a subsidiary of the Company, titled ""RELIANCE CONSUMER PRODUCTS ACQUIRES TAMIL NADU''S HERITAGE NUTRITION BRAND ""UDHAIYAM.""",False,2025-12-18
500325_579,500325,Reliance Industries Ltd,2025-12-19 23:37:51.370,DissemDT,Potentially Price-Sensitive,Business / Strategic,1,6f85810b-f39a-4646-bb79-107b1bf97337,General,Cessation of Abraham & Thakore Private Limited as subsidiary of the Company,False,2025-12-19
500325_58,500325,Reliance Industries Ltd,2023-10-23 18:49:34.077,DissemDT,Routine / Lower Signal,Regulatory / Compliance,1,193bce00-95fe-4014-bb6b-98cd9e09f697,Reg. 39 (3) - Details of Loss of Certificate / Duplicate Certificate,"We enclose the information regarding loss of share certificates for 1,910 shares received from the shareholders of the Company on October 23, 2023.",False,2023-10-23
500325_580,500325,Reliance Industries Ltd,2025-12-23 20:02:24.300,DissemDT,Potentially Price-Sensitive,Credit / Financing,1,3f9073e5-bcd9-4f2f-959a-3b495e89cf72,Credit Rating,Re-affirmation of rating with respect to the bank loan facilities and Commercial Paper of the Company,False,2025-12-23
500325_581,500325,Reliance Industries Ltd,2025-12-24 19:02:42.520,DissemDT,Routine / Lower Signal,Regulatory / Compliance,1,cafacdb1-0d5b-41c3-9fe6-fdb802cc2472,General,"Disclosure under Regulation 30 of the Securities and Exchange Board of India (Listing Obligations and Disclosure Requirements) Regulations, 2015 is attached.",False,2025-12-24
500325_582,500325,Reliance Industries Ltd,2025-12-29 21:24:51.300,DissemDT,Routine / Lower Signal,Other,1,48fb7270-4b33-493d-a76a-d3a0de31d21a,General,A media statement issued by the Company is attached.,False,2025-12-29
500325_583,500325,Reliance Industries Ltd,2025-12-31 16:48:46.980,DissemDT,Potentially Price-Sensitive,Board / Management,1,8539740b-6a4e-4314-9276-985d46c33ef0,Closure of Trading Window,"This is to inform that pursuant to the Reliance Code to Regulate, Monitor and Report Trading by Directors, Promoters, Designated Persons and Specified Connected Persons of the Company and ....",False,2025-12-31
500325_584,500325,Reliance Industries Ltd,2026-01-06 11:17:28.773,DissemDT,Routine / Lower Signal,Regulatory / Compliance,1,365def42-2020-45ec-a7cd-b89f15f49321,Clarification,"The Exchange has sought clarification from Reliance Industries Ltd on January 6, 2026, with reference to news appeared in https://economictimes.indiatimes.com/ dated January 6, 2026 quoting ....",False,2026-01-06
500325_585,500325,Reliance Industries Ltd,2026-01-06 17:09:05.413,DissemDT,Routine / Lower Signal,Regulatory / Compliance,1,9cec25a2-7810-4e21-9f9c-c34700a74cc6,General,"Please refer our letter dated January 06, 2026 attached herewith.",False,2026-01-06
500325_586,500325,Reliance Industries Ltd,2026-01-08 20:06:53.340,DissemDT,Potentially Price-Sensitive,Financial Results,2,"04162832-df20-48ca-9c90-2f106edf2815, a4b84c44-bba6-4028-815d-84a412bebe45",Board Meeting; Analyst / Investor Meet,"Reliance Industries Ltdhas informed BSE that the meeting of the Board of Directors of the Company is scheduled on 16/01/2026 ,inter alia, to consider and approve standalone and consolidated .... || A meeting of the Board of Directors of the Company is scheduled to be held on Friday, January 16, 2026, inter alia, to consider and approve the standalone and consolidated unaudited financial ....",True,2026-01-08
500325_587,500325,Reliance Industries Ltd,2026-01-16 19:07:13.500,DissemDT,Potentially Price-Sensitive,Financial Results,5,"065b7abc-81f7-4472-8e29-2e83cff76daa, a964d00e-4d81-44ac-862b-219ee46a3034, ff1e13d7-0a48-4588-ae97-d541fc5e3a5c, c8fe0972-ec70-4ea6-9db5-5f1b16ba4be6, fac6fed2-08be-4671-94b9-a542a3552532",Financial Results; Outcome of Board Meeting; Press Release / Media Release; Investor Presentation; Reg. 54 - Asset Cover details,"Please find attached Consolidated and Standalone Unaudited Financial Results for the quarter and nine months ended December 31, 2025 || Please find attached Consolidated and Standalone Unaudited Financial Results for the quarter and nine months ended December 31, 2025 || In continuation of our letter of today''s date on the Consolidated and Standalone Unaudited Financial Results for the quarter and nine months ended December 31, 2025, we attach a copy of .... || Please find attached presentation on the Unaudited Financial Results (Consolidated and Standalone) for the quarter and nine months ended December 31, 2025 || Security Cover Certificate as on December 31, 2025 is attached",True,2026-01-16
500325_588,500325,Reliance Industries Ltd,2026-01-17 12:24:01.970,DissemDT,Potentially Price-Sensitive,Financial Results,1,d25711f3-9297-4130-81e3-a7f9171f8756,Analyst / Investor Meet,"Audio recording of the discussion on the Unaudited Financial Results (Consolidated and Standalone) of the Company for the quarter and nine months ended December 31, 2025, at the analyst ....",True,2026-01-17
500325_589,500325,Reliance Industries Ltd,2026-01-18 23:49:42.640,DissemDT,Potentially Price-Sensitive,Financial Results,1,b1058cba-a344-4fd3-9d8c-675b88eaa334,Earnings Call Transcript,"Transcript of the discussion on the Unaudited Financial Results (Consolidated and Standalone) of the Company for the quarter and nine months ended December 31, 2025, at the analyst meet ....",True,2026-01-18
500325_59,500325,Reliance Industries Ltd,2023-10-25 19:42:46.873,DissemDT,Routine / Lower Signal,Regulatory / Compliance,1,41936ef0-75a9-4c07-89f0-3579fec68272,Reg. 39 (3) - Details of Loss of Certificate / Duplicate Certificate,We enclose the details of Letter(s) of Confirmation issued by the Company to its shareholders in lieu of share certificates reported as lost by them.,False,2023-10-25
500325_590,500325,Reliance Industries Ltd,2026-01-22 20:34:44.040,DissemDT,Routine / Lower Signal,Regulatory / Compliance,1,27b338bf-f3a1-470d-85a8-167099f5c58e,General,"Please find attached disclosure under Regulation 30 of the Securities and Exchange Board of India (Listing Obligations and Disclosure Requirements) Regulations, 2015",False,2026-01-22
500325_591,500325,Reliance Industries Ltd,2026-01-29 16:55:32.390,DissemDT,Potentially Price-Sensitive,Business / Strategic,1,c77aa135-9f26-4b3e-9e40-36889f4d3f00,General,"We wish to inform that the Hon''ble National Company Law Tribunal, Amaravati Bench (""NCLT"") vide its order dated January 19, 2026 (order uploaded on the NCLT website on January 28, 2026) ....",False,2026-01-29
500325_592,500325,Reliance Industries Ltd,2026-01-29 19:46:42.323,DissemDT,Potentially Price-Sensitive,Credit / Financing,1,938b75ad-e37c-42c4-83d5-13c945dd3961,Credit Rating,Re-affirmation of rating with respect to the Non-convertible Debentures and Commercial Paper of the Company,False,2026-01-29
500325_593,500325,Reliance Industries Ltd,2026-02-03 09:10:01.103,DissemDT,Potentially Price-Sensitive,Business / Strategic,2,"76c83e37-0b07-49d8-8c5e-aff68267183a, d892845b-e9c4-466d-9297-a1236aa5f510",Press Release / Media Release; Acquisition,Media Release || Disclosure under Regulation 30 of SEBI LODR Regulations - Acquisition of 50.1% equity stake in Sikhya Entertainment Private Limited,False,2026-02-03
500325_594,500325,Reliance Industries Ltd,2026-02-05 18:42:28.263,DissemDT,Context-Dependent,Investor / Analyst,1,01529e2d-1765-4437-8597-b24e592cc997,Analyst / Investor Meet,"Please note that the Company executives will be participating in the Institutional Investors'' Meeting - Nuvama India Conference 2026, scheduled to be held on February 10, 2026 at Mumbai. ....",False,2026-02-05
500325_595,500325,Reliance Industries Ltd,2026-02-06 16:25:03.150,DissemDT,Context-Dependent,Investor / Analyst,1,d1cdc1a3-eb87-4b22-ab4a-a7ec0a3cfeb8,Analyst / Investor Meet,"Please note that the Company executives will be participating in the Institutional Investors'' Meeting - Axis Capital Flagship India Conference, scheduled to be held on February 11, 2026 ....",False,2026-02-06
500325_596,500325,Reliance Industries Ltd,2026-02-06 17:33:33.253,DissemDT,Routine / Lower Signal,Other,1,f735b30e-9dfe-4c12-bb41-34d0d0c78a1d,General,"The newspaper clippings of the advertisement on the captioned subject published today i.e., February 6, 2026 in the newspapers viz. The Indian Express (English), Financial Express (English), ....",False,2026-02-06
500325_597,500325,Reliance Industries Ltd,2026-02-07 12:35:28.807,DissemDT,Potentially Price-Sensitive,Business / Strategic,1,6747733d-8f71-4967-b29e-2e1f67fd975c,Press Release / Media Release,"Reliance Industries Ltd has submitted to BSE a copy of a media release by Reliance Consumer Products Limited, a<BR>subsidiary of the Company, titled ""Reliance Consumer Products acquires ....",False,2026-02-07
500325_598,500325,Reliance Industries Ltd,2026-02-10 15:32:01.410,DissemDT,Potentially Price-Sensitive,Business / Strategic,2,"edffbaa7-526b-4c9b-89d9-f44a071c5283, 32c563c9-2a53-4cce-9e20-15d928f07750",Press Release / Media Release; Acquisition,"Please find attached a media release by Reliance Consumer Products Limited, a subsidiary of the Company, titled ""RELIANCE CONSUMER PRODUCTS ACQUIRES TAMIL NADU''S SOUTHERN HEALTH FOODS"". || Disclosure under Regulation 30 of the Securities and Exchange Board of India (Listing Obligations and Disclosure Requirements) Regulation, 2015 - Acquisition of 100% equity stake in Southern ....",False,2026-02-10
500325_599,500325,Reliance Industries Ltd,2026-02-10 18:56:42.507,DissemDT,Context-Dependent,Investor / Analyst,1,923db312-d905-4a66-8970-473a8d9c0a07,General,"This is further to the disclosure dated February 5, 2026 made by the Company. We wish to inform you that the Company executives participated in the Institutional Investors'' Meeting - Nuvama ....",False,2026-02-10
500325_6,500325,Reliance Industries Ltd,2023-08-25 19:42:05.717,DissemDT,Routine / Lower Signal,Regulatory / Compliance,1,875807c3-f585-41b3-a411-5e0906ccf86e,Reg. 39 (3) - Details of Loss of Certificate / Duplicate Certificate,"We enclose the information regarding loss of share certificate(s) received from the shareholder(s) of the Company on August 24, 2023 ad August 25, 2023 aggregating to 5,032 shares.",False,2023-08-25
500325_60,500325,Reliance Industries Ltd,2023-10-26 19:10:24.867,DissemDT,Routine / Lower Signal,Regulatory / Compliance,1,9dc1e454-eef0-4fe3-8dc1-53fb13d54d15,Reg. 39 (3) - Details of Loss of Certificate / Duplicate Certificate,"We enclose the information regarding loss of share certificates for 2,407 shares received from the shareholders of the Company on October 25, 2023.",False,2023-10-26
500325_600,500325,Reliance Industries Ltd,2026-02-11 19:28:12.150,DissemDT,Context-Dependent,Investor / Analyst,1,589614a8-2f34-4ef5-9b59-057f1788b655,General,"This is further to the disclosure dated February 6, 2026 made by the Company. We wish to inform you that the Company executives participated in the Institutional Investors'' Meeting - Axis ....",False,2026-02-11
500325_601,500325,Reliance Industries Ltd,2026-02-16 18:20:19.173,DissemDT,Potentially Price-Sensitive,Business / Strategic,1,ab236a54-7c57-4af8-97e6-5bccb740a73b,General,"Please find attached a media release by Reliance Consumer Products Limited, a subsidiary of the Company, titled ""RELIANCE CONSUMER PRODUCTS PARTNERS WITH NIGERIA''S LEADING BUSINESS TGI GROUP.""",False,2026-02-16
500325_602,500325,Reliance Industries Ltd,2026-02-18 19:32:58.460,DissemDT,Context-Dependent,Investor / Analyst,1,a73866ab-f343-4dc2-9ec9-6a7c2e499346,Analyst / Investor Meet,"Please note that the Company executives will be participating in the Institutional Investors'' Meeting - Kotak Chasing Growth 2026 Investor Conference, scheduled to be held on February ....",False,2026-02-18
500325_603,500325,Reliance Industries Ltd,2026-02-19 19:27:46.203,DissemDT,Context-Dependent,Investor / Analyst,1,8dcc9052-6e3b-4fef-9f6f-416c4844ada2,Analyst / Investor Meet,"Please note that the Company executives will be participating in the Institutional Investors'' Meeting - IIFL Global Investors Conference, scheduled to be held on February 24, 2026 at Mumbai. ....",False,2026-02-19
500325_604,500325,Reliance Industries Ltd,2026-02-23 19:45:42.220,DissemDT,Context-Dependent,Investor / Analyst,1,856260e8-756b-4d10-b3c9-f7ea92d8ab79,General,"This is further to the disclosure dated February 18, 2026 made by the Company. We wish to inform you that the Company executives participated in the Institutional Investors'' Meeting - ....",False,2026-02-23
500325_605,500325,Reliance Industries Ltd,2026-02-24 19:48:17.453,DissemDT,Context-Dependent,Investor / Analyst,1,cc519be5-d265-42eb-8f62-2c25792192d8,General,"This is further to the disclosure dated February 19, 2026 made by the Company. We wish to inform you that the Company executives participated in the Institutional Investors'' Meeting - ....",False,2026-02-24
500325_606,500325,Reliance Industries Ltd,2026-02-25 19:47:06.583,DissemDT,Potentially Price-Sensitive,Business / Strategic,1,1d202897-a8cd-4328-a820-65913fc7fc99,General,Reliance Enterprise Intelligence Limited ceasing to be a step-down wholly owned subsidiary and becoming a step-down subsidiary of the Company.,False,2026-02-25
500325_607,500325,Reliance Industries Ltd,2026-03-04 19:31:34.640,DissemDT,Context-Dependent,Investor / Analyst,1,b824f9e0-a2b6-4979-b4c1-53e4146c59e3,Analyst / Investor Meet,"Please note that the Company executives will be participating in the Institutional Investors'' Meeting - JP Morgan India Forum, scheduled to be held on March 9 & 10, 2026 at Singapore. ....",False,2026-03-04
500325_608,500325,Reliance Industries Ltd,2026-03-06 13:15:47.483,DissemDT,Potentially Price-Sensitive,Business / Strategic,1,317e5725-3df6-4c3f-bebc-8ecc93393cc4,General,"Please find attached a media release by Reliance Consumer Products Limited, a subsidiary of the Company, titled ""RELIANCE CONSUMER PRODUCTS SIGNS MOU WITH FINNISH FOODS MAJOR FAZER.""",False,2026-03-06
500325_609,500325,Reliance Industries Ltd,2026-03-09 16:21:38.300,DissemDT,Potentially Price-Sensitive,Business / Strategic,1,e15c3c29-504b-41c8-bf64-72176c97d99f,General,"Please find attached a media release by Reliance Retail Limited, a subsidiary of the Company, titled ""Reliance Retail Limited Acquires ''Pahadi Local'' Brand along with Business, Strengthening ....",False,2026-03-09
500325_61,500325,Reliance Industries Ltd,2023-10-27 11:34:11.657,DissemDT,Potentially Price-Sensitive,Board / Management,1,db63d489-f01c-4838-9bbc-e095bd8b5a26,Postal Ballot,The Company had sought approval of the members of the Company for: (i) Appointment of Ms. Isha M. Ambani (DIN:06984175) as a Non-Executive Director of the Company; (ii) Appointment of Shri ....,False,2023-10-27
500325_610,500325,Reliance Industries Ltd,2026-03-10 19:13:40.690,DissemDT,Context-Dependent,Investor / Analyst,1,6224ad78-e825-47c9-88c2-dbc42a7c7d66,General,"This is further to the disclosure dated March 4, 2026 made by the Company. We wish to inform you that the Company executives participated in the Institutional Investors'' Meeting - JP Morgan ....",False,2026-03-10
500325_611,500325,Reliance Industries Ltd,2026-03-10 21:47:03.233,DissemDT,Routine / Lower Signal,Other,1,64d94629-88ea-4637-9f53-d023a8d7c7ee,General,A media statement issued by the Company is attached.,False,2026-03-10
500325_612,500325,Reliance Industries Ltd,2026-03-16 19:14:55.290,DissemDT,Potentially Price-Sensitive,Business / Strategic,1,b53c2787-da1f-4aed-aa14-9a381abcd224,General,"Please find attached a media release by the Company, titled ""RELIANCE INDUSTRIES SIGNS LANDMARK GREEN AMMONIA BINDING LONG-TERM OFFTAKE AGREEMENT WITH SAMSUNG C&T.""",False,2026-03-16
500325_613,500325,Reliance Industries Ltd,2026-03-18 00:49:23.137,DissemDT,Routine / Lower Signal,Regulatory / Compliance,1,9c10bb6f-4524-4314-b653-190f1dea8fd4,General,"Disclosure under Regulation 30 of the Securities and Exchange Board of India (Listing Obligations and Disclosure Requirements) Regulations, 2015 is attached.",False,2026-03-18
500325_614,500325,Reliance Industries Ltd,2026-03-26 22:47:56.670,DissemDT,Routine / Lower Signal,Other,1,20996d22-ffa1-4201-9bb1-d7c77ec911cc,General,Statement,False,2026-03-26
500325_615,500325,Reliance Industries Ltd,2026-03-31 13:07:24.623,DissemDT,Routine / Lower Signal,Regulatory / Compliance,1,ecf6bd8d-927b-4662-b164-d69b8fe2c681,General,"Disclosure under Regulation 30 of the Securities and Exchange Board of India (Listing Obligations and Disclosure Requirements) Regulations, 2015 is attached.",False,2026-03-31
500325_616,500325,Reliance Industries Ltd,2026-03-31 16:13:03.720,DissemDT,Routine / Lower Signal,Other,1,82dedb56-fe1b-4679-a269-224877962602,Closure of Trading Window,"This is to inform that pursuant to the Company''s code of conduct to regulate, monitor and report trading by designated persons and their immediate relatives, the Trading Window Close Period ....",False,2026-03-31
500325_617,500325,Reliance Industries Ltd,2026-04-10 18:10:36.930,DissemDT,Routine / Lower Signal,Other,1,89b7e741-747a-423a-adc0-05ca19c4479d,General,"The newspaper clippings of the advertisement on the captioned subject published today i.e., April 10, 2026 in the newspapers viz., The Indian Express (English), Financial Express (English), ....",False,2026-04-10
500325_618,500325,Reliance Industries Ltd,2026-04-13 23:15:03.940,DissemDT,Potentially Price-Sensitive,Business / Strategic,1,4f7e91f6-61c1-47df-8165-d0c9619cb1ed,Diversification / Disinvestment,"Disclosure under Regulation 30 of the Securities and Exchange Board of India (Listing Obligations and Disclosure Requirements) Regulations, 2015 - Sale of 100% stake in Reliance Projects ....",False,2026-04-13
500325_619,500325,Reliance Industries Ltd,2026-04-16 19:34:03.767,DissemDT,Potentially Price-Sensitive,Corporate Actions,1,fc5ca3e1-4124-4de3-a22c-030341ad7eda,Allotment of ESOP / ESPS,"Allotment of Equity Shares pursuant to Reliance Industries Limited Employees'' Stock Option Scheme 2017 

We wish to inform you that the Company has today allotted 66,088 equity shares ....",False,2026-04-16
500325_62,500325,Reliance Industries Ltd,2023-10-27 17:53:59.847,DissemDT,Routine / Lower Signal,Regulatory / Compliance,1,c61f38f0-2e0c-4315-b0e2-c4e9695279e3,Reg. 39 (3) - Details of Loss of Certificate / Duplicate Certificate,"We enclose the information regarding loss of share certificate(s) received from the shareholder(s) of the Company on October 26, 2023 and October 27, 2023 aggregating to 11,411 shares.",False,2023-10-27
500325_620,500325,Reliance Industries Ltd,2026-04-17 18:21:19.450,DissemDT,Potentially Price-Sensitive,Financial Results,2,"868bb21a-70b8-40aa-8429-14779000d141, cf633cd2-4026-4290-b2af-90e0bcaeff92",Board Meeting; Analyst / Investor Meet,"Reliance Industries Ltdhas informed BSE that the meeting of the Board of Directors of the Company is scheduled on 24/04/2026 ,inter alia, to consider and approve i. the standalone and consolidated .... || A meeting of the Board of Directors of the Company is scheduled to be held on Friday, April 24, 2026, inter alia, to consider and approve the standalone and consolidated audited financial ....",True,2026-04-17
500325_621,500325,Reliance Industries Ltd,2026-04-22 20:50:13.267,DissemDT,Routine / Lower Signal,Regulatory / Compliance,1,db52c2b7-6af8-41a5-828a-dfbf89bb4d0f,General,"Please find attached disclosure under Regulation 30 of the Securities and Exchange Board of India (Listing Obligations and Disclosure Requirements) Regulation, 2015",False,2026-04-22
500325_622,500325,Reliance Industries Ltd,2026-04-24 11:13:30.630,DissemDT,Routine / Lower Signal,Other,1,52be3152-9f13-43d8-9045-9f2be4463557,General,"Please find attached a media release by the Company, titled ""TIME to bring ''TIME100 Next'' to India for the First Time in Partnership with Reliance.""",False,2026-04-24
500325_623,500325,Reliance Industries Ltd,2026-04-24 19:26:25.357,DissemDT,Potentially Price-Sensitive,Financial Results,4,"72e19e04-7a6d-4a96-bf0e-cdfa2ddd361b, 10397275-679e-4b01-bf9a-259f2f9d0cb7, b13a2653-5882-429c-b580-f6a96767ea46, c7250f3e-6e6a-41a1-8e51-284b2de0e38a",Financial Results; Outcome of Board Meeting; Press Release / Media Release; Investor Presentation,"Outcome of the Board Meeting || Outcome of the Board Meeting || Media Release - Consolidated and Standalone Audited Financial Results for the quarter and year ended March 31, 2026 is attached. || Please find attached presentation on the Audited Financial Results (Consolidated and Standalone) for the quarter and year ended March 31, 2026.",True,2026-04-24
500325_624,500325,Reliance Industries Ltd,2026-04-25 16:45:30.540,DissemDT,Potentially Price-Sensitive,Financial Results,1,7944c4df-b29a-495c-a013-da4d952573a6,Analyst / Investor Meet,"Audio recording of the discussion on the Audited Financial Results (Consolidated and Standalone) of the Company for the quarter and ended March 31, 2026, at the analyst meet held on April ....",True,2026-04-25
500325_625,500325,Reliance Industries Ltd,2026-04-26 23:25:52.417,DissemDT,Context-Dependent,Investor / Analyst,1,205c82dc-7864-4821-ba9a-47d912622375,Earnings Call Transcript,"Transcript of the discussion on the Audited Financials Results (Consolidated and Standalone) of the Company for the quarter and year ended March 31, 2026, at the analyst meet held on April ....",False,2026-04-26
500325_626,500325,Reliance Industries Ltd,2026-04-30 16:03:05.177,DissemDT,Potentially Price-Sensitive,Business / Strategic,1,3833f6a3-6699-4ca7-9507-dc7b230b2d11,General,"Please find attached a media release by Reliance Retail Limited, a subsidiary of the Company, titled ""Reliance Retail Acquires Priyanka Chopra Jonas''s Anomaly, Accelerating Expansion of ....",False,2026-04-30
500325_627,500325,Reliance Industries Ltd,2026-05-07 14:56:22.303,DissemDT,Potentially Price-Sensitive,Business / Strategic,1,19056cfc-5b79-4a96-bc81-e511a7e381af,Acquisition,Update on acquisition of 100% equity stake of Kandla GHA Transmission Limited.,False,2026-05-07
500325_628,500325,Reliance Industries Ltd,2026-05-20 14:27:26.053,DissemDT,Routine / Lower Signal,Regulatory / Compliance,1,97f3438f-04dd-477f-862d-1a43099f7b81,General,Voluntary strike off of BAM DLR Kolkata Private Limited.,False,2026-05-20
500325_629,500325,Reliance Industries Ltd,2026-05-20 17:27:21.950,DissemDT,Routine / Lower Signal,Regulatory / Compliance,1,4b523e72-8ff4-4525-861c-8442d7d1a83e,General,"Disclosure under Regulation 30 of the SEBI (Listing Obligations and Disclosure Requirements) Regulations, 2015.",False,2026-05-20
500325_63,500325,Reliance Industries Ltd,2023-10-27 19:23:39.370,DissemDT,Potentially Price-Sensitive,Financial Results,2,"8cc778a3-04c7-43ba-a87c-7533113e97aa, 20cdac9a-a910-45a5-96a2-406489e0378a",Financial Results; Press Release / Media Release,"In continuation to our letter dated October 20, 2023 and pursuant to Regulation 33 and other applicable provisions of the SEBI (Listing Obligations and Disclosure Requirements) Regulations, .... || Media Release - Consolidated and Standalone Unaudited Financial Results for the quarter and half year ended September 30, 2023.",True,2023-10-27
500325_630,500325,Reliance Industries Ltd,2026-05-20 19:28:23.560,DissemDT,Potentially Price-Sensitive,Business / Strategic,1,67949150-1185-4bae-919a-bb2981ba8147,General,"Please find attached a media release by RISE Worldwide Limited, a subsidiary of the Company, titled ""MLB ANNOUNCES PARTNERSHIP WITH RISE WORLDWIDE TO ACCELERATE GROWTH OF BASEBALL IN INDIA.""",False,2026-05-20
500325_631,500325,Reliance Industries Ltd,2026-05-26 20:33:59.600,DissemDT,Context-Dependent,Investor / Analyst,1,6d37da6f-ca08-44e3-8587-ceab066ffc28,Analyst / Investor Meet,"Please note that the Company executives will be participating in the Institutional Investors'' Meeting - BofA India Conference 2026, scheduled to be held on June 1, 2026 at Mumbai. It is ....",False,2026-05-26
500325_632,500325,Reliance Industries Ltd,2026-05-27 17:52:29.840,DissemDT,Potentially Price-Sensitive,Corporate Actions,2,"0169a11e-abd5-41b7-a09c-b876d12fd135, 9d98bf4b-c854-43f0-8ee5-390a1767e6d5",AGM; Record Date,"The Forty-ninth Annual General Meeting (Post-IPO) of the members of the Company will be held on Friday, June 19, 2026 at 2:00 P.M. (IST) through Video Conferencing / Other Audio Visual Means. || Record date for determining members eligible to receive dividend for the financial year 2025-26.",False,2026-05-27
500325_633,500325,Reliance Industries Ltd,2026-05-27 19:33:08.040,DissemDT,Context-Dependent,Investor / Analyst,1,7d8618de-d1dc-4ef2-bde7-11aef7b1573f,Analyst / Investor Meet,"Please note that the Company executives will be participating in the Institutional Investors'' Meeting - Morgan Stanley India Investment Forum 2026, scheduled to be held on June 2, 2026 ....",False,2026-05-27
500325_634,500325,Reliance Industries Ltd,2026-05-28 10:23:39.497,DissemDT,Potentially Price-Sensitive,Corporate Actions,1,3a260be5-b73e-4f94-89ae-0bd2c5b96fa9,AGM,"The newspaper clippings of the advertisement on the Annual General Meeting of the members of the Company, Record Date for Dividend and other related information published today i.e. May ....",False,2026-05-28
500325_635,500325,Reliance Industries Ltd,2026-05-28 13:20:44.470,DissemDT,Potentially Price-Sensitive,Board / Management,3,"218ed42b-2395-4bfe-b200-c3e420db3857, 84100eea-37bc-4d8c-984e-1141bd12e433, daed40c1-e942-481b-96bd-2ae61333dddc",AGM; Reg. 34 (1) Annual Report; Business Responsibility and Sustainability Reporting (BRSR),"Notice of the Forty-ninth Annual General Meeting (Post-IPO) for the financial year 2025-26 is attached. || Notice convening the Forty-ninth Annual General Meeting (Post-IPO) (''Notice'') and the Integrated Annual Report of the Company, for the financial year 2025-26, are being sent through electronic .... || The Business Responsibility and Sustainability Report of the Company for the financial year 2025-26 is attached.",False,2026-05-28
500325_636,500325,Reliance Industries Ltd,2026-05-29 16:43:10.147,DissemDT,Potentially Price-Sensitive,Board / Management,1,9a950928-fbeb-448c-89bc-b18e4a056068,AGM,"The newspaper clippings of the advertisement on the captioned subject published today i.e. May 29, 2026 in the newspapers viz. The Times of India (English), The Economic Times (English), ....",False,2026-05-29
500325_637,500325,Reliance Industries Ltd,2026-05-29 20:24:56.150,DissemDT,Potentially Price-Sensitive,Credit / Financing,1,95d43aaa-aea2-4e94-8c06-f77216cfdcff,Credit Rating,"Upgradation of rating issued by Moody''s with respect to the Senior Unsecured US$ Denominated Fixed Rate Notes of the Company, from ""Baa2"" with a ""Stable"" outlook to ""Baa1"" with a ""Stable"" outlook.",False,2026-05-29
500325_638,500325,Reliance Industries Ltd,2026-05-30 10:50:42.993,DissemDT,Routine / Lower Signal,Regulatory / Compliance,1,c0fdfe66-8752-4e3c-af79-251acceb8d3d,Reg.24(A)-Annual Secretarial Compliance,"The Secretarial Compliance Report for the financial year ended March 31, 2026, duly issued by Dr. K. R. Chandratre, Practicing Company Secretary, is attached.",False,2026-05-30
500325_639,500325,Reliance Industries Ltd,2026-06-01 19:03:45.267,DissemDT,Context-Dependent,Investor / Analyst,1,9992a37a-c5b3-4ea8-9121-1b9eb1109a2c,General,"This is further to the disclosure dated May 26, 2026 made by the Company. We wish to inform you that the Company executives participated in the Institutional Investors'' Meeting - BofA ....",False,2026-06-01
500325_64,500325,Reliance Industries Ltd,2023-10-27 21:09:18.933,DissemDT,Potentially Price-Sensitive,Financial Results,2,"6cf11ecb-a44f-405b-8b29-eb49d2a26a3d, ff2c394f-7604-4e3b-89ec-610c5e1f7def",General; Investor Presentation,"In continuation to our disclosure dated August 28, 2023, we wish to inform you that Ms. Isha M. Ambani, Shri Akash M. Ambani and Shri Anant M. Ambani have assumed office as Non-executive .... || Presentation made to analyst on Unaudited Financial Results (Consolidated and Standalone) for the quarter and half-year ended September 30, 2023",True,2023-10-27
500325_640,500325,Reliance Industries Ltd,2026-06-02 16:54:00.263,DissemDT,Routine / Lower Signal,Regulatory / Compliance,1,1985e150-3f18-47b5-96c0-05533135d1e6,General,"Update to disclosures dated 24-03-2017 and 05-11-2020 under Regulation 30 of SEBI (Listing Obligations and Disclosure Requirements) Regulations, 2015",False,2026-06-02
500325_641,500325,Reliance Industries Ltd,2026-06-02 19:23:55.940,DissemDT,Context-Dependent,Investor / Analyst,2,"b6068d93-dc9f-4475-bbb2-a0766170a4bd, 8e0741ae-0168-4a24-8aa7-5a6d1d231f2c",General; Analyst / Investor Meet,"This is further to the disclosure dated May 27, 2026 made by the Company. We wish to inform you that the Company executives participated in the Institutional Investors'' Meeting - Morgan .... || Please note that the Company executives will be participating in the Institutional Investors'' Meeting - Citi India Conference 2026, scheduled to be held on June 5, 2026 at Mumbai. It is ....",False,2026-06-02
500325_642,500325,Reliance Industries Ltd,2026-06-04 20:07:00.727,DissemDT,Context-Dependent,Investor / Analyst,1,25d58695-e80d-4c57-9ea0-e0270438d5e0,Analyst / Investor Meet,"Please note that the Company executives will be participating in the Institutional Investors'' Meeting - ICICI Securities India Investor Conference 2026, scheduled to be held on June 9, ....",False,2026-06-04
500325_643,500325,Reliance Industries Ltd,2026-06-05 18:49:31.850,DissemDT,Context-Dependent,Investor / Analyst,1,655d31ba-c655-4609-8944-f88aa24a94af,General,Update on Institutional Investors'' Meeting - Citi India Conference 2026.,False,2026-06-05
500325_644,500325,Reliance Industries Ltd,2026-06-08 16:08:00.660,DissemDT,Context-Dependent,Investor / Analyst,1,8dffbff6-906b-45fe-8172-96583bc8f343,General,Presentation on Item Nos. 6 and 7 of the notice of the 49th Annual General Meeting (Post-IPO) of the Company,False,2026-06-08
500325_645,500325,Reliance Industries Ltd,2026-06-09 19:44:02.210,DissemDT,Context-Dependent,Investor / Analyst,1,9473c8e1-4300-4964-8889-55d3a563d713,General,"This is  further to the disclosure dated June 4, 2026 made by the Company. We wish to inform you that the Company executives participated in the Institutional Investors'' Meeting - ICICI ....",False,2026-06-09
500325_646,500325,Reliance Industries Ltd,2026-06-10 08:36:10.497,DissemDT,Routine / Lower Signal,Other,1,50adb7d1-85ff-45b3-91e1-1a028169aee0,General,"Please find attached a media release by the Company, titled ""Reliance and Meta to Develop AI-Enabled Data Centre in Jamnagar, Gujarat.""",False,2026-06-10
500325_647,500325,Reliance Industries Ltd,2026-06-10 16:23:18.433,DissemDT,Routine / Lower Signal,Other,1,16263bb3-80e3-4799-890e-55793f57b758,General,"The newspaper clippings of the advertisement on the captioned subject published today i.e., June 10, 2026 in the newspapers viz. The Indian Express (English), Financial Express (English), ....",False,2026-06-10
500325_648,500325,Reliance Industries Ltd,2026-06-14 15:49:13.797,DissemDT,Potentially Price-Sensitive,Business / Strategic,1,895d17f0-58d4-4d3f-92fd-a0ce02409cb5,General,"Please find attached a media release by Jio Platforms Limited, a subsidiary of the Company, titled ""Jio Platforms Surges into Global Top 20 in latest WIPO Patents Ranking"".",False,2026-06-14
500325_649,500325,Reliance Industries Ltd,2026-06-19 14:17:56.537,DissemDT,Routine / Lower Signal,Other,1,c70e2252-bee7-4f7c-a554-36cb5808a139,General,Proposed Initial Public Offer of Jio Platforms Limited,False,2026-06-19
500325_65,500325,Reliance Industries Ltd,2023-10-28 10:59:51.060,DissemDT,Potentially Price-Sensitive,Financial Results,2,"b17586da-2bfd-48ea-926f-77ea4468197d, fd752aff-5f92-4184-8009-b69a2e875e7d",Earnings Call Transcript; General,"Pursuant to Regulation 30(6) of the SEBI (Listing Obligations and Disclosure Requirements) Regulations, 2015, the audio/video recording and transcript of the presentation made on October .... || Pursuant to Regulation 30(6) of the SEBI (Listing Obligations and Disclosure Requirements) Regulations, 2015, the audio / video recording and transcript of the presentation made on October ....",True,2023-10-28
500325_650,500325,Reliance Industries Ltd,2026-06-19 16:54:04.053,DissemDT,Potentially Price-Sensitive,Board / Management,3,"514a1b67-455a-420c-a7a7-bfe53daf4473, ede581f6-4248-45bb-815b-0a1fbb2f2e74, 3e3647be-a6bd-4ff7-bb01-4c430a5a8e6d",AGM; General,Chairman''s Statement delivered at the Forty-ninth Annual General Meeting (Post-IPO) of the Company || Chairman''s Statement delivered at the Forty-ninth Annual General Meeting (Post-IPO) of the Company || Proposed Initial Public Offer of Jio Platforms Limited,False,2026-06-19
500325_651,500325,Reliance Industries Ltd,2026-06-19 19:52:52.153,DissemDT,Potentially Price-Sensitive,Board / Management,1,61fd39db-6d04-4d5f-92df-f8ecbc3dc6d4,AGM,"Gist of the proceedings of the Forty-ninth Annual General Meeting (Post-IPO) of the Company held today, i.e. Friday, June 19, 2026 is attached.",False,2026-06-19
500325_652,500325,Reliance Industries Ltd,2026-06-20 18:49:52.043,DissemDT,Potentially Price-Sensitive,Board / Management,1,9f49151d-fad4-4633-8053-73afa4fd70f9,AGM,"The voting results along with the consolidated Scrutiniser''s report in respect of the Forty-ninth Annual General Meeting (Post-IPO) of the Company held on Friday, June 19, 2026, are attached.",False,2026-06-20
500325_653,500325,Reliance Industries Ltd,2026-06-24 16:10:40.660,DissemDT,Potentially Price-Sensitive,Business / Strategic,1,b4c787ec-3949-4737-a1db-8fe2f44ca3e6,General,"Please find attached a media release by Karkinos Healthcare Private Limited, a subsidiary of the Company, titled ""Reliance-owned Karkinos Healthcare crosses one lakh HPV DNA tests, strengthening ....",False,2026-06-24
500325_654,500325,Reliance Industries Ltd,2026-06-30 17:52:56.080,DissemDT,Potentially Price-Sensitive,Board / Management,1,7887aa3e-65ef-425f-a04f-819d1d183bd3,Closure of Trading Window,"This is to inform that pursuant to the Reliance Code to Regulate, Monitor and Report Trading by Directors, Promoters, Designated Persons and Specified Connected Persons of the Company and ....",False,2026-06-30
500325_655,500325,Reliance Industries Ltd,2026-07-03 19:53:42.420,DissemDT,Potentially Price-Sensitive,Credit / Financing,1,45fa536f-8691-4d7b-abee-4e64899908f4,Credit Rating,Re-affirmation of rating with respect to the Non-convertible Debentures and Commercial Paper of the Company,False,2026-07-03
500325_656,500325,Reliance Industries Ltd,2026-07-06 17:22:40.997,DissemDT,Routine / Lower Signal,Regulatory / Compliance,1,f6d75332-af42-4af2-a46e-17c2d60940a1,General,"Disclosure under Regulation 30 of the Securities and Exchange Board of India (Listing Obligations and Disclosure Requirements) Regulations, 2015",False,2026-07-06
500325_657,500325,Reliance Industries Ltd,2026-07-08 19:12:35.150,DissemDT,Routine / Lower Signal,Regulatory / Compliance,1,0d5270f8-ef50-42c9-b9bb-afc3ee483408,General,"Please find attached disclosure under Regulation 30 of the Securities and Exchange Board of India (Listing Obligations and Disclosure Requirements) Regulations, 2015 - Dissolution of REC ....",False,2026-07-08
500325_658,500325,Reliance Industries Ltd,2026-07-10 17:40:40.247,DissemDT,Potentially Price-Sensitive,Financial Results,2,"4509d961-8548-4d26-a874-bd14eb74a620, 1ab50875-92d6-48b1-811e-b399c5bf99aa",Board Meeting; Analyst / Investor Meet,"Reliance Industries Ltdhas informed BSE that the meeting of the Board of Directors of the Company is scheduled on 17/07/2026 ,inter alia, to consider and approve the standalone and consolidated .... || A meeting of the Board of Directors of the Company is scheduled to be held on Friday, July 17, 2026, inter alia, to consider and approve the standalone and consolidated unaudited financial ....",True,2026-07-10
500325_659,500325,Reliance Industries Ltd,2026-07-17 19:09:24.257,DissemDT,Potentially Price-Sensitive,Financial Results,4,"1a46c329-49d8-4a26-843a-d9cd86653f1a, bb4cb9ae-4b64-499e-aeaf-e041ea2316b4, 04c71447-8195-43bd-abad-2767e57b9c9c, 6d280df9-31a1-49af-b3e3-177c20b597a9",Outcome of Board Meeting; Financial Results; Press Release / Media Release; Investor Presentation,"Please find attached Consolidated and Standalone unaudited financial results for the quarter ended June 30, 2026. || Please find attached Consolidated and Standalone unaudited financial results for the quarter ended June 30, 2026. || In continuation of our letter of today''s date on the Consolidated and Standalone unaudited financial results for the quarter ended June 30, 2026, we attach a copy of media release being .... || Please find attached presentation on the unaudited financial results (Consolidated and Standalone) for the quarter ended June 30, 2026.",True,2026-07-17
500325_66,500325,Reliance Industries Ltd,2023-10-31 18:52:59.073,DissemDT,Routine / Lower Signal,Regulatory / Compliance,2,"0857063c-351e-4bb8-b6ed-47de80971fb9, 21e15dbb-628c-4aa6-a951-8e6df591121b",Reg. 39 (3) - Details of Loss of Certificate / Duplicate Certificate,"We enclose the details of Letter(s) of Confirmation issued by the Company to its shareholders in lieu of share certificate(s) reported as lost by them. || We enclose the information regarding loss of share certificate(s) for 7,656 shares received from the shareholder(s) of the Company on October 30, 2023.",False,2023-10-31
500325_660,500325,Reliance Industries Ltd,2026-07-18 19:34:46.067,DissemDT,Potentially Price-Sensitive,Financial Results,1,416b95b3-e8da-4793-9fb4-03262cec60de,Analyst / Investor Meet,"Audio recording of the discussion on the unaudited financial results (Consolidated and Standalone) of the Company for the quarter ended June 30, 2026, at the analyst meet held on July 17, ....",True,2026-07-18
500325_661,500325,Reliance Industries Ltd,2026-07-19 18:13:24.850,DissemDT,Potentially Price-Sensitive,Financial Results,1,bc793bdc-eaa7-4661-b0d2-d7eab2a36dd1,Analyst / Investor Meet,"Transcript of the discussion on the Unaudited Financial Results (Consolidated and Standalone) of the Company for the quarter ended June 30, 2026, at the analyst meet held on July 17, 2026, ....",True,2026-07-19
500325_662,500325,Reliance Industries Ltd,2026-07-21 12:22:13.777,DissemDT,Potentially Price-Sensitive,Board / Management,1,b90e85d9-100e-4367-8a11-ab125c6f75ee,Postal Ballot,"The Postal Ballot Notice dated July 17, 2026, along with the explanatory statement, seeking approval of the members of the Company, by way of remote e-voting process, is attached.",False,2026-07-21
500325_663,500325,Reliance Industries Ltd,2026-07-22 16:09:50.420,DissemDT,Potentially Price-Sensitive,Board / Management,1,0f4bcc4c-3fe0-47e6-9803-de29839b30c4,Postal Ballot,"The newspaper clippings of the advertisement on the captioned subject published today i.e., July 22, 2026 in the newspapers viz. The Times of India (English) and Maharashtra Times (Marathi) ....",False,2026-07-22
500325_664,500325,Reliance Industries Ltd,2026-07-25 14:37:43.477,DissemDT,Context-Dependent,Investor / Analyst,1,11883343-7d6e-41e3-81e5-47393faa2488,General,"Presentation on the resolutions proposed for shareholder''s approval vide Postal Ballot Notice dated July 17, 2026 is attached.",False,2026-07-25
500325_665,500325,Reliance Industries Ltd,2026-08-01 23:10:15.950,DissemDT,Potentially Price-Sensitive,Business / Strategic,1,047088f3-322c-45ca-8cce-0938e3f3a205,General,"Radisys Cayman Limited, a step-down subsidiary of the Company, has been merged with its holding company Radisys International LLC w.e.f. July 31, 2026",False,2026-08-01
500325_666,500325,Reliance Industries Ltd,2026-08-07 16:56:11.880,DissemDT,Context-Dependent,Investor / Analyst,2,"b317d3dc-b4bf-48ad-a38b-96fddfdd27b8, 840479ef-f9d8-44e5-93f0-95462b04e436",Analyst / Investor Meet; General,"Please note that the Company executives will be participating in the Institutional Investors'''' Meeting - Emkay Confluence 2026, scheduled to be held on August 12, 2026 at Mumbai. It is .... || The newspaper clippings of the advertisement on the captioned subject published today i.e., August 7, 2026 in the newspapers viz. The Indian Express (English), Financial Express (English), ....",False,2026-08-07
500325_667,500325,Reliance Industries Ltd,2026-08-12 19:47:33.767,DissemDT,Context-Dependent,Investor / Analyst,1,a5958e2f-2a89-47c9-86df-1b276e17a181,General,"This is further to the Disclosure dated August 7, 2026 made by the Company. We wish to inform you that the Company executives participated in the Institutional Investors Meeting - Emkay ....",False,2026-08-12
500325_668,500325,Reliance Industries Ltd,2026-08-13 19:40:26.910,DissemDT,Context-Dependent,Investor / Analyst,1,756d89ee-d5be-4702-b5cd-e3d3b23a1bc9,Analyst / Investor Meet,"Please note that the Company executives will be participating in the Institutional Investors'' Meeting - Motilal Oswal''s 22nd Annual Global Investor Conference, scheduled to be held on ....",False,2026-08-13
500325_669,500325,Reliance Industries Ltd,2026-08-14 17:45:54.693,DissemDT,Routine / Lower Signal,Other,1,e48e0687-d683-47d5-bdd9-698a1db9af01,General,"Please find attached a media release by the Company, titled ""Reliance Industries and Rolls-Royce announce strategic intent to partner and develop India''s indigenous combat engine for the ....",False,2026-08-14
500325_67,500325,Reliance Industries Ltd,2023-11-01 18:33:30.583,DissemDT,Context-Dependent,Investor / Analyst,2,"0777e30b-65a7-4e3e-899f-c57e1c4ba4c2, c6d41f4d-5f28-412c-95bd-120b9989bb03",Reg. 39 (3) - Details of Loss of Certificate / Duplicate Certificate; Analyst / Investor Meet,"We enclose the information regarding loss of share certificate(s) for 4,856 shares received from the shareholder(s) of the Company on October 31, 2023. || Please note that the Company executives will be participating in the Institutional Investors' Meeting organised by BofA: 2023 India Conference on November 6, 2023 at New Delhi.",False,2023-11-01
500325_670,500325,Reliance Industries Ltd,2026-08-17 17:18:06.063,DissemDT,Routine / Lower Signal,Regulatory / Compliance,1,4acb87f7-f8ca-4f17-a825-1eb510af3ee8,Clarification,"The Exchange has sought clarification from Reliance Industries Ltd with reference to the media report appearing on https://economictimes.indiatimes.com dated August 14, 2026,(Link: https://economictimes.indiatimes.com/industry/energy/oil-gas/sc-slaps-rs-10-lakh-fine-on-reliance-industries-for-delaying-ntpc-gas-supply-suit/articleshow/133249366.cms) ....",False,2026-08-17
500325_671,500325,Reliance Industries Ltd,2026-08-18 17:44:19.310,DissemDT,Routine / Lower Signal,Regulatory / Compliance,1,b0bc3391-c0aa-44d6-be8d-a10b20b10247,General,"Please refer our letter dated August 18, 2026 attached herewith.",False,2026-08-18
500325_672,500325,Reliance Industries Ltd,2026-08-18 20:06:38.747,DissemDT,Context-Dependent,Investor / Analyst,1,989d8d2f-2b08-4a1c-8d43-f55bae61c178,General,"This is further to the disclosure dated August 13, 2026 made by the Company. We wish to inform you that the Company executives participated in the Institutional Investors'' Meeting - Motilal ....",False,2026-08-18
500325_68,500325,Reliance Industries Ltd,2023-11-02 18:50:31.820,DissemDT,Routine / Lower Signal,Regulatory / Compliance,1,6fcf04f6-9019-4e66-815e-fd3332408433,Reg. 39 (3) - Details of Loss of Certificate / Duplicate Certificate,"We enclose information regarding loss of share certificate(s) for 6,771 shares received from the shareholder(s) of the Company on November 01, 2023.",False,2023-11-02
500325_69,500325,Reliance Industries Ltd,2023-11-02 20:05:48.710,DissemDT,Potentially Price-Sensitive,Credit / Financing,1,6b24dfaa-a6b3-48ae-bcd9-11d42f71b09f,Credit Rating,Intimation of credit rating assigned by CARE Ratings Limited,False,2023-11-02
500325_7,500325,Reliance Industries Ltd,2023-08-28 14:07:09.460,DissemDT,Potentially Price-Sensitive,Board / Management,2,"bc2b33d3-eab8-4f87-a654-0965fea03556, 8871db25-bfb6-45f7-8937-673f4533c6a9",Resignation of Director; Change in Directorate,"The Board of Directors accepted the resignation of Nita M. Ambani from the Board respecting her decision to devote more of her time to the Reliance Foundation of which she is the Founder .... || The Board of Directors of the Company at its meeting held today, on the recommendation of the Human Resources, Nomination and Remuneration Committee, considered and recommended to the shareholders ....",False,2023-08-28
500325_70,500325,Reliance Industries Ltd,2023-11-03 16:22:41.560,DissemDT,Potentially Price-Sensitive,Business / Strategic,1,45b55d09-5dd8-424b-903d-5a309b3906f4,General,"Please find attached a media release by Reliance Retail Ventures Limited, a subsidiary of the Company, titled ""SEPHORA TIES UP WITH RELIANCE RETAIL VENTURES LIMITED TO TRANFORM INDIA''S ....",False,2023-11-03
500325_71,500325,Reliance Industries Ltd,2023-11-03 19:30:50.627,DissemDT,Routine / Lower Signal,Regulatory / Compliance,1,45012ba5-61a8-4426-8512-e8844af52d23,Reg. 39 (3) - Details of Loss of Certificate / Duplicate Certificate,"We enclose the information regarding loss of share certificate(s) received from the shareholder(s) of the Company  on November 02, 2023 and November 03, 2023 aggregating to 10,823 shares.",False,2023-11-03
500325_72,500325,Reliance Industries Ltd,2023-11-04 15:57:30.507,DissemDT,Potentially Price-Sensitive,Credit / Financing,1,d3f22574-da99-4245-9d6b-09d9772a08ac,Credit Rating,Intimation of Credit Rating assigned by CRISIL Ratings Limited,False,2023-11-04
500325_73,500325,Reliance Industries Ltd,2023-11-06 21:22:34.443,DissemDT,Context-Dependent,Investor / Analyst,1,de50afaf-1547-4f08-8333-9ba75e5d39ac,General,"This is further to our disclosure dated November 1, 2023 made by the Company. We wish to inform you that the Company''s executives participated in the following Institutional Investors'' ....",False,2023-11-06
500325_74,500325,Reliance Industries Ltd,2023-11-07 17:59:52.450,DissemDT,Routine / Lower Signal,Regulatory / Compliance,2,"9f41cd76-7282-4c29-bf67-c75733431f14, 079c47a6-beeb-417a-9920-c3099a79642c",Reg. 39 (3) - Details of Loss of Certificate / Duplicate Certificate,"We enclose the information regarding loss of share certificate(s) for 5,464 shares received from the shareholder(s) of the Company on November 06, 2023 || We enclose the details of Letter(s) of Confirmation issued by the Company to its shareholders, in lieu of share certificate(s) reported as lost by them.",False,2023-11-07
500325_75,500325,Reliance Industries Ltd,2023-11-08 18:13:34.470,DissemDT,Routine / Lower Signal,Regulatory / Compliance,1,e62db9a5-e40b-4e65-b9bf-b6057ed85bfc,Reg. 39 (3) - Details of Loss of Certificate / Duplicate Certificate,"We enclose the information regarding loss of share certificate(s) for 4,776 shares received from the shareholder(s) of the Company on November 07, 2023.",False,2023-11-08
500325_76,500325,Reliance Industries Ltd,2023-11-09 18:19:22.007,DissemDT,Routine / Lower Signal,Regulatory / Compliance,1,f08090ce-6199-4ca0-a9f7-dc31de3365a2,Reg. 39 (3) - Details of Loss of Certificate / Duplicate Certificate,"We enclose the information regarding loss of share certificate(s) for 7,429 shares received from the shareholder(s) of the Company on November 08, 2023.",False,2023-11-09
500325_77,500325,Reliance Industries Ltd,2023-11-09 22:37:07.027,DissemDT,Context-Dependent,Investor / Analyst,2,"27bbc942-74b6-4bcf-a227-ee05b24f777d, 41a20279-c2a4-4a74-800e-ffb556ff9ebf",Analyst / Investor Meet,"Please note that the Company executives will be participating in the Institutional Investors' Meeting organised by Morgan Stanley Annual Asia Pacific Summit on November 16, 2023 at Singapore. || Please note that the Company executives will be participating in the Institutional Investors' Meeting organised by Non-Deal Roadshow with Morgan Stanley on November 17, 2023 at Singapore.",False,2023-11-09
500325_78,500325,Reliance Industries Ltd,2023-11-10 13:25:28.747,DissemDT,Potentially Price-Sensitive,Corporate Actions,1,b7bd1e81-32db-4939-9eab-ad81290c9f08,Allotment of Equity Shares,"This is further to the disclosure dated January 20, 2023 made by the Company. 

We wish to inform you that the Company has today allotted 20,00,000 Secured, Redeemable, Non-Convertible ....",False,2023-11-10
500325_79,500325,Reliance Industries Ltd,2023-11-10 17:20:18.573,DissemDT,Routine / Lower Signal,Regulatory / Compliance,1,62b8fb06-a8a8-479f-b844-2c3dd62ac2bb,Reg. 39 (3) - Details of Loss of Certificate / Duplicate Certificate,"We enclose the information regarding loss of share certificate(s) received from the shareholder(s) of the Company on November 09, 2023 and November 10, 2023 aggregating to 10,944 shares.",False,2023-11-10
500325_8,500325,Reliance Industries Ltd,2023-08-28 16:04:19.343,DissemDT,Potentially Price-Sensitive,Board / Management,1,7d19f502-a8a3-44e3-8d81-f5818bf89742,AGM,"The Chairman''s Statement, delivered at the Forty-sixth Annual General Meeting (Post-IPO) of the Company held today, i.e.,  on August 28, 2023, is attached.",False,2023-08-28
500325_80,500325,Reliance Industries Ltd,2023-11-14 17:37:24.783,DissemDT,Routine / Lower Signal,Regulatory / Compliance,2,"17a35d07-3d60-438c-9031-5f57fd54609a, bf7b21f7-0865-42be-8deb-d8a1b27c101e",Reg. 39 (3) - Details of Loss of Certificate / Duplicate Certificate,"We enclose the information regarding loss of share certificate(s) for 4,326 shares received from the shareholder(s) of the Company on November 13, 2023. || We enclose the details of Letter(s) of Confirmation issued by the Company to its shareholders, in lieu of share certificate(s) reported as lost by them.",False,2023-11-14
500325_81,500325,Reliance Industries Ltd,2023-11-16 17:28:23.567,DissemDT,Routine / Lower Signal,Regulatory / Compliance,1,2eab471c-96ce-40b0-96e3-bbab201d03bb,Reg. 39 (3) - Details of Loss of Certificate / Duplicate Certificate,"We enclose the information regarding loss of share certificate(s) for 5,579 shares received from the shareholder(s) of the Company on November 15, 2023.",False,2023-11-16
500325_82,500325,Reliance Industries Ltd,2023-11-16 20:22:37.437,DissemDT,Context-Dependent,Investor / Analyst,4,"3c29489d-3bce-4086-bb4d-fb189e12be90, 6e9db955-77af-4b0b-855a-5a53a67e44b6, 39e7e3cd-852e-4733-9edd-771538d3137f, 7210fc3f-e4f3-4a80-bada-fc6094483c4c",Analyst / Investor Meet; General,"Please note that the Company executives will be participating in the Institutional Investors' Meeting - Goldman Sachs India CIO Tour on November 21, 2023 at Mumbai. It is expected that .... || Please note that the Company executives will be participating in the Fixed Income Investors' Meeting  - Standard Chartered India Credit Market Conference on November 21, 2023 at Mumbai. .... || Please note that the Company executives will be participating in the Institutional Investors' Meeting - JM Financial India Conference on November 22, 2023 at Mumbai. It is expected that .... || This is further to the disclosure dated November 9, 2023 made by the Company.  We wish to inform you that the Company executives participated in the Institutional Investors Meeting - Morgan ....",False,2023-11-16
500325_83,500325,Reliance Industries Ltd,2023-11-17 17:44:05.900,DissemDT,Routine / Lower Signal,Regulatory / Compliance,1,c6eea57e-c12c-4348-a88d-d42c42c6e863,Reg. 39 (3) - Details of Loss of Certificate / Duplicate Certificate,"We enclose the information regarding loss of share certificate(s) received from the shareholder(s) of the Company on November 16, 2023 and November 17, 2023 aggregating to 10,020 shares",False,2023-11-17
500325_84,500325,Reliance Industries Ltd,2023-11-17 18:45:27.493,DissemDT,Context-Dependent,Investor / Analyst,1,b2d4f7d3-863d-4b73-89ee-9b5e61703dbb,General,"This is further to the disclosure dated November 9, 2023. We wish to inform you that the Company executives participated in the Institutional Investors'' Meeting - Non-Deal Roadshow with ....",False,2023-11-17
500325_85,500325,Reliance Industries Ltd,2023-11-21 19:25:41.323,DissemDT,Routine / Lower Signal,Regulatory / Compliance,1,10ed62f0-1b26-4e15-94c7-c2034d32bfc8,Reg. 39 (3) - Details of Loss of Certificate / Duplicate Certificate,"We enclose the details of Letter(s) of Confirmation issued by the Company to its shareholders, in lieu of share certificate(s) reported as lost by them.",False,2023-11-21
500325_86,500325,Reliance Industries Ltd,2023-11-21 19:58:03.863,DissemDT,Context-Dependent,Investor / Analyst,3,"4172006c-7226-4f86-a925-acc6881fd74d, 24193673-7f96-469b-a338-747f391aa650, 351e8015-1782-4c63-92a8-d9b19d81fb81",General; Reg. 39 (3) - Details of Loss of Certificate / Duplicate Certificate,"This is further to the disclosure dated November 16, 2023 made by the Company. We wish to inform you that the Company executives participated in Institutional Investors'' Meeting - Goldman .... || This is further to the disclosure dated November 16, 2023 made by the Company. We wish to inform you that the Company executives participated in the Fixed Income Investors'' Meeting - Standard .... || We enclose the information regarding loss of share certificate(s) for 5,232 shares received from the shareholder(s) of the Company on November 20, 2023.",False,2023-11-21
500325_87,500325,Reliance Industries Ltd,2023-11-22 18:11:01.800,DissemDT,Context-Dependent,Investor / Analyst,3,"1fa39171-2855-4961-865c-0a0f1d6779f0, f7a56b57-912a-431b-9fa3-3072a557cbd9, e2ae1150-f3de-4e06-ab85-a187e6f2f540",Analyst / Investor Meet; General; Reg. 39 (3) - Details of Loss of Certificate / Duplicate Certificate,"Please note that the Company executives will be participating in the Institutional Investors' Meeting - CLSA India Forum on November 29 & 30, 2023 at Mumbai. It is expected that the meeting .... || This is further to the disclosure dated November 16, 2023 made by the Company. We wish to inform you that the Company executives participated in Institutional Investors'' Meeting - JM Financial .... || We enclose the information regarding loss of share certificate(s) for 4,547 shares received from the shareholder(s) of the Company on November 21, 2023.",False,2023-11-22
500325_88,500325,Reliance Industries Ltd,2023-11-23 17:36:25.263,DissemDT,Routine / Lower Signal,Regulatory / Compliance,1,635db99d-b482-4996-9540-38c608fe2166,Reg. 39 (3) - Details of Loss of Certificate / Duplicate Certificate,"We enclose the information regarding loss of share certificate(s) for 7,658 shares received from the shareholder(s) of the Company on November 22, 2023.",False,2023-11-23
500325_89,500325,Reliance Industries Ltd,2023-11-24 17:05:58.357,DissemDT,Routine / Lower Signal,Regulatory / Compliance,1,1a606923-fffe-4a67-8950-69c013a742cf,Reg. 39 (3) - Details of Loss of Certificate / Duplicate Certificate,"We enclose the information regarding loss of share certificate(s) received from the shareholder(s) of the Company on November 23, 2023 and November 24, 2023 aggregating to 5,864 shares.",False,2023-11-24
500325_9,500325,Reliance Industries Ltd,2023-08-28 16:56:02.110,DissemDT,Potentially Price-Sensitive,Board / Management,1,0212d7ac-9a4c-418b-8400-1bd32cc8784e,AGM,Please find attached a presentation on Key Highlights from Forty-sixth Annual General Meeting (Post-IPO)- Perspective for Investors.,False,2023-08-28
500325_90,500325,Reliance Industries Ltd,2023-11-28 18:21:05.663,DissemDT,Routine / Lower Signal,Regulatory / Compliance,1,8114d16d-54a0-4877-b772-bd7b7f5497e3,Reg. 39 (3) - Details of Loss of Certificate / Duplicate Certificate,"We enclose the details of Letter(s) of Confirmation issued by the Company to its shareholders, in lieu of share certificate(s) reported as lost by them.",False,2023-11-28
500325_91,500325,Reliance Industries Ltd,2023-11-29 18:46:18.980,DissemDT,Routine / Lower Signal,Regulatory / Compliance,1,cbbee29d-0280-478d-953a-e20900129adb,Reg. 39 (3) - Details of Loss of Certificate / Duplicate Certificate,"We enclose the information regarding loss of share certificate(s) for 3,110 shares received from the shareholder(s) of the Company on November 28, 2023.",False,2023-11-29
500325_92,500325,Reliance Industries Ltd,2023-11-30 17:53:42.167,DissemDT,Context-Dependent,Investor / Analyst,1,2f900f64-9070-491b-a305-4930602ecbd1,General,"This is further to the disclosure dated November 22, 2023 made by the Company. We wish to inform you that the Company executives participated in the Institutional Investors'' Meeting - ....",False,2023-11-30
500325_93,500325,Reliance Industries Ltd,2023-11-30 18:53:26.780,DissemDT,Routine / Lower Signal,Regulatory / Compliance,1,933061f3-30f1-4753-bc9f-d3d4bf684ace,Reg. 39 (3) - Details of Loss of Certificate / Duplicate Certificate,"We enclose the information regarding loss of share certificate(s) for 5,905 shares received from the shareholder(s) of the Company on November 29, 2023.",False,2023-11-30
500325_94,500325,Reliance Industries Ltd,2023-12-01 16:48:52.400,DissemDT,Potentially Price-Sensitive,Business / Strategic,2,"dbe68038-f858-4468-a73e-d116687aec0b, c9749021-e715-47db-aa91-4bb8e2a8165e",Reg. 39 (3) - Details of Loss of Certificate / Duplicate Certificate; General,"We enclose the information regarding loss of share certificate(s) for 3,277 shares received from the shareholder(s) of the Company on December 01, 2023. || Notice for payment of the Second Tranche Amount of Rs. 50,000 per debenture by the holders of 7.79% Secured, Redeemable, Non-Convertible Debentures - PPD Series P is attached.
",False,2023-12-01
500325_95,500325,Reliance Industries Ltd,2023-12-04 18:18:41.220,DissemDT,Routine / Lower Signal,Regulatory / Compliance,1,b759cdd7-0b8c-40c0-8768-39ee9bde88c5,Reg. 39 (3) - Details of Loss of Certificate / Duplicate Certificate,"We enclose the details of Letter(s) of Confirmation issued by the Company to its shareholders, in lieu of share certificate(s) reported as lost by them.",False,2023-12-04
500325_96,500325,Reliance Industries Ltd,2023-12-05 18:28:16.063,DissemDT,Routine / Lower Signal,Regulatory / Compliance,1,f07f05bc-89dc-4e33-85cc-37e87105dc7c,Reg. 39 (3) - Details of Loss of Certificate / Duplicate Certificate,"We enclose the information regarding loss of share certificate(s) for 3,922 shares received from the shareholder(s) of the Company on December 04, 2023.",False,2023-12-05
500325_97,500325,Reliance Industries Ltd,2023-12-06 17:35:50.553,DissemDT,Routine / Lower Signal,Regulatory / Compliance,1,0a6edf9e-79f8-4202-9371-ae8ad90571da,Reg. 39 (3) - Details of Loss of Certificate / Duplicate Certificate,"We enclose the information regarding loss of share certificate(s) for 6,485 shares received from the shareholder(s) of the Company on December 05, 2023",False,2023-12-06
500325_98,500325,Reliance Industries Ltd,2023-12-07 17:54:29.243,DissemDT,Routine / Lower Signal,Regulatory / Compliance,1,052e0799-18d5-4c0b-84ec-a1bf4dbb122d,General,"Disclosure under Regulation 30 of the Securities and Exchange Board of India (Listing Obligations and Disclosure Requirements) Regulations, 2015 - Details of guarantees given by the Company ....",False,2023-12-07
500325_99,500325,Reliance Industries Ltd,2023-12-07 18:45:18.963,DissemDT,Routine / Lower Signal,Regulatory / Compliance,1,77b77c9d-0da8-471c-9c6c-1399928368fb,Reg. 39 (3) - Details of Loss of Certificate / Duplicate Certificate,"We enclose the information regarding loss of share certificate(s) for 11,645 shares received from the shareholder(s) of the Company on December 06, 2023.",False,2023-12-07
541154_1,541154,Hindustan Aeronautics Ltd,2023-08-23 17:38:08.580,DissemDT,Potentially Price-Sensitive,Corporate Actions,1,d9de7773-d48b-4140-904a-6f736773dc4c,Dividend Updates,Announcement as attached,False,2023-08-23
541154_10,541154,Hindustan Aeronautics Ltd,2023-09-27 11:39:34.073,DissemDT,Routine / Lower Signal,Other,1,bde12ea9-f065-480f-b23e-424ae5248130,Closure of Trading Window,announcement as attached,False,2023-09-27
541154_100,541154,Hindustan Aeronautics Ltd,2024-10-24 16:48:42.280,DissemDT,Potentially Price-Sensitive,Financial Results,1,34045dc6-c5b7-41a2-8102-2d84bf383cdd,Board Meeting,"Hindustan Aeronautics Ltdhas informed BSE that the meeting of the Board of Directors of the Company is scheduled on 14/11/2024 ,inter alia, to consider and approve announcement attached",True,2024-10-24
541154_101,541154,Hindustan Aeronautics Ltd,2024-10-30 10:41:24.790,DissemDT,Routine / Lower Signal,Regulatory / Compliance,1,51e25c03-6d86-4cd6-a01d-61c02bbdbd48,Change in Management,Announcement attached,False,2024-10-30
541154_102,541154,Hindustan Aeronautics Ltd,2024-11-08 16:56:00.827,DissemDT,Potentially Price-Sensitive,Business / Strategic,1,5382ef0f-f672-4839-af49-66816018628a,Award of Order / Receipt of Order,announcement attached,False,2024-11-08
541154_103,541154,Hindustan Aeronautics Ltd,2024-11-14 12:54:09.897,DissemDT,Potentially Price-Sensitive,Financial Results,2,"279bd8f3-490d-4f1a-b722-085c6a70106a, 19e48e9a-3323-40f7-8300-037760fb55bd",Financial Results; Outcome of Board Meeting,Announcement attached || Appointment of CFO,True,2024-11-14
541154_104,541154,Hindustan Aeronautics Ltd,2024-11-26 10:08:30.620,DissemDT,Routine / Lower Signal,Other,2,"5c51ed2a-cf03-4662-a923-7983ab0cbc5d, e3bb597c-7e1c-49a6-8b88-b63ad55b23c7",General,Announcement attached || Announcement attached,False,2024-11-26
541154_105,541154,Hindustan Aeronautics Ltd,2024-11-26 17:28:42.897,DissemDT,Potentially Price-Sensitive,Board / Management,1,36071c8f-3142-48a8-99f6-91f3ba26a9a9,Change in Directorate,Announcement attached,False,2024-11-26
541154_106,541154,Hindustan Aeronautics Ltd,2024-11-28 16:04:09.537,DissemDT,Routine / Lower Signal,Regulatory / Compliance,1,7e7bb4e8-99f2-42af-83e2-f3f2e9d14c03,Change in Management,Announcement as attached,False,2024-11-28
541154_107,541154,Hindustan Aeronautics Ltd,2024-12-04 10:12:59.637,DissemDT,Routine / Lower Signal,Other,1,f84fb90d-dcbc-4ede-897c-6ac479e4e69a,General,Announcement attached,False,2024-12-04
541154_108,541154,Hindustan Aeronautics Ltd,2024-12-09 18:17:31.860,DissemDT,Routine / Lower Signal,Other,1,11bc7e76-f61a-4d07-8e17-c0d1fb14f409,General,Announcement attached,False,2024-12-09
541154_109,541154,Hindustan Aeronautics Ltd,2024-12-13 08:47:01.800,DissemDT,Potentially Price-Sensitive,Business / Strategic,1,cbc91555-690e-4601-9767-e14925bf617d,Award of Order / Receipt of Order,Announcement attached,False,2024-12-13
541154_11,541154,Hindustan Aeronautics Ltd,2023-09-28 09:44:56.390,DissemDT,Routine / Lower Signal,Other,1,05bffb6c-7370-4b4d-a023-148f6eafc2e1,General,Announcement as attached,False,2023-09-28
541154_110,541154,Hindustan Aeronautics Ltd,2024-12-18 12:46:35.267,DissemDT,Routine / Lower Signal,Regulatory / Compliance,1,dacb87d9-6468-4313-a895-a0f9eef581a5,General,Announcement attached,False,2024-12-18
541154_111,541154,Hindustan Aeronautics Ltd,2024-12-27 16:39:07.627,DissemDT,Routine / Lower Signal,Other,1,1cd6d935-0459-4ea6-9804-4eadd4b4a196,Closure of Trading Window,Announcement attached,False,2024-12-27
541154_112,541154,Hindustan Aeronautics Ltd,2024-12-27 17:16:45.283,DissemDT,Potentially Price-Sensitive,Board / Management,2,"9ae3c4fd-d969-4ad8-be3d-12d5700af571, bbb46ab9-dec6-436c-bfe2-b35eb5dcd3bf",Change in Directorate; Change in Management,Announcement attached || Announcement attached,False,2024-12-27
541154_113,541154,Hindustan Aeronautics Ltd,2025-01-01 13:17:39.483,DissemDT,Routine / Lower Signal,Regulatory / Compliance,1,733dfd19-792a-4678-a14e-4b365c8e886f,Change in Management,Announcement attached,False,2025-01-01
541154_114,541154,Hindustan Aeronautics Ltd,2025-01-08 11:50:54.943,DissemDT,Routine / Lower Signal,Other,1,00124407-81d2-41fb-9460-9f988526d024,General,Announcement attached,False,2025-01-08
541154_115,541154,Hindustan Aeronautics Ltd,2025-01-27 16:55:15.453,DissemDT,Potentially Price-Sensitive,Financial Results,1,24e91348-2b08-4421-a532-ee99efa4bf5d,Board Meeting,"Hindustan Aeronautics Ltdhas informed BSE that the meeting of the Board of Directors of the Company is scheduled on 12/02/2025 ,inter alia, to consider and approve Announcement as attached",True,2025-01-27
541154_116,541154,Hindustan Aeronautics Ltd,2025-01-30 10:51:45.840,DissemDT,Routine / Lower Signal,Regulatory / Compliance,1,bf8cda52-6ee9-4a5f-b870-9fd39fc8db9e,Change in Management,Attachment as announcement,False,2025-01-30
541154_117,541154,Hindustan Aeronautics Ltd,2025-02-04 17:01:24.397,DissemDT,Potentially Price-Sensitive,Corporate Actions,2,"a4b9e6f6-f9b4-4e43-8aac-979692f7ed82, c7a2a206-8d85-455d-982a-bcbedef6a901",Board Meeting; Record Date,"Hindustan Aeronautics Ltdhas informed BSE that the meeting of the Board of Directors of the Company is scheduled on 12/02/2025 ,inter alia, to consider and approve In continuation to our .... || Announcement attached",False,2025-02-04
541154_118,541154,Hindustan Aeronautics Ltd,2025-02-06 17:26:25.550,DissemDT,Routine / Lower Signal,Other,1,8e6d969e-f225-4009-9990-dbb3af4f9292,General,announcement attached,False,2025-02-06
541154_119,541154,Hindustan Aeronautics Ltd,2025-02-07 17:40:19.680,DissemDT,Potentially Price-Sensitive,Corporate Actions,1,88e1f17b-ccee-413b-a8a1-21cfcc1c3e8c,Record Date,Announcement as attached,False,2025-02-07
541154_12,541154,Hindustan Aeronautics Ltd,2023-09-28 15:33:33.123,DissemDT,Routine / Lower Signal,Regulatory / Compliance,1,37259a63-1a32-47cb-81f9-b8baf907866b,Change in Management,Announcement as attached.,False,2023-09-28
541154_120,541154,Hindustan Aeronautics Ltd,2025-02-12 12:15:32.170,DissemDT,Routine / Lower Signal,Regulatory / Compliance,1,7aa1ff46-e113-4a27-8fcd-3513b4617e18,Clarification,"The Exchange has sought clarification from Hindustan Aeronautics Ltd on February 12, 2025, with reference to news appeared in https://www.moneycontrol.com dated February 12, 2025 quoting ....",False,2025-02-12
541154_121,541154,Hindustan Aeronautics Ltd,2025-02-12 13:33:04.110,DissemDT,Potentially Price-Sensitive,Financial Results,3,"ea3ea8a5-4858-43fe-8b14-2e2af6a9ecf4, e45a952e-cd8b-4798-b869-4247abc5f515, 53f1d3bb-4b9d-46fb-9147-d17adf961e0a",Financial Results; Outcome of Board Meeting; Integrated Filing (Financial),announcement attached || announcement attached || announcement attached,True,2025-02-12
541154_122,541154,Hindustan Aeronautics Ltd,2025-02-12 17:58:30.563,DissemDT,Routine / Lower Signal,Regulatory / Compliance,1,6aa48e0d-31ee-4834-92a8-4ffdcec77ac3,General,Announcement attached,False,2025-02-12
541154_123,541154,Hindustan Aeronautics Ltd,2025-02-13 16:17:36.957,DissemDT,Routine / Lower Signal,Other,1,3063f76e-1470-4a5b-9196-40d7ce782a98,General,announcement as attached,False,2025-02-13
541154_124,541154,Hindustan Aeronautics Ltd,2025-02-17 14:16:17.087,DissemDT,Potentially Price-Sensitive,Corporate Actions,1,a2d09b0b-da8f-495c-850b-411629dd1a3c,General,announcement attached,False,2025-02-17
541154_125,541154,Hindustan Aeronautics Ltd,2025-02-21 17:18:31.627,DissemDT,Routine / Lower Signal,Other,1,7ad2c719-2c69-4b47-a239-55b5d528ed86,General,Announcement attached,False,2025-02-21
541154_126,541154,Hindustan Aeronautics Ltd,2025-02-27 14:14:48.780,DissemDT,Potentially Price-Sensitive,Board / Management,2,"8f49eec9-e3ee-4bed-9e12-4d3e72970cbe, 3bd3b785-8f05-4786-b573-8e5d7d9e3113",Change in Management; Change in Directorate,Announcement as attached || Announcement as attached,False,2025-02-27
541154_127,541154,Hindustan Aeronautics Ltd,2025-03-06 11:53:57.477,DissemDT,Routine / Lower Signal,Other,1,f30f991c-a813-4d63-a748-3d95d27f0ac4,General,Announcement attached,False,2025-03-06
541154_128,541154,Hindustan Aeronautics Ltd,2025-03-18 14:22:40.403,DissemDT,Routine / Lower Signal,Regulatory / Compliance,1,5b9ac54d-b019-49f0-95dd-36e9f526c1f5,General,Announcement attached,False,2025-03-18
541154_129,541154,Hindustan Aeronautics Ltd,2025-03-22 15:32:39.970,DissemDT,Routine / Lower Signal,Regulatory / Compliance,1,3e19aed8-eaad-4e06-800a-9e7c7944a243,General,announcement attached,False,2025-03-22
541154_13,541154,Hindustan Aeronautics Ltd,2023-10-04 17:31:35.727,DissemDT,Context-Dependent,Investor / Analyst,1,9aad184a-7203-4aac-9335-d8af8c7b6557,Press Release / Media Release,Announcement as attached,False,2023-10-04
541154_130,541154,Hindustan Aeronautics Ltd,2025-03-27 09:50:32.853,DissemDT,Potentially Price-Sensitive,Credit / Financing,4,"29346dd5-6864-45ae-8a05-9b2cb61b09f7, c39c5284-1c23-4a29-a4e0-6e7e99eb3045, e37478fc-212d-4e98-b936-38fe48037629, e5d94954-6d14-4acd-b5e4-050cc9e12c27",Change in Management; General; Closure of Trading Window; Credit Rating,Announcement as attached || Announcement as attached || Announcement as attached || Announcement as attached,False,2025-03-27
541154_131,541154,Hindustan Aeronautics Ltd,2025-03-27 17:14:20.557,DissemDT,Potentially Price-Sensitive,Business / Strategic,1,afaf2398-5c9c-4d4c-9a1a-08e1abae7597,General,Announcement attached,False,2025-03-27
541154_132,541154,Hindustan Aeronautics Ltd,2025-03-28 20:12:00.080,DissemDT,Potentially Price-Sensitive,Business / Strategic,1,dec0ee79-838e-4e6f-a6c6-ac451bdcb551,Award of Order / Receipt of Order,Announcement as attached,False,2025-03-28
541154_133,541154,Hindustan Aeronautics Ltd,2025-03-31 18:36:30.993,DissemDT,Context-Dependent,Investor / Analyst,1,2677225c-e317-4e05-99de-8ebefa20c38a,Press Release / Media Release,Announcement as attached,False,2025-03-31
541154_134,541154,Hindustan Aeronautics Ltd,2025-04-01 15:25:21.657,DissemDT,Routine / Lower Signal,Regulatory / Compliance,1,77a61815-7a87-4241-9f10-f987da129d03,Change in Management,Announcement attached,False,2025-04-01
541154_135,541154,Hindustan Aeronautics Ltd,2025-04-08 16:51:09.840,DissemDT,Routine / Lower Signal,Other,1,a2c4cea2-89f2-4a5a-b628-f9950f4683d2,General,Announcement attached,False,2025-04-08
541154_136,541154,Hindustan Aeronautics Ltd,2025-04-11 10:22:56.367,DissemDT,Context-Dependent,Investor / Analyst,1,3beb4b6f-d72a-4444-805d-f332b5d5396c,Press Release / Media Release,Announcement as attached,False,2025-04-11
541154_137,541154,Hindustan Aeronautics Ltd,2025-04-11 16:07:14.450,DissemDT,Routine / Lower Signal,Other,1,b799c20e-e615-4a5e-819f-10a6a9a3c69e,General,announcement as attached,False,2025-04-11
541154_138,541154,Hindustan Aeronautics Ltd,2025-04-17 12:44:30.927,DissemDT,Potentially Price-Sensitive,Board / Management,1,0100c3f8-bcf8-414d-a4c8-fb75bbc9b2e6,Outcome without intimation,Announcement as attached,False,2025-04-17
541154_139,541154,Hindustan Aeronautics Ltd,2025-04-24 11:54:06.570,DissemDT,Potentially Price-Sensitive,Board / Management,1,1c82f5d5-c065-4ecd-8e92-915a0a682dc4,Change in Directorate,Announcement as attached,False,2025-04-24
541154_14,541154,Hindustan Aeronautics Ltd,2023-10-13 09:17:22.817,DissemDT,Routine / Lower Signal,Regulatory / Compliance,1,9c3e0404-15dc-4c7a-83b6-d48c72178974,"Certificate under Reg. 74 (5) of SEBI (DP) Regulations, 2018",attached,False,2023-10-13
541154_140,541154,Hindustan Aeronautics Ltd,2025-05-01 16:59:59.223,DissemDT,Context-Dependent,Investor / Analyst,2,"7268b80d-1c03-4a97-b40f-6e32f18dbded, b869304d-7cae-438c-94aa-f071494612a9",Press Release / Media Release,Announcement as attached || Announcement as attached,False,2025-05-01
541154_141,541154,Hindustan Aeronautics Ltd,2025-05-06 16:43:20.703,DissemDT,Potentially Price-Sensitive,Financial Results,1,f8d8c234-c652-4a6e-82c0-097cf1ea53cd,Board Meeting,"Hindustan Aeronautics Ltdhas informed BSE that the meeting of the Board of Directors of the Company is scheduled on 14/05/2025 ,inter alia, to consider and approve the audited financial ....",True,2025-05-06
541154_142,541154,Hindustan Aeronautics Ltd,2025-05-06 20:21:41.830,DissemDT,Potentially Price-Sensitive,Board / Management,1,dc585788-efd0-4827-a8f8-7bc883e5d4ef,Change in Directorate,Announcement as attached,False,2025-05-06
541154_143,541154,Hindustan Aeronautics Ltd,2025-05-09 12:09:09.750,DissemDT,Routine / Lower Signal,Other,1,d883bc21-9e9d-4181-b68c-3458972021e7,General,Announcement as attached,False,2025-05-09
541154_144,541154,Hindustan Aeronautics Ltd,2025-05-13 19:42:50.850,DissemDT,Context-Dependent,Investor / Analyst,1,d330afcd-3367-48c0-91c9-2e630dbd106b,Analyst / Investor Meet,Announcement attached,False,2025-05-13
541154_145,541154,Hindustan Aeronautics Ltd,2025-05-14 13:19:27.863,DissemDT,Potentially Price-Sensitive,Financial Results,1,d2a1d4d3-ac40-4e44-980f-889d0df2d7f1,Financial Results,Announcement as attached,True,2025-05-14
541154_146,541154,Hindustan Aeronautics Ltd,2025-05-15 17:43:24.300,DissemDT,Potentially Price-Sensitive,Board / Management,1,2a92ee97-a195-41dc-9864-ffcea4edce0f,Change in Directorate,Announcement as attached,False,2025-05-15
541154_147,541154,Hindustan Aeronautics Ltd,2025-05-16 18:19:06.087,DissemDT,Context-Dependent,Investor / Analyst,1,86ea0989-ac61-4055-9918-361a6d5fe906,Analyst / Investor Meet,Announcement as attached,False,2025-05-16
541154_148,541154,Hindustan Aeronautics Ltd,2025-05-20 16:53:17.753,DissemDT,Routine / Lower Signal,Other,1,ed280a3b-383e-428a-9c0c-4fb9e097dbfe,General,Announcement as Attached,False,2025-05-20
541154_149,541154,Hindustan Aeronautics Ltd,2025-05-21 11:47:01.703,DissemDT,Routine / Lower Signal,Regulatory / Compliance,1,1207d38e-eb86-4c58-be07-ee7eea0c7581,Reg.24(A)-Annual Secretarial Compliance,"Annual Secretarial Compliance Report for the year ended March 31, 2025, is attached",False,2025-05-21
541154_15,541154,Hindustan Aeronautics Ltd,2023-10-26 17:15:55.253,DissemDT,Potentially Price-Sensitive,Financial Results,1,7d417911-eea5-4b40-a0bf-7c9a469db6b3,Board Meeting,"Hindustan Aeronautics Ltdhas informed BSE that the meeting of the Board of Directors of the Company is scheduled on 10/11/2023 ,inter alia, to consider and approve announcement as attached",True,2023-10-26
541154_150,541154,Hindustan Aeronautics Ltd,2025-05-21 16:59:16.160,DissemDT,Potentially Price-Sensitive,Board / Management,1,e2052aab-cd60-4271-bbe2-625d8ae90ae5,Change in Directorate,Announcement as attached,False,2025-05-21
541154_151,541154,Hindustan Aeronautics Ltd,2025-05-22 14:14:22.957,DissemDT,Context-Dependent,Investor / Analyst,1,234b397d-6a73-4442-b96e-295cbb6fe2c8,Analyst / Investor Meet,Transcript is attached,False,2025-05-22
541154_152,541154,Hindustan Aeronautics Ltd,2025-05-29 15:57:23.277,DissemDT,Routine / Lower Signal,Regulatory / Compliance,1,d6d9ff59-b253-4c98-9e82-70d30a2d806f,Change in Management,announcement is attached,False,2025-05-29
541154_153,541154,Hindustan Aeronautics Ltd,2025-06-04 17:10:11.273,DissemDT,Context-Dependent,Investor / Analyst,1,567c0d7c-3b2e-40c9-bb01-62621c25e6e1,Press Release / Media Release,Announcement as attached,False,2025-06-04
541154_154,541154,Hindustan Aeronautics Ltd,2025-06-19 17:27:30.507,DissemDT,Potentially Price-Sensitive,Corporate Actions,1,77fd82bd-647f-477f-a177-17f28876bd8b,Board Meeting,"Hindustan Aeronautics Ltdhas informed BSE that the meeting of the Board of Directors of the Company is scheduled on 27/06/2025 ,inter alia, to consider and approve for considering Final ....",False,2025-06-19
541154_155,541154,Hindustan Aeronautics Ltd,2025-06-20 15:34:53.100,DissemDT,Routine / Lower Signal,Other,1,62a9c523-47ca-4d8c-b228-2b7f3ffcf4c2,General,Announcement as attached,False,2025-06-20
541154_156,541154,Hindustan Aeronautics Ltd,2025-06-26 16:48:23.777,DissemDT,Routine / Lower Signal,Regulatory / Compliance,1,35d30802-22c1-4003-8695-b337136736c1,Change in Management,Announcement as attached,False,2025-06-26
541154_157,541154,Hindustan Aeronautics Ltd,2025-06-27 16:43:54.640,DissemDT,Potentially Price-Sensitive,Corporate Actions,3,"51c387c8-fd63-4ec0-a82c-d3169fc643eb, ae7aeaf1-f5ae-448d-af55-468e6c620bff, f69dae77-8587-4684-b9f3-e2892b6ba1a3",Outcome of Board Meeting; Record Date; General,Announcement as attached || Announcement as attached || Announcement as attached,False,2025-06-27
541154_158,541154,Hindustan Aeronautics Ltd,2025-07-01 18:06:27.320,DissemDT,Routine / Lower Signal,Regulatory / Compliance,1,fadbb677-aaf2-4eb8-afc1-b6b691a49b4e,Change in Management,announcement is attached,False,2025-07-01
541154_159,541154,Hindustan Aeronautics Ltd,2025-07-11 11:14:35.073,DissemDT,Potentially Price-Sensitive,Corporate Actions,1,d04cfd95-2685-4c8c-aa5a-a33aa87b6acb,General,Announcement as attached,False,2025-07-11
541154_16,541154,Hindustan Aeronautics Ltd,2023-10-27 15:31:20.277,DissemDT,Context-Dependent,Investor / Analyst,1,366f88cd-337a-4d61-8a2a-7f69d2234fa2,Press Release / Media Release,Announcement as attached,False,2023-10-27
541154_160,541154,Hindustan Aeronautics Ltd,2025-07-16 08:56:50.483,DissemDT,Potentially Price-Sensitive,Board / Management,2,"06046be9-2cd3-45dc-9cde-4b4e68de29cc, 3dc55cb8-a85e-423b-8738-02be1f7776cf",Change in Directorate,Announcement as attached || Announcement as attached,False,2025-07-16
541154_161,541154,Hindustan Aeronautics Ltd,2025-07-28 13:54:30.197,DissemDT,Routine / Lower Signal,Regulatory / Compliance,1,ebb8a2cd-c17e-41f1-8c08-7baf6d21018d,Change in Management,Announcement as attached,False,2025-07-28
541154_162,541154,Hindustan Aeronautics Ltd,2025-07-30 10:44:47.490,DissemDT,Potentially Price-Sensitive,Board / Management,2,"7c5964cb-f4b4-4250-bff4-c276981fd9fd, a209a73e-0050-4ef3-a75c-30c7b56ec924",AGM; Reg. 34 (1) Annual Report,Announcement attached || Annual Report is attached,False,2025-07-30
541154_163,541154,Hindustan Aeronautics Ltd,2025-07-30 11:33:00.950,DissemDT,Routine / Lower Signal,Regulatory / Compliance,1,58b79df7-8ce1-4b00-9af5-882940d2c693,Business Responsibility and Sustainability Reporting (BRSR),BRSR is attached,False,2025-07-30
541154_164,541154,Hindustan Aeronautics Ltd,2025-08-01 15:54:43.153,DissemDT,Routine / Lower Signal,Regulatory / Compliance,1,0c2a1d50-5f57-466e-a836-70c9853df2b6,Newspaper Publication,announcement is attached,False,2025-08-01
541154_165,541154,Hindustan Aeronautics Ltd,2025-08-07 10:32:44.780,DissemDT,Potentially Price-Sensitive,Financial Results,1,21cceb2f-ad3a-43a4-a6a7-e6f81aed6338,Board Meeting,"Hindustan Aeronautics Ltdhas informed BSE that the meeting of the Board of Directors of the Company is scheduled on 12/08/2025 ,inter alia, to consider and approve the Audited Financial ....",True,2025-08-07
541154_166,541154,Hindustan Aeronautics Ltd,2025-08-12 14:20:48.130,DissemDT,Potentially Price-Sensitive,Financial Results,1,9caa1578-fa54-47a3-bdfb-0daf94ff809f,Financial Results,Financial results for the quarter ending 30th June 2025,True,2025-08-12
541154_167,541154,Hindustan Aeronautics Ltd,2025-08-21 08:51:46.907,DissemDT,Routine / Lower Signal,Other,1,265fd57f-7c59-41c2-8dd6-3ce29d2fa516,General,announcement as attached,False,2025-08-21
541154_168,541154,Hindustan Aeronautics Ltd,2025-08-25 15:57:28.227,DissemDT,Routine / Lower Signal,Regulatory / Compliance,1,6fead696-d3ca-4bed-ad3c-37befeb52839,Change in Management,Announcement as attached,False,2025-08-25
541154_169,541154,Hindustan Aeronautics Ltd,2025-08-28 17:36:23.920,DissemDT,Potentially Price-Sensitive,Board / Management,1,3b76183e-735f-457c-a728-c3ddc888915c,AGM,Proceedings of 62nd Annual General Meeting,False,2025-08-28
541154_17,541154,Hindustan Aeronautics Ltd,2023-10-31 09:24:14.387,DissemDT,Routine / Lower Signal,Regulatory / Compliance,1,96641a64-8c49-4042-9016-5c7447c6bb5e,Change in Management,annoauncement as attached.,False,2023-10-31
541154_170,541154,Hindustan Aeronautics Ltd,2025-08-29 18:56:33.080,DissemDT,Potentially Price-Sensitive,Board / Management,3,"3632b504-f524-4204-929a-d3770ce27a54, 21378654-6568-44a0-9d47-46e3740d8645, 5e79ff4c-5700-485d-8ac3-0696efaedfdc",General; AGM,Announcement as attached || Voting Results of 62nd AGM and Report of the Scrutinizer || announcement as attached,False,2025-08-29
541154_171,541154,Hindustan Aeronautics Ltd,2025-09-01 12:54:46.813,DissemDT,Routine / Lower Signal,Other,1,eb22f3fd-9ae9-40c1-9531-b467206f2413,General,Announcement as attached,False,2025-09-01
541154_172,541154,Hindustan Aeronautics Ltd,2025-09-09 17:45:33.860,DissemDT,Routine / Lower Signal,Other,1,edb29826-e655-40d5-abff-9b222581ee06,General,Announcement as attached,False,2025-09-09
541154_173,541154,Hindustan Aeronautics Ltd,2025-09-10 10:50:48.617,DissemDT,Context-Dependent,Investor / Analyst,1,d7e5b42d-f392-48e7-8729-da6ddcc5c2b9,Press Release / Media Release,Announcement as attached,False,2025-09-10
541154_174,541154,Hindustan Aeronautics Ltd,2025-09-12 13:27:18.543,DissemDT,Potentially Price-Sensitive,Board / Management,1,a6f07680-925b-47bc-b615-1545c29ed0f7,Appointment of Statutory Auditor/s,Announcement as attached,False,2025-09-12
541154_175,541154,Hindustan Aeronautics Ltd,2025-09-25 15:54:56.560,DissemDT,Potentially Price-Sensitive,Credit / Financing,1,256680b6-d70b-4e32-b49b-072c1c00bfbe,Credit Rating,Announcement as attached,False,2025-09-25
541154_176,541154,Hindustan Aeronautics Ltd,2025-09-25 19:27:51.217,DissemDT,Potentially Price-Sensitive,Business / Strategic,1,1c509b77-1864-4095-b936-1faaf40b416d,Award of Order / Receipt of Order,announcement as attached,False,2025-09-25
541154_177,541154,Hindustan Aeronautics Ltd,2025-09-26 15:01:13.350,DissemDT,Routine / Lower Signal,Other,1,efb801e3-6588-44ae-850e-8318ab6e508d,Closure of Trading Window,Attachment as Attached,False,2025-09-26
541154_178,541154,Hindustan Aeronautics Ltd,2025-10-08 09:49:35.583,DissemDT,Context-Dependent,Investor / Analyst,1,a30d312c-b9bf-43cf-b2e0-32d144bc22fb,Analyst / Investor Meet,announcement is attached,False,2025-10-08
541154_179,541154,Hindustan Aeronautics Ltd,2025-10-17 17:10:24.617,DissemDT,Routine / Lower Signal,Other,1,590bc0a7-dd78-4be5-9736-653175bbd650,General,announcement as attached,False,2025-10-17
541154_18,541154,Hindustan Aeronautics Ltd,2023-11-09 16:09:03.940,DissemDT,Context-Dependent,Investor / Analyst,1,3c3abc47-790c-4a71-97fd-83543a5b898c,Press Release / Media Release,Announcement as attached,False,2023-11-09
541154_180,541154,Hindustan Aeronautics Ltd,2025-10-28 11:15:18.087,DissemDT,Context-Dependent,Investor / Analyst,1,2fa7ccc3-d5e4-4f30-b100-0a52c3700478,Press Release / Media Release,Announcement as attached,False,2025-10-28
541154_181,541154,Hindustan Aeronautics Ltd,2025-11-04 14:54:31.273,DissemDT,Potentially Price-Sensitive,Financial Results,1,c01f2838-33c1-4d71-b075-dea64da72405,Board Meeting,"Hindustan Aeronautics Ltdhas informed BSE that the meeting of the Board of Directors of the Company is scheduled on 12/11/2025 ,inter alia, to consider and approve the Audited Financial ....",True,2025-11-04
541154_182,541154,Hindustan Aeronautics Ltd,2025-11-07 17:37:17.243,DissemDT,Routine / Lower Signal,Other,1,edcba3d9-d5c5-4583-8033-4346c50f9518,General,Announcement is attached,False,2025-11-07
541154_183,541154,Hindustan Aeronautics Ltd,2025-11-12 14:25:04.373,DissemDT,Potentially Price-Sensitive,Financial Results,1,074483ed-7e0b-41ee-b275-4c9d6fa747f4,Financial Results,Announcement as attached,True,2025-11-12
541154_184,541154,Hindustan Aeronautics Ltd,2025-11-24 12:14:54.193,DissemDT,Routine / Lower Signal,Regulatory / Compliance,2,"8b8d9dc4-a326-4b27-b469-36ee28e2fd17, 5195e6a8-f8db-4eeb-8a1e-2d31d07d15cf",Clarification; General,"The Exchange has sought clarification from Hindustan Aeronautics Ltd on November 24, 2025, with reference to news appeared in https://www.moneycontrol.com dated November 24, 2025 quoting .... || announcement is attached",False,2025-11-24
541154_185,541154,Hindustan Aeronautics Ltd,2025-11-24 14:40:00.870,DissemDT,Routine / Lower Signal,Regulatory / Compliance,1,0f6a92ed-cbcc-471f-bf62-73de775ab97a,General,attached,False,2025-11-24
541154_186,541154,Hindustan Aeronautics Ltd,2025-12-29 15:33:34.653,DissemDT,Routine / Lower Signal,Other,1,5886445e-c9f4-4b5e-bc66-0f48c3f7defe,Closure of Trading Window,Announcement as attached,False,2025-12-29
541154_187,541154,Hindustan Aeronautics Ltd,2026-01-01 16:55:30.353,DissemDT,Routine / Lower Signal,Regulatory / Compliance,1,5e85d65c-9c68-469a-94c9-8786be76008e,Change in Management,announcement as attached,False,2026-01-01
541154_188,541154,Hindustan Aeronautics Ltd,2026-01-19 14:13:25.163,DissemDT,Routine / Lower Signal,Other,1,a293cd25-e84c-4e90-b7fa-7e2ebacbd9fb,General,Announcement as attached,False,2026-01-19
541154_189,541154,Hindustan Aeronautics Ltd,2026-01-28 16:03:20.487,DissemDT,Routine / Lower Signal,Regulatory / Compliance,1,b5d7cc11-36f5-4da7-b5ae-fac83a503bf5,Clarification,"The Exchange has sought clarification from Hindustan Aeronautics Ltd on January 28, 2026, with reference to news appeared in https://www.thehindubusinessline.com dated January 27, 2026 ....",False,2026-01-28
541154_19,541154,Hindustan Aeronautics Ltd,2023-11-10 10:12:45.103,DissemDT,Potentially Price-Sensitive,Business / Strategic,1,6f15a038-24d4-4efb-b8ef-3e1d6d4faa31,Joint Venture,Announcement as attached.,False,2023-11-10
541154_190,541154,Hindustan Aeronautics Ltd,2026-01-28 18:15:03.547,DissemDT,Routine / Lower Signal,Regulatory / Compliance,1,78a362e8-f059-46cb-aaa3-0da085ff0f6d,General,Announcement as attached,False,2026-01-28
541154_191,541154,Hindustan Aeronautics Ltd,2026-01-28 19:12:50.697,DissemDT,Routine / Lower Signal,Regulatory / Compliance,1,f3aa0c39-9885-4f67-8428-92177ae21335,General,Announcement as attached,False,2026-01-28
541154_192,541154,Hindustan Aeronautics Ltd,2026-01-29 17:23:31.960,DissemDT,Potentially Price-Sensitive,Business / Strategic,1,25974554-8c7c-485f-b1fb-9b4b72c20b0d,Award of Order / Receipt of Order,Announcement as attached,False,2026-01-29
541154_193,541154,Hindustan Aeronautics Ltd,2026-01-30 19:01:23.143,DissemDT,Routine / Lower Signal,Regulatory / Compliance,1,a6c3b638-ffbf-4914-ab43-026540bd6b44,Clarification,"The Exchange has sought clarification from Hindustan Aeronautics Ltd, with reference to news appeared in https:// economictimes.indiatimes.com dated January 29, 2026 (Link: https://economictimes.indiatimes.com/industry/transportation/airlines-/-aviation/russia-boosts-indias-aircraft-manufacturing-industry/articleshow/127773089.cms) ....",False,2026-01-30
541154_194,541154,Hindustan Aeronautics Ltd,2026-02-02 11:05:56.113,DissemDT,Routine / Lower Signal,Regulatory / Compliance,1,b46f8791-97d2-4f2e-863b-87734b196e27,General,announcement as attached,False,2026-02-02
541154_195,541154,Hindustan Aeronautics Ltd,2026-02-04 11:21:48.490,DissemDT,Routine / Lower Signal,Regulatory / Compliance,1,2fad9b10-92cd-4bf3-a094-01f9ba482deb,Clarification,"The Exchange has sought clarification from Hindustan Aeronautics Ltd on February 4, 2026, with reference to news appeared in https://www.business-standard.com/ dated February 4, 2026 quoting ....",False,2026-02-04
541154_196,541154,Hindustan Aeronautics Ltd,2026-02-04 12:12:17.490,DissemDT,Routine / Lower Signal,Regulatory / Compliance,1,f0171551-cfb2-41b3-9a72-a750cc9e5fc3,General,announcement as attached,False,2026-02-04
541154_197,541154,Hindustan Aeronautics Ltd,2026-02-04 16:14:59.987,DissemDT,Potentially Price-Sensitive,Financial Results,2,"60d42269-87f5-429c-8062-3d44fec7ef53, 414ec989-5ead-4e13-abd8-25fea7642340",Press Release / Media Release; Board Meeting,"Announcement as attached || Hindustan Aeronautics Ltdhas informed BSE that the meeting of the Board of Directors of the Company is scheduled on 12/02/2026 ,inter alia, to consider and approve the Audited Financial ....",True,2026-02-04
541154_198,541154,Hindustan Aeronautics Ltd,2026-02-05 10:48:52.980,DissemDT,Context-Dependent,Investor / Analyst,1,ed66258b-a22c-47a1-aa4b-3c8f305c50a6,Press Release / Media Release,Announcement as attached,False,2026-02-05
541154_199,541154,Hindustan Aeronautics Ltd,2026-02-12 13:16:40.387,DissemDT,Potentially Price-Sensitive,Financial Results,3,"6b2f033b-d40d-4af7-9c7a-8f51b35f55bc, a57e5cdd-789b-4d80-ae76-e044593f66f2, 4c32380a-4353-4de0-91d8-bae2c7b27e4e",Outcome of Board Meeting; Dividend; Record Date,Announcement as attached || Announcement as attached || Announcement as attached,True,2026-02-12
541154_2,541154,Hindustan Aeronautics Ltd,2023-08-28 17:56:31.123,DissemDT,Routine / Lower Signal,Regulatory / Compliance,1,5d789c9b-6590-4157-a9c4-2a661aeae2bd,General,Announcement as attached,False,2023-08-28
541154_20,541154,Hindustan Aeronautics Ltd,2023-11-10 13:50:21.300,DissemDT,Potentially Price-Sensitive,Financial Results,1,04d4f6fc-f7c9-4811-a62b-f7aa40d38d03,Financial Results,announcement as attached,True,2023-11-10
541154_200,541154,Hindustan Aeronautics Ltd,2026-02-12 18:32:15.723,DissemDT,Potentially Price-Sensitive,Business / Strategic,1,797896ef-6217-4a41-a40d-b81c817803c2,General,Announcement as attached,False,2026-02-12
541154_201,541154,Hindustan Aeronautics Ltd,2026-02-13 09:50:20.100,DissemDT,Routine / Lower Signal,Regulatory / Compliance,1,d31f2ff5-a9af-4688-b0e9-534e182ad93e,General,announcement as attached,False,2026-02-13
541154_202,541154,Hindustan Aeronautics Ltd,2026-02-18 16:23:42.257,DissemDT,Context-Dependent,Investor / Analyst,1,24c5dd2b-7cdf-4229-b2bf-13e290a86ac5,Analyst / Investor Meet,Announcement as attached,False,2026-02-18
541154_203,541154,Hindustan Aeronautics Ltd,2026-02-23 14:39:18.237,DissemDT,Routine / Lower Signal,Regulatory / Compliance,1,cfa7b514-97b0-4e45-8e62-baf501c19ed4,General,Announcement as attached,False,2026-02-23
541154_204,541154,Hindustan Aeronautics Ltd,2026-03-03 17:17:33.930,DissemDT,Potentially Price-Sensitive,Business / Strategic,1,a887288b-eed6-4d9f-a3eb-c899b1ce62ce,Award of Order / Receipt of Order,Announcement as attached,False,2026-03-03
541154_205,541154,Hindustan Aeronautics Ltd,2026-03-10 12:06:38.817,DissemDT,Potentially Price-Sensitive,Credit / Financing,1,28271cfe-618f-479c-97e1-18542a1e44a4,Credit Rating,Announcement as attached,False,2026-03-10
541154_206,541154,Hindustan Aeronautics Ltd,2026-03-30 16:09:11.337,DissemDT,Routine / Lower Signal,Other,1,43702a35-89f3-4c0d-b38a-0b77043edc6e,Closure of Trading Window,Announcement as attached,False,2026-03-30
541154_207,541154,Hindustan Aeronautics Ltd,2026-03-31 19:11:39.173,DissemDT,Context-Dependent,Investor / Analyst,1,3afd5a46-73d2-41c6-ba1e-1c106fe0d97f,Press Release / Media Release,Announcement as attached,False,2026-03-31
541154_208,541154,Hindustan Aeronautics Ltd,2026-04-01 09:49:41.137,DissemDT,Routine / Lower Signal,Regulatory / Compliance,1,a8bb12e1-aa4f-4866-b2ff-660471a55dc5,Change in Management,Announcement as attached,False,2026-04-01
541154_209,541154,Hindustan Aeronautics Ltd,2026-04-06 10:42:33.150,DissemDT,Potentially Price-Sensitive,Board / Management,1,48c0177f-6ac7-4007-8a69-11ca2ea35fb8,Resignation of Director,"Resignation of Dr. S D Premkumar, Independent Director",False,2026-04-06
541154_21,541154,Hindustan Aeronautics Ltd,2023-11-23 09:59:47.980,DissemDT,Routine / Lower Signal,Regulatory / Compliance,1,36c3a940-faab-4632-b619-850d148d4b5a,General,Announcement as attached,False,2023-11-23
541154_210,541154,Hindustan Aeronautics Ltd,2026-04-28 17:07:09.343,DissemDT,Routine / Lower Signal,Other,1,18d27756-afef-45c5-ac40-64669d4899ef,General,Announcement as attached,False,2026-04-28
541154_211,541154,Hindustan Aeronautics Ltd,2026-05-01 09:07:04.460,DissemDT,Potentially Price-Sensitive,Board / Management,1,d4ec1d39-56d8-423a-8945-3e47117e999b,Change in Directorate,Announcement as attached,False,2026-05-01
541154_212,541154,Hindustan Aeronautics Ltd,2026-05-01 12:52:37.053,DissemDT,Potentially Price-Sensitive,Board / Management,2,"b9125622-7267-45fa-bc72-48aa547d670f, 0446d64b-d3ac-40fd-8846-6c6117e2df07",Change in Directorate; General,Change in Directorate || Announcement as attached,False,2026-05-01
541154_213,541154,Hindustan Aeronautics Ltd,2026-05-04 15:24:45.817,DissemDT,Potentially Price-Sensitive,Financial Results,1,9dd749ae-e8a1-4117-b99e-8095ac617cd5,Board Meeting,"Hindustan Aeronautics Ltdhas informed BSE that the meeting of the Board of Directors of the Company is scheduled on 14/05/2026 ,inter alia, to consider and approve Audited Financial Results ....",True,2026-05-04
541154_214,541154,Hindustan Aeronautics Ltd,2026-05-11 14:28:20.087,DissemDT,Context-Dependent,Investor / Analyst,1,fb3bf768-0e7d-4b0a-a858-99d8704e7258,Analyst / Investor Meet,Announcement as attached,False,2026-05-11
541154_215,541154,Hindustan Aeronautics Ltd,2026-05-11 16:48:57.887,DissemDT,Routine / Lower Signal,Other,1,46a3ef14-4294-4598-a8f0-53da239c6c04,General,Announcement attached,False,2026-05-11
541154_216,541154,Hindustan Aeronautics Ltd,2026-05-14 12:40:46.420,DissemDT,Potentially Price-Sensitive,Financial Results,1,6cef8f26-381f-4da0-8565-f581a3896c6c,Financial Results,Announcement as attached,True,2026-05-14
541154_217,541154,Hindustan Aeronautics Ltd,2026-05-15 17:48:33.453,DissemDT,Context-Dependent,Investor / Analyst,1,34bcdef4-136b-4938-b233-d120acc0eae2,Analyst / Investor Meet,Announcement as attached,False,2026-05-15
541154_218,541154,Hindustan Aeronautics Ltd,2026-05-22 11:30:42.703,DissemDT,Context-Dependent,Investor / Analyst,1,21f2fd6e-6726-4e10-8655-db15a6fb7eb6,Analyst / Investor Meet,Transcript is attached,False,2026-05-22
541154_219,541154,Hindustan Aeronautics Ltd,2026-05-27 10:54:31.323,DissemDT,Routine / Lower Signal,Regulatory / Compliance,1,0e54b531-e13f-4477-837f-0b78e57af984,Change in Management,Announcement as attached,False,2026-05-27
541154_22,541154,Hindustan Aeronautics Ltd,2023-11-27 15:48:19.053,DissemDT,Routine / Lower Signal,Regulatory / Compliance,1,4cbfcb1a-31df-4423-81a7-1d68961c1305,Change in Management,Announcement as attached,False,2023-11-27
541154_220,541154,Hindustan Aeronautics Ltd,2026-06-16 15:56:03.047,DissemDT,Potentially Price-Sensitive,Corporate Actions,1,012b1d27-9e20-4b4d-bceb-559d2794b2df,Board Meeting,"Hindustan Aeronautics Ltdhas informed BSE that the meeting of the Board of Directors of the Company is scheduled on 29/06/2026 ,inter alia, to consider and approve Final Dividend for the FY 2025-26",False,2026-06-16
541154_221,541154,Hindustan Aeronautics Ltd,2026-06-26 12:07:49.293,DissemDT,Routine / Lower Signal,Regulatory / Compliance,1,fbd7e3f1-ac5d-4227-8e32-4d6ef275da4a,Change in Management,Announcement as attached,False,2026-06-26
541154_222,541154,Hindustan Aeronautics Ltd,2026-06-29 12:39:51.553,DissemDT,Potentially Price-Sensitive,Corporate Actions,3,"77134515-c43e-46eb-8652-21f707527be5, fad5944e-32bb-492f-8a05-f3d2fc99c3d1, e8591d75-796f-4a27-becb-c258a472b509",Outcome of Board Meeting; Record Date; Change in Management,Board has Recommended the Final Dividend of Rs. 10 per share for the FY 2025-26 || Announcement as attached || The Board has appointed the Cost Auditors for the FY 2026-27,False,2026-06-29
541154_223,541154,Hindustan Aeronautics Ltd,2026-07-01 14:15:29.970,DissemDT,Routine / Lower Signal,Regulatory / Compliance,1,d52bca64-76b2-4e6a-8f19-96ba395530f5,Change in Management,Announcement as attached,False,2026-07-01
541154_224,541154,Hindustan Aeronautics Ltd,2026-07-29 14:59:12.227,DissemDT,Routine / Lower Signal,Other,1,e42c1dc2-b7df-4a5e-998b-71e9d6c3ec0e,General,announcement is attached,False,2026-07-29
541154_225,541154,Hindustan Aeronautics Ltd,2026-07-29 17:03:27.650,DissemDT,Routine / Lower Signal,Regulatory / Compliance,1,b7bb3ea2-ef1b-47bf-b084-6fef11dbff2e,Change in Management,Announcement as attached,False,2026-07-29
541154_226,541154,Hindustan Aeronautics Ltd,2026-07-31 17:26:57.033,DissemDT,Potentially Price-Sensitive,Financial Results,1,9c75d8a8-0687-41cf-b5b5-cff180a7ae37,Board Meeting,"Hindustan Aeronautics Ltdhas informed BSE that the meeting of the Board of Directors of the Company is scheduled on 12/08/2026 ,inter alia, to consider and approve audited financial results ....",True,2026-07-31
541154_227,541154,Hindustan Aeronautics Ltd,2026-08-04 10:28:29.267,DissemDT,Potentially Price-Sensitive,Board / Management,3,"a645bf9d-feea-4853-a6f6-09a644844752, 655d5823-4afb-4fe6-bccf-e30853143c61, 3e4c10cc-c9ad-4f15-8623-29dcd9edffb7",Reg. 34 (1) Annual Report; AGM; Business Responsibility and Sustainability Reporting (BRSR),Annual Report for the FY 2025-26 is attached || Announcement attached || Announcement is attached.,False,2026-08-04
541154_228,541154,Hindustan Aeronautics Ltd,2026-08-05 11:57:22.827,DissemDT,Routine / Lower Signal,Regulatory / Compliance,1,c5a7daaa-1e09-4be0-901b-1ce4383fc626,Newspaper Publication,Announcement is attached,False,2026-08-05
541154_229,541154,Hindustan Aeronautics Ltd,2026-08-12 14:07:34.347,DissemDT,Potentially Price-Sensitive,Financial Results,1,26ada054-2010-42e6-be95-6c89b1f2460a,Financial Results,Announcement as attached,True,2026-08-12
541154_23,541154,Hindustan Aeronautics Ltd,2023-11-30 16:58:49.090,DissemDT,Routine / Lower Signal,Other,1,e7535904-adec-4ab2-b989-06e2d6ce00e8,General,Announcement as attached,False,2023-11-30
541154_24,541154,Hindustan Aeronautics Ltd,2023-12-11 14:27:28.523,DissemDT,Routine / Lower Signal,Other,1,b1e4c60b-4b0a-4d5e-86fc-386bc0162310,General,general  announcement as attached,False,2023-12-11
541154_25,541154,Hindustan Aeronautics Ltd,2023-12-28 09:50:15.987,DissemDT,Routine / Lower Signal,Regulatory / Compliance,1,2280341e-6b4e-450a-86cd-1bc0f1e03d00,Change in Management,enclosed as attachment,False,2023-12-28
541154_26,541154,Hindustan Aeronautics Ltd,2023-12-28 11:11:19.263,DissemDT,Routine / Lower Signal,Other,1,e2fa5d84-f36d-4edd-b2a5-e3ec04f096f7,Closure of Trading Window,Enclosed as attachment,False,2023-12-28
541154_27,541154,Hindustan Aeronautics Ltd,2024-01-10 16:33:17.763,DissemDT,Routine / Lower Signal,Regulatory / Compliance,1,5dd98343-31aa-4523-976f-674307e32792,"Certificate under Reg. 74 (5) of SEBI (DP) Regulations, 2018",Enclosed as attachment,False,2024-01-10
541154_28,541154,Hindustan Aeronautics Ltd,2024-01-31 10:10:23.180,DissemDT,Routine / Lower Signal,Regulatory / Compliance,1,68a03107-c0d9-4038-93ae-aacbb34b9741,Change in Management,Announcement as attached,False,2024-01-31
541154_29,541154,Hindustan Aeronautics Ltd,2024-02-01 09:02:32.033,DissemDT,Potentially Price-Sensitive,Financial Results,2,"2ea42db2-fd30-42f5-bf0b-f2b587403ea2, d2a78992-0c11-4136-91f7-99884bbc5490",General; Board Meeting,"announcement attached || Hindustan Aeronautics Ltdhas informed BSE that the meeting of the Board of Directors of the Company is scheduled on 12/02/2024 ,inter alia, to consider and approve Announcement attached",True,2024-02-01
541154_3,541154,Hindustan Aeronautics Ltd,2023-08-31 17:56:43.077,DissemDT,Potentially Price-Sensitive,Board / Management,1,a68a35aa-c8cb-40f8-b6f7-a065af684a3b,AGM,Proceedings / Outcome of the 60th Annual General Meeting of the Company,False,2023-08-31
541154_30,541154,Hindustan Aeronautics Ltd,2024-02-05 17:10:36.863,DissemDT,Potentially Price-Sensitive,Board / Management,1,08c4fee8-f75b-40a7-992d-891053cae6b7,Board Meeting,"Hindustan Aeronautics Ltdhas informed BSE that the meeting of the Board of Directors of the Company is scheduled on 12/02/2024 ,inter alia, to consider and approve Update on board meeting",False,2024-02-05
541154_31,541154,Hindustan Aeronautics Ltd,2024-02-12 14:03:01.463,DissemDT,Potentially Price-Sensitive,Financial Results,3,"7ac7975a-d6fa-430f-86c7-5446fe76f5c8, 86dce48f-9b38-4dd0-9e02-57749021b871, 4356944a-0315-4c09-9796-a11b831d5376",Financial Results; Outcome of Board Meeting,Announcement as attached || Announcement as attached || Announcement as attached,True,2024-02-12
541154_32,541154,Hindustan Aeronautics Ltd,2024-02-13 17:22:38.503,DissemDT,Potentially Price-Sensitive,Corporate Actions,1,908e8e1c-0df5-4943-aa44-1e4bb2704e1a,Dividend Updates,Announcement as attached,False,2024-02-13
541154_33,541154,Hindustan Aeronautics Ltd,2024-02-23 12:05:42.263,DissemDT,Routine / Lower Signal,Regulatory / Compliance,2,"ea14ba12-5384-4a2e-8dd7-0daf8096ce73, 2559633b-075d-4ede-93be-c24cf4eb9336",General,Announcement as attached || Announcement as attached,False,2024-02-23
541154_34,541154,Hindustan Aeronautics Ltd,2024-03-01 15:01:39.527,DissemDT,Potentially Price-Sensitive,Business / Strategic,1,0ae9c444-5102-4fa0-8044-72948a2da078,Award of Order / Receipt of Order,Announcement is attached,False,2024-03-01
541154_35,541154,Hindustan Aeronautics Ltd,2024-03-06 13:29:34.663,DissemDT,Potentially Price-Sensitive,Credit / Financing,1,b57bbfd5-e5bc-433f-8c79-642fdf4d1db5,Credit Rating,Announcement is attached,False,2024-03-06
541154_36,541154,Hindustan Aeronautics Ltd,2024-03-06 16:37:11.427,DissemDT,Potentially Price-Sensitive,Business / Strategic,1,dfdf073c-7f32-4a4b-9c15-e990b9fbb721,General,announcement is attached,False,2024-03-06
541154_37,541154,Hindustan Aeronautics Ltd,2024-03-08 12:42:22.367,DissemDT,Routine / Lower Signal,Other,1,f8453bcb-4512-4e5e-a041-ca24d34c39fb,General,Announcement as attached,False,2024-03-08
541154_38,541154,Hindustan Aeronautics Ltd,2024-03-14 09:08:50.410,DissemDT,Potentially Price-Sensitive,Business / Strategic,1,1e6e11da-ebd7-49b7-ada7-ee4d16b0e8da,Award of Order / Receipt of Order,Announcement as attached,False,2024-03-14
541154_39,541154,Hindustan Aeronautics Ltd,2024-03-15 18:59:18.470,DissemDT,Potentially Price-Sensitive,Business / Strategic,1,b3d0d4b6-c239-43bb-aa73-3c7f25412dcb,Award of Order / Receipt of Order,Announcement is attached,False,2024-03-15
541154_4,541154,Hindustan Aeronautics Ltd,2023-09-01 16:15:05.740,DissemDT,Potentially Price-Sensitive,Board / Management,1,31cec2fa-69f9-4098-961d-c9845b8917bd,AGM,Details of Voting Results and Report of the Scrutinizer,False,2023-09-01
541154_40,541154,Hindustan Aeronautics Ltd,2024-03-20 10:24:19.050,DissemDT,Routine / Lower Signal,Other,1,7ff52839-d8ab-43eb-90b0-8c612e31710e,General,Announcement as attached,False,2024-03-20
541154_41,541154,Hindustan Aeronautics Ltd,2024-03-22 17:40:26.457,DissemDT,Potentially Price-Sensitive,Business / Strategic,1,98f25a40-7052-42b4-9102-72041a6119c7,Award of Order / Receipt of Order,Announcement as attached,False,2024-03-22
541154_42,541154,Hindustan Aeronautics Ltd,2024-03-25 14:37:58.517,DissemDT,Routine / Lower Signal,Regulatory / Compliance,1,66cbfc62-f50d-4dec-aeed-5fe3e28af179,General,announcement is attached,False,2024-03-25
541154_43,541154,Hindustan Aeronautics Ltd,2024-03-28 12:02:32.177,DissemDT,Routine / Lower Signal,Regulatory / Compliance,2,"20d63e5a-6da1-41d3-b8ca-2272e5803a13, 8901b81a-a202-4bed-8e3f-0d804ea8d70a",Change in Management; Closure of Trading Window,announcement is attached || announcement is attached,False,2024-03-28
541154_44,541154,Hindustan Aeronautics Ltd,2024-03-28 17:35:42.003,DissemDT,Potentially Price-Sensitive,Business / Strategic,1,47e421e4-cfda-44b1-aee9-bd2c74e03190,Award of Order / Receipt of Order,announcement is attached,False,2024-03-28
541154_45,541154,Hindustan Aeronautics Ltd,2024-04-01 11:59:17.443,DissemDT,Context-Dependent,Investor / Analyst,1,4857f3a8-a49c-47c6-b8a4-6ce232b9bdde,Press Release / Media Release,announcement is attached,False,2024-04-01
541154_46,541154,Hindustan Aeronautics Ltd,2024-04-01 12:56:59.413,DissemDT,Potentially Price-Sensitive,Business / Strategic,1,e82a08a9-0793-437d-8fbd-4522fe95d4d3,"Disclosures under Reg. 29(2) of SEBI (SAST) Regulations, 2011","The Exchange has received the disclosure under Regulation 29(2) of SEBI (Substantial Acquisition of Shares & Takeovers) Regulations, 2011 for SBICAP Trustee Company Ltd",False,2024-04-01
541154_47,541154,Hindustan Aeronautics Ltd,2024-04-05 16:36:52.020,DissemDT,Routine / Lower Signal,Regulatory / Compliance,1,6c4c1bc5-de83-4ac6-9e11-81516b9b670e,"Certificate under Reg. 74 (5) of SEBI (DP) Regulations, 2018",Announcement as attached,False,2024-04-05
541154_48,541154,Hindustan Aeronautics Ltd,2024-04-08 15:29:12.927,DissemDT,Routine / Lower Signal,Regulatory / Compliance,1,724b0997-ee0c-4aa0-b602-2d1064e579eb,Reg. 7(3) – Compliance Certificate (RTA & Compliance Officer),Attachment as enclosed,False,2024-04-08
541154_49,541154,Hindustan Aeronautics Ltd,2024-04-15 18:08:16.813,DissemDT,Routine / Lower Signal,Regulatory / Compliance,1,d93197c6-5008-40eb-8361-6f62c2105f11,Clarification,"The Exchange has sought clarification from Hindustan Aeronautics Ltd with respect to news article appearing on https://www.ndtvprofit.com dated April 13, 2024 (Link: https://www.ndtvprofit.com/nation/def-tejas-3) ....",False,2024-04-15
541154_5,541154,Hindustan Aeronautics Ltd,2023-09-01 17:01:27.883,DissemDT,Potentially Price-Sensitive,Corporate Actions,4,"1dc927a7-73bf-490f-be65-3a36e7119b6a, 6e4f0ba2-3234-4376-99c8-779b8c494450, e71b6c61-387e-45fd-a140-64bfee494ec3, 02f95dcd-6657-49c6-9f86-a69bdf9ca5e6",General; Amendments to Memorandum & Articles of Association; Sub-division / Stock Split; Record Date,Announcement attached || Announcement attached || Shareholders has approved sub-division of Equity Shares of the Company in 60th AGM held on 31.08.2023 || Announcement attached,False,2023-09-01
541154_50,541154,Hindustan Aeronautics Ltd,2024-04-16 13:33:46.737,DissemDT,Routine / Lower Signal,Regulatory / Compliance,1,ddf81bf9-68d9-45f1-81c3-406970330808,General,Company response is attached.,False,2024-04-16
541154_51,541154,Hindustan Aeronautics Ltd,2024-04-22 10:59:37.300,DissemDT,Routine / Lower Signal,Regulatory / Compliance,1,052242c6-1305-417c-abc1-9861b2e666e1,Reg. 40 (10) - PCS Certificate for Transfer / Transmission / Transposition,enclosed as attached,False,2024-04-22
541154_52,541154,Hindustan Aeronautics Ltd,2024-04-29 13:32:12.927,DissemDT,Routine / Lower Signal,Regulatory / Compliance,1,48092fe4-8d8f-48dc-8469-f9325a6b7da3,Change in Management,Enclosed as attachment,False,2024-04-29
541154_53,541154,Hindustan Aeronautics Ltd,2024-05-02 16:40:41.270,DissemDT,Potentially Price-Sensitive,Board / Management,1,21d4146e-da93-4f87-a2b8-520ccdae90a9,Board Meeting,"Hindustan Aeronautics Ltdhas informed BSE that the meeting of the Board of Directors of the Company is scheduled on 16/05/2024 ,inter alia, to consider and approve announcement attached",False,2024-05-02
541154_54,541154,Hindustan Aeronautics Ltd,2024-05-13 10:33:41.437,DissemDT,Context-Dependent,Investor / Analyst,1,95598f22-f9c6-4a84-9187-a11e095cfdbc,Analyst / Investor Meet,Announcement attached,False,2024-05-13
541154_55,541154,Hindustan Aeronautics Ltd,2024-05-17 18:17:03.740,DissemDT,Context-Dependent,Investor / Analyst,1,7b4017c4-9327-4f88-903e-d03ba95dd176,Analyst / Investor Meet,Announcement attached,False,2024-05-17
541154_56,541154,Hindustan Aeronautics Ltd,2024-05-23 10:50:16.497,DissemDT,Routine / Lower Signal,Regulatory / Compliance,1,d2f0dea4-a94e-4a0d-a7ee-2708531f71e5,General,Announcement attached,False,2024-05-23
541154_57,541154,Hindustan Aeronautics Ltd,2024-05-23 18:06:45.030,DissemDT,Context-Dependent,Investor / Analyst,1,3b3333cc-870d-4935-b5b0-c75615d238f6,Analyst / Investor Meet,Transcript is attached,False,2024-05-23
541154_58,541154,Hindustan Aeronautics Ltd,2024-05-29 14:41:45.277,DissemDT,Routine / Lower Signal,Regulatory / Compliance,1,e3124e1b-f4d3-442a-bfb9-9f41127d5e1b,Change in Management,Announcement attached,False,2024-05-29
541154_59,541154,Hindustan Aeronautics Ltd,2024-05-29 15:14:02.520,DissemDT,Routine / Lower Signal,Regulatory / Compliance,1,dcaa6155-7fb8-412c-b47f-f43e4a1c2010,Reg.24(A)-Annual Secretarial Compliance,Annual Secretarial Compliance Report is attached,False,2024-05-29
541154_6,541154,Hindustan Aeronautics Ltd,2023-09-12 14:31:50.297,DissemDT,Routine / Lower Signal,Other,1,7f854943-2b8a-4d5f-a4a7-4538081cd1d5,General,announcement attached.,False,2023-09-12
541154_60,541154,Hindustan Aeronautics Ltd,2024-06-04 16:14:51.420,DissemDT,Routine / Lower Signal,Other,1,32efe8e7-e343-449b-a1f1-7d16a83d271b,General,Announcement attached,False,2024-06-04
541154_61,541154,Hindustan Aeronautics Ltd,2024-06-05 16:07:06.327,DissemDT,Context-Dependent,Investor / Analyst,2,"f1a373f3-4f31-442d-996e-1fb762b078cd, 6f6d858f-e968-452b-ab2c-83a28d49bfbe",Press Release / Media Release; Analyst / Investor Meet,announcement attached || announcement is attached,False,2024-06-05
541154_62,541154,Hindustan Aeronautics Ltd,2024-06-10 11:35:31.163,DissemDT,Routine / Lower Signal,Regulatory / Compliance,1,6f156d58-a8bd-4b50-b5e1-4c59b2483a01,General,announcement is attached,False,2024-06-10
541154_63,541154,Hindustan Aeronautics Ltd,2024-06-17 15:06:56.513,DissemDT,Context-Dependent,Investor / Analyst,2,"5c866858-6cff-47bb-9488-3cfc41c7a2c3, 50c6e991-da79-4baf-b931-d73b6fdec67b",General; Analyst / Investor Meet,announcement attached || announcement is attached,False,2024-06-17
541154_64,541154,Hindustan Aeronautics Ltd,2024-06-19 11:49:51.017,DissemDT,Potentially Price-Sensitive,Corporate Actions,2,"c3b068ad-3f58-47f8-9dbb-4fcfe2f96f62, 0c3b826f-3ecc-4539-8b73-83fdea217256",Board Meeting; Closure of Trading Window,"Hindustan Aeronautics Ltdhas informed BSE that the meeting of the Board of Directors of the Company is scheduled on 26/06/2024 ,inter alia, to consider and approve Announcement attached || Announcement attached",False,2024-06-19
541154_65,541154,Hindustan Aeronautics Ltd,2024-06-26 13:47:06.993,DissemDT,Potentially Price-Sensitive,Corporate Actions,3,"bade889c-b760-4944-8aac-f8745084219f, a3ef14d0-74a4-4b30-b1a9-afc4c0d13e4d, 4268f8d4-a254-480f-856e-943c52b42dca",Outcome of Board Meeting; Record Date; General,announcement attached || announcement attached || announcement attached,False,2024-06-26
541154_66,541154,Hindustan Aeronautics Ltd,2024-06-27 12:18:19.857,DissemDT,Routine / Lower Signal,Regulatory / Compliance,1,e4ea0c11-febb-4c27-a95b-a257f40bfe90,Change in Management,Announcement attached,False,2024-06-27
541154_67,541154,Hindustan Aeronautics Ltd,2024-06-27 13:24:04.547,DissemDT,Routine / Lower Signal,Other,1,dc628023-8d24-4773-b52d-f4474a99bbe9,Closure of Trading Window,announcement attached,False,2024-06-27
541154_68,541154,Hindustan Aeronautics Ltd,2024-06-28 16:22:28.627,DissemDT,Potentially Price-Sensitive,Credit / Financing,1,a6eaa63c-a7c6-4ec5-884a-6ae4a63b5b6b,Credit Rating,announcement attached,False,2024-06-28
541154_69,541154,Hindustan Aeronautics Ltd,2024-07-01 17:20:33.010,DissemDT,Routine / Lower Signal,Regulatory / Compliance,1,161e05ae-a905-4cef-bac8-ec5773643487,Change in Management,announcement attached,False,2024-07-01
541154_7,541154,Hindustan Aeronautics Ltd,2023-09-15 17:22:38.493,DissemDT,Routine / Lower Signal,Other,1,a9b41833-c759-4490-b839-c4f0f0b89aac,General,Announcement attached,False,2023-09-15
541154_70,541154,Hindustan Aeronautics Ltd,2024-07-09 15:55:53.473,DissemDT,Routine / Lower Signal,Regulatory / Compliance,1,4e941a04-dd05-457a-917d-129981790ea8,"Certificate under Reg. 74 (5) of SEBI (DP) Regulations, 2018",announcement attached,False,2024-07-09
541154_71,541154,Hindustan Aeronautics Ltd,2024-07-18 17:40:11.040,DissemDT,Routine / Lower Signal,Other,1,cfd053d8-3273-4bd2-aa22-3918cde3cc82,General,announcement attached,False,2024-07-18
541154_72,541154,Hindustan Aeronautics Ltd,2024-07-31 09:55:51.887,DissemDT,Routine / Lower Signal,Regulatory / Compliance,2,"be6da925-97bd-4dca-9a7a-7b2d432c826d, dbbd4581-3623-4e18-a1b8-77d1d0a8d1c1",General; Change in Management,Announcement attached || Announcement  attached,False,2024-07-31
541154_73,541154,Hindustan Aeronautics Ltd,2024-07-31 12:23:46.163,DissemDT,Potentially Price-Sensitive,Financial Results,1,ef2df9af-4622-4cca-9124-29b390a68d27,Board Meeting,"Hindustan Aeronautics Ltdhas informed BSE that the meeting of the Board of Directors of the Company is scheduled on 14/08/2024 ,inter alia, to consider and approve announcement is attached",True,2024-07-31
541154_74,541154,Hindustan Aeronautics Ltd,2024-08-02 12:47:14.420,DissemDT,Potentially Price-Sensitive,Board / Management,2,"8e3cc7d8-8654-4aa3-8e67-898b36b66e98, ff287dcf-78ee-4a85-bc57-4067d418a267",AGM; Reg. 34 (1) Annual Report,announcement attached || annual report is attached,False,2024-08-02
541154_75,541154,Hindustan Aeronautics Ltd,2024-08-02 14:03:57.080,DissemDT,Potentially Price-Sensitive,Corporate Actions,2,"8fe379a3-d6ab-4f67-a7ef-9aae15eabcfc, cb9368d0-7861-4559-95d3-7d28f5e176e0",Business Responsibility and Sustainability Reporting (BRSR); Book Closure,BRSR is attached || announcement attached,False,2024-08-02
541154_76,541154,Hindustan Aeronautics Ltd,2024-08-05 15:51:39.240,DissemDT,Routine / Lower Signal,Regulatory / Compliance,1,5e82abfe-c691-439e-88cf-0871dfec1952,Newspaper Publication,announcement attached,False,2024-08-05
541154_77,541154,Hindustan Aeronautics Ltd,2024-08-06 11:54:31.190,DissemDT,Context-Dependent,Investor / Analyst,1,6e64a5b5-58bd-407e-8c90-9c8e87777c52,Analyst / Investor Meet,Announcement is attached,False,2024-08-06
541154_78,541154,Hindustan Aeronautics Ltd,2024-08-14 14:22:12.250,DissemDT,Potentially Price-Sensitive,Financial Results,1,b7ff9cb7-22e9-4d8d-9fc8-c6b56da97c64,Financial Results,Announcement attached,True,2024-08-14
541154_79,541154,Hindustan Aeronautics Ltd,2024-08-16 16:55:01.770,DissemDT,Routine / Lower Signal,Other,1,936f3f5f-ae3b-4012-8668-dca3f1155003,General,Announcement as attached,False,2024-08-16
541154_8,541154,Hindustan Aeronautics Ltd,2023-09-22 11:59:57.213,DissemDT,Potentially Price-Sensitive,Board / Management,1,0fc8c0e6-ea06-443c-b348-bd460df12bd6,Appointment of Statutory Auditor/s,Announcement as attached.,False,2023-09-22
541154_80,541154,Hindustan Aeronautics Ltd,2024-08-22 16:27:18.750,DissemDT,Routine / Lower Signal,Regulatory / Compliance,1,b1492edb-b95b-4b96-9e3e-45d6e4eb7dae,General,Announcement attached,False,2024-08-22
541154_81,541154,Hindustan Aeronautics Ltd,2024-08-28 17:10:50.710,DissemDT,Potentially Price-Sensitive,Board / Management,1,e6bb2c95-a05b-454b-ab4c-9642edd54981,AGM,announcement is attached,False,2024-08-28
541154_82,541154,Hindustan Aeronautics Ltd,2024-08-30 10:48:09.930,DissemDT,Routine / Lower Signal,Regulatory / Compliance,1,611cfb48-207f-4b7c-bef5-e712eb99fb38,Change in Management,Announcement attached,False,2024-08-30
541154_83,541154,Hindustan Aeronautics Ltd,2024-08-30 14:12:10.983,DissemDT,Potentially Price-Sensitive,Board / Management,3,"f1418cfa-1be8-43ba-88a5-aee9ae3402b0, 299a37a3-6d9a-446a-a98b-edfa0b3bf082, 4fffe4d9-1eb2-45e3-9c43-6d363a14b2cf",AGM; General; Press Release / Media Release,announcement attached. || announcement is attached || announcement attached,False,2024-08-30
541154_84,541154,Hindustan Aeronautics Ltd,2024-08-31 12:59:16.427,DissemDT,Potentially Price-Sensitive,Board / Management,1,fb4e7ae7-260d-4d8d-9c00-438443bf36a0,Change in Directorate,Announcement is attached,False,2024-08-31
541154_85,541154,Hindustan Aeronautics Ltd,2024-08-31 16:27:45.800,DissemDT,Potentially Price-Sensitive,Board / Management,1,c13c78f6-d451-4374-8956-f30002964691,Change in Directorate,announcement is attached,False,2024-08-31
541154_86,541154,Hindustan Aeronautics Ltd,2024-09-03 09:19:40.670,DissemDT,Potentially Price-Sensitive,Business / Strategic,1,564a6973-0988-4a7c-b1b0-28d04b3667e8,Award of Order / Receipt of Order,Announcement is attached,False,2024-09-03
541154_87,541154,Hindustan Aeronautics Ltd,2024-09-04 10:56:27.873,DissemDT,Routine / Lower Signal,Other,1,feaea29a-87ee-49fb-b304-bfa5cf19ea2f,General,Announcement attached,False,2024-09-04
541154_88,541154,Hindustan Aeronautics Ltd,2024-09-06 17:45:34.060,DissemDT,Routine / Lower Signal,Regulatory / Compliance,1,50717e10-50e3-48e8-8709-9da13a212440,General,Announcement attached,False,2024-09-06
541154_89,541154,Hindustan Aeronautics Ltd,2024-09-09 16:33:12.170,DissemDT,Potentially Price-Sensitive,Business / Strategic,1,10f66c8a-b804-4cae-965d-81f612feb7d2,Award of Order / Receipt of Order,announcement is attached,False,2024-09-09
541154_9,541154,Hindustan Aeronautics Ltd,2023-09-26 14:03:11.733,DissemDT,Potentially Price-Sensitive,Board / Management,1,82a5c19b-0a74-4db9-b3ac-8836b1fd9e17,Appointment of Statutory Auditor/s,Additional details w.r.t. appointment of statutory auditors of the Company for the FY 2023-24.,False,2023-09-26
541154_90,541154,Hindustan Aeronautics Ltd,2024-09-09 17:16:13.580,DissemDT,Potentially Price-Sensitive,Board / Management,1,4a708f9e-b4d7-4794-8e39-ca296c2ce682,Change in Directorate,Announcement is attached,False,2024-09-09
541154_91,541154,Hindustan Aeronautics Ltd,2024-09-10 18:55:24.823,DissemDT,Potentially Price-Sensitive,Board / Management,1,d6b77f31-00ff-4b6b-8a0c-4c960b1ae801,Change in Directorate,Announcement attached,False,2024-09-10
541154_92,541154,Hindustan Aeronautics Ltd,2024-09-13 19:25:10.780,DissemDT,Potentially Price-Sensitive,Board / Management,1,ed011730-6db0-4b27-8976-08de15cf6e0b,Change in Directorate,announcement is attached,False,2024-09-13
541154_93,541154,Hindustan Aeronautics Ltd,2024-09-16 10:47:12.270,DissemDT,Routine / Lower Signal,Regulatory / Compliance,1,555929b9-cce0-4cec-b3d0-bf62aaade46c,General,announcement is attached,False,2024-09-16
541154_94,541154,Hindustan Aeronautics Ltd,2024-09-24 16:32:02.380,DissemDT,Potentially Price-Sensitive,Board / Management,1,e6847a89-985f-466d-a3db-d8702c43c035,Appointment of Statutory Auditor/s,announcement is attached,False,2024-09-24
541154_95,541154,Hindustan Aeronautics Ltd,2024-09-27 10:04:21.763,DissemDT,Routine / Lower Signal,Other,1,866bf444-a985-4dc4-b5ce-19145475d595,Closure of Trading Window,Announcement as attached,False,2024-09-27
541154_96,541154,Hindustan Aeronautics Ltd,2024-09-27 10:34:34.963,DissemDT,Routine / Lower Signal,Regulatory / Compliance,1,e509fb41-6675-4009-9424-d2702412a144,Change in Management,Announcement as attached,False,2024-09-27
541154_97,541154,Hindustan Aeronautics Ltd,2024-10-14 14:42:27.777,DissemDT,Routine / Lower Signal,Other,1,642b8f5f-1f42-4f8c-a8dd-abb9470b94cd,General,announcement is attached,False,2024-10-14
541154_98,541154,Hindustan Aeronautics Ltd,2024-10-17 17:11:21.320,DissemDT,Routine / Lower Signal,Regulatory / Compliance,1,3b2a3d35-3d48-472a-b092-705bfa769a04,"Certificate under Reg. 74 (5) of SEBI (DP) Regulations, 2018",Announcement attached,False,2024-10-17
541154_99,541154,Hindustan Aeronautics Ltd,2024-10-22 16:51:44.140,DissemDT,Potentially Price-Sensitive,Board / Management,2,"84e10be5-0789-4193-a141-c421e93246d8, 4f8997ad-32bf-4742-b068-1109d7bdd93b",General; Change in Directorate,Announcement attached || announcement is attached,False,2024-10-22
542649_1,542649,Rail Vikas Nigam Ltd,2023-08-21 18:16:15.450,DissemDT,Potentially Price-Sensitive,Business / Strategic,1,596c1aa4-a879-472c-b864-dd4b52ca7c98,General,Formation of Wholly Owned Subsidiary by Rail Vikas Nigam Limited,False,2023-08-21
542649_10,542649,Rail Vikas Nigam Ltd,2023-09-03 12:03:47.423,DissemDT,Potentially Price-Sensitive,Board / Management,1,c059d93b-7b22-4358-82b8-15b6906fc05c,Newspaper Publication,Publication of Notice in Newspaper  regarding  20th Annual General Meeting (AGM) of the members of the Company.,False,2023-09-03
542649_100,542649,Rail Vikas Nigam Ltd,2024-05-28 14:03:08.007,DissemDT,Routine / Lower Signal,Other,1,b8a0bc6e-099c-42dc-922b-a8869154ad67,General,Rail Vikas Nigam Limited emerges as the Lowest Bidder (L1) from North Central Railway.,False,2024-05-28
542649_101,542649,Rail Vikas Nigam Ltd,2024-05-29 18:36:19.223,DissemDT,Potentially Price-Sensitive,Business / Strategic,1,0d5dc40e-a01e-48a5-b517-fc8d68ffc336,Award of Order / Receipt of Order,Letter of Acceptance received from South East Central Railway,False,2024-05-29
542649_102,542649,Rail Vikas Nigam Ltd,2024-06-03 18:32:14.380,DissemDT,Potentially Price-Sensitive,Business / Strategic,1,5ba7d632-cab0-41a8-b9cf-6c0afbb2f778,Award of Order / Receipt of Order,Letter of Acceptance received from South Central Railway.,False,2024-06-03
542649_103,542649,Rail Vikas Nigam Ltd,2024-06-05 15:28:00.980,DissemDT,Potentially Price-Sensitive,Business / Strategic,2,"28d9b55c-69fe-4706-8752-4037dfad9cfb, 812b507d-bad2-4a78-b85e-6d6f42f8afe2",General; Award of Order / Receipt of Order,Rail Vikas Nigam Limited emerges as the Lowest Bidder (L1) from Dakshin Haryana Bijli Vitran Nigam Limited. || Letter of Acceptance received from Eastern Railway.,False,2024-06-05
542649_104,542649,Rail Vikas Nigam Ltd,2024-06-06 17:01:35.980,DissemDT,Potentially Price-Sensitive,Business / Strategic,1,f823bcf2-b68d-465c-97ef-e379e5326861,Award of Order / Receipt of Order,Letter of Award received from National Thermal Power Corporation (NTPC),False,2024-06-06
542649_105,542649,Rail Vikas Nigam Ltd,2024-06-07 18:22:53.277,DissemDT,Potentially Price-Sensitive,Board / Management,2,"4d919e04-8a3f-49c5-b60e-11aff4bbe3d4, 89f68526-dc51-40ab-986e-1c160defd2d0",General; Change in Directorate,"M/s KRDCL-RVNL JV emerges as the Lowest Bidder (L1) from Southern Railway || Appointment of Shri N.C. Karmali, Executive Director (Coord.)/Gati Shakti, Railway Board as Part-time (Official) Government Nominee Director on the Board of Rail Vikas Nigam Limited.",False,2024-06-07
542649_106,542649,Rail Vikas Nigam Ltd,2024-06-10 17:52:08.023,DissemDT,Potentially Price-Sensitive,Business / Strategic,2,"93c3ac39-b006-40bb-bd1f-e16edbd179cd, 538b54ef-bb3b-4d1d-a8e1-556a324ba581",Award of Order / Receipt of Order; General,Letter of Acceptance received from Bangalore Metro Rail Corporation Ltd. (Siemens-RVNL). || Rail Vikas Nigam Limited emerges as the Lowest Bidder (L1) from Central Railway.,False,2024-06-10
542649_107,542649,Rail Vikas Nigam Ltd,2024-06-14 17:53:12.920,DissemDT,Routine / Lower Signal,Other,1,04a6d0e9-dfee-4013-9bc8-88476db990ee,General,RVNL emerges as the Lowest Bidder (L1) from East Coast Railway.,False,2024-06-14
542649_108,542649,Rail Vikas Nigam Ltd,2024-06-26 15:48:17.413,DissemDT,Routine / Lower Signal,Other,1,60e8cf3d-4fd3-410e-88c1-db526b4db129,Closure of Trading Window,Intimation of Trading Window Closure.,False,2024-06-26
542649_109,542649,Rail Vikas Nigam Ltd,2024-06-26 17:55:43.117,DissemDT,Potentially Price-Sensitive,Business / Strategic,1,afb49156-8f4d-4346-8e29-9a048fb7f779,Award of Order / Receipt of Order,M/s. KRDCL-RVNL JV has received Letter of Acceptance from Southern Railway.,False,2024-06-26
542649_11,542649,Rail Vikas Nigam Ltd,2023-09-04 17:58:42.867,DissemDT,Routine / Lower Signal,Other,1,d84886ac-b128-4566-a601-1f25a6b00f2d,General,M/s RVNL-MPCC JV emerges as the Lowest Bidder,False,2023-09-04
542649_110,542649,Rail Vikas Nigam Ltd,2024-06-27 14:01:44.827,DissemDT,Potentially Price-Sensitive,Business / Strategic,1,7b8af8bf-a33a-4d09-be95-feeae429f794,Award of Order / Receipt of Order,Letter of Acceptance received from North Central Railway.,False,2024-06-27
542649_111,542649,Rail Vikas Nigam Ltd,2024-06-27 17:33:06.880,DissemDT,Potentially Price-Sensitive,Business / Strategic,1,b2596a22-7271-4084-8693-e82945d34e89,General,Formation of Subsidiary Company in DUBAI by Rail Vikas Nigam Limited.,False,2024-06-27
542649_112,542649,Rail Vikas Nigam Ltd,2024-07-02 18:24:06.653,DissemDT,Routine / Lower Signal,Other,1,afff7b33-642b-4b64-b09a-ed0c52bd7e0e,General,Rail Vikas Nigam Limited emerges Lowest Bidder (L1) from Central Railway.,False,2024-07-02
542649_113,542649,Rail Vikas Nigam Ltd,2024-07-04 15:42:39.593,DissemDT,Potentially Price-Sensitive,Business / Strategic,1,93ebf90f-1536-47c0-b131-37d48b9723d2,Memorandum of Understanding /Agreements,Rail Vikas Nigam Limited Signed MoU with M/s Delhi Metro Rail Corporation Limited (DMRC).,False,2024-07-04
542649_114,542649,Rail Vikas Nigam Ltd,2024-07-08 14:40:12.447,DissemDT,Routine / Lower Signal,Regulatory / Compliance,1,a9a57b95-268c-4368-a686-9d77b09b2ddd,"Certificate under Reg. 74 (5) of SEBI (DP) Regulations, 2018","Certificate under Regulation 74(5) of SEBI (Depositories & Participants) Regulations, 2018 for the quarter ended 30.06.2024.",False,2024-07-08
542649_115,542649,Rail Vikas Nigam Ltd,2024-07-09 16:18:54.770,DissemDT,Routine / Lower Signal,Other,1,eb99caf3-4916-4084-99f5-d213435cce62,General,RVNL emerges as the Lowest Bidder (L1) from SER HQ-ELECTRICAL/SOUTH EASTERN RAILWAY.,False,2024-07-09
542649_116,542649,Rail Vikas Nigam Ltd,2024-07-09 19:15:04.693,DissemDT,Potentially Price-Sensitive,Business / Strategic,2,"661ae2b2-ea60-43b4-bbf0-3397366e5c0a, 42414e37-10a8-47ba-85eb-dd4b54203ebc",Memorandum of Understanding /Agreements; Award of Order / Receipt of Order,RVNL signed MOU M/s TATWEER Middle East and Africa LLC (TATWEER) || Letter of Acceptance received from Maharashtra Metro Rail Corporation Limited (Nagpur Metro),False,2024-07-09
542649_117,542649,Rail Vikas Nigam Ltd,2024-07-10 12:38:19.493,DissemDT,Potentially Price-Sensitive,Business / Strategic,1,3bda06ed-90f8-4f8c-a859-cdf32c4c020e,Memorandum of Understanding /Agreements,RVNL has signed MOU with M/s IMS Consultancy Private Limired (IMS),False,2024-07-10
542649_118,542649,Rail Vikas Nigam Ltd,2024-07-11 10:58:47.050,DissemDT,Potentially Price-Sensitive,Business / Strategic,1,506c5ee5-2f60-4b4f-a2e0-34cead76ffdf,Award of Order / Receipt of Order,RVNL has received Letter of Acceptance from Central Railway.,False,2024-07-11
542649_119,542649,Rail Vikas Nigam Ltd,2024-07-12 17:46:58.833,DissemDT,Potentially Price-Sensitive,Business / Strategic,1,ba3fed0e-d1ec-4966-bfd1-9c455fc3f693,Award of Order / Receipt of Order,RVNL has received Letter of Acceptance from Central Railway.,False,2024-07-12
542649_12,542649,Rail Vikas Nigam Ltd,2023-09-13 13:09:35.787,DissemDT,Routine / Lower Signal,Other,1,5d3aaf13-dbb3-477f-85f4-523dd3bef090,General,M/s RVNL-MPCC (JV) emerges as the Lowest Bidder.,False,2023-09-13
542649_120,542649,Rail Vikas Nigam Ltd,2024-07-15 14:40:30.517,DissemDT,Potentially Price-Sensitive,Business / Strategic,1,ddf45846-150d-4d4d-ba4e-998a6483a8d9,Award of Order / Receipt of Order,RVNL has received Letter of Acceptance from East Coast Railway.,False,2024-07-15
542649_121,542649,Rail Vikas Nigam Ltd,2024-07-19 12:56:44.753,DissemDT,Potentially Price-Sensitive,Business / Strategic,1,f88afd02-f80b-4766-b24a-f022f98c7585,Memorandum of Understanding /Agreements,"RVNL signed MoU with M/s United Construction Limited, Israel",False,2024-07-19
542649_122,542649,Rail Vikas Nigam Ltd,2024-07-24 19:07:41.987,DissemDT,Potentially Price-Sensitive,Business / Strategic,1,22040582-3378-4bac-a28e-ca3ce2610841,Award of Order / Receipt of Order,Letter of Acceptance received from SER HQ-ELECTRICAL/SOUTH EASTERN RAILWAY,False,2024-07-24
542649_123,542649,Rail Vikas Nigam Ltd,2024-07-29 16:37:30.523,DissemDT,Potentially Price-Sensitive,Financial Results,2,"753d2fc0-6610-4ca2-a0c0-764d763f9978, 6c5ed919-f5c2-40fc-a176-0ad18a4a0514",General; Board Meeting,"RVNL emerges as the Lowest Bidder (L1) || Rail Vikas Nigam Ltdhas informed BSE that the meeting of the Board of Directors of the Company is scheduled on 08/08/2024 ,inter alia, to consider and approve Rail Vikas Nigam Limited has ....",True,2024-07-29
542649_124,542649,Rail Vikas Nigam Ltd,2024-07-29 17:27:50.083,DissemDT,Routine / Lower Signal,Regulatory / Compliance,1,f0ebe316-8c86-4e28-8126-2aaa370c7509,Change in Management,Intimation regarding change in Senior Management -Superannuation.,False,2024-07-29
542649_125,542649,Rail Vikas Nigam Ltd,2024-07-31 15:41:39.040,DissemDT,Potentially Price-Sensitive,Business / Strategic,1,26091450-4420-4ab0-9905-2355b5a303ed,General,Extension of tenure of Director (Projects) (DP)-Rail Vikas Nigam Limited (RVNL),False,2024-07-31
542649_126,542649,Rail Vikas Nigam Ltd,2024-08-01 13:58:42.050,DissemDT,Potentially Price-Sensitive,Business / Strategic,1,1d5486bf-0bf6-4100-ad0c-35fec6dad15b,General,Formation of Subsidiary Company in Uzbekistan by Rail Vikas Nigam Limited,False,2024-08-01
542649_127,542649,Rail Vikas Nigam Ltd,2024-08-07 17:28:34.660,DissemDT,Context-Dependent,Investor / Analyst,1,53c10059-4b61-404c-969c-9fcd9af59f14,Analyst / Investor Meet,"Pursuant to the provisions of Regulation 30 read with Part A of Schedule III of the SEBI (Listing Obligations and Disclosure Requirements) Regulations, 2015, we wish to inform you that ....",False,2024-08-07
542649_128,542649,Rail Vikas Nigam Ltd,2024-08-08 14:15:07.523,DissemDT,Potentially Price-Sensitive,Financial Results,2,"8baa23a6-a2f1-4e52-84a5-28f400368b85, af7f6583-2293-422e-8760-37cd3ff678f7",Outcome of Board Meeting; Financial Results,"Pursuant to Regulation 30 & 33 of the SEBI (LODR) Regulations, 2015, the Unaudited Financial Results (Standalone & Consolidated) for the Quarter ended 30th June, 2024 (Q1-2024-25) have .... || Unaudited Financial Results (Standalone & Consolidated) for the quarter ended 30.06.2024",True,2024-08-08
542649_129,542649,Rail Vikas Nigam Ltd,2024-08-09 11:33:16.020,DissemDT,Potentially Price-Sensitive,Financial Results,1,22190614-33a4-491e-ac7a-18b5a9078df3,Newspaper Publication,Publication of Unaudited Financial Results (Standalone & Consolidated) for the quarter ended 30.06.2024.,True,2024-08-09
542649_13,542649,Rail Vikas Nigam Ltd,2023-09-21 18:24:26.490,DissemDT,Potentially Price-Sensitive,Business / Strategic,1,65abe92e-4ed6-4ece-b791-cafe4f213515,General,Formation of Joint Venture (JV) Company by Rail Vikas Nigam Limited,False,2023-09-21
542649_130,542649,Rail Vikas Nigam Ltd,2024-08-12 19:08:58.327,DissemDT,Context-Dependent,Investor / Analyst,1,3c230034-6769-4e62-be9b-4277a822bfc3,Analyst / Investor Meet,We write further to our letter of even no. dated 07.08.2024 regarding intimation of the Schedule of Conference Call with Investors. It is hereby informed that the Audio Recording of the ....,False,2024-08-12
542649_131,542649,Rail Vikas Nigam Ltd,2024-08-14 14:59:31.147,DissemDT,Routine / Lower Signal,Other,1,77b81dbf-117e-4ac4-81bd-0ce2e2bce30e,General,Intimation of Non-Deal Roadshow.,False,2024-08-14
542649_132,542649,Rail Vikas Nigam Ltd,2024-08-19 12:38:12.750,DissemDT,Context-Dependent,Investor / Analyst,1,df834b80-0e7b-4109-b814-bbf0bc549798,Earnings Call Transcript,Transcript of Conference call with Investors held on 12.08.2024.,False,2024-08-19
542649_133,542649,Rail Vikas Nigam Ltd,2024-08-21 15:54:32.790,DissemDT,Potentially Price-Sensitive,Business / Strategic,1,3d047a50-9eba-41ee-a2fb-546530815ecc,Memorandum of Understanding /Agreements,RVNL has signed MoU with M/s Dhaya Maju Infrastructure (Asia) Sdn Berhad (DMIA).,False,2024-08-21
542649_134,542649,Rail Vikas Nigam Ltd,2024-08-22 15:54:58.893,DissemDT,Routine / Lower Signal,Other,1,c8ff10e9-7c78-4c02-a595-291eeace50d1,General,Imposition of fine by NSE & BSE for the quarter ended 30.06.2024.,False,2024-08-22
542649_135,542649,Rail Vikas Nigam Ltd,2024-08-27 11:25:35.763,DissemDT,Routine / Lower Signal,Other,1,562323b1-f65b-40b8-9cd7-5e31d76a1c8b,General,Rail Vikas Nigam Limited emerges as the Lowest Bidder (L1) from Southern Railway.,False,2024-08-27
542649_136,542649,Rail Vikas Nigam Ltd,2024-08-29 18:41:39.253,DissemDT,Potentially Price-Sensitive,Business / Strategic,1,0635b693-ff81-4092-b927-6df7bbb16c2b,Memorandum of Understanding /Agreements,RVNL has signed MoU with M/s Patel Engineering Limited.,False,2024-08-29
542649_137,542649,Rail Vikas Nigam Ltd,2024-08-30 11:38:42.473,DissemDT,Potentially Price-Sensitive,Business / Strategic,1,81da716d-4bbc-4dff-a5ba-3916364bdc42,Award of Order / Receipt of Order,Letter of Acceptance received from SER HQ-ELECTRICAL/SOUTH EASTERN RAILWAY,False,2024-08-30
542649_138,542649,Rail Vikas Nigam Ltd,2024-08-30 16:10:44.310,DissemDT,Potentially Price-Sensitive,Corporate Actions,3,"78d81b4f-7c76-41ea-aa58-bb32f3f597cd, f51036a4-c9ab-40e0-8e10-8863e90858f4, 6e905077-9843-425d-b0a5-8bb05f1114ab",AGM; Record Date; Book Closure,"Intimation for the 21st Annual General Meeting (AGM), Book Closure, E-voting and fixation of Record Date for Final Dividend. || Intimation of Record date for Final Dividend for FY 2023-24. || Intimation of Date of Closure of Share Transfer Book.",False,2024-08-30
542649_139,542649,Rail Vikas Nigam Ltd,2024-08-31 15:03:57.713,DissemDT,Potentially Price-Sensitive,Board / Management,1,8c9d541b-f454-4ebd-8efd-23d6468c9e9d,Newspaper Publication,Publication of Notice in Newspaper regarding 21st Annual General Meeting (AGM) of the members of the Company.,False,2024-08-31
542649_14,542649,Rail Vikas Nigam Ltd,2023-09-26 13:46:37.737,DissemDT,Routine / Lower Signal,Regulatory / Compliance,1,46a1adce-14e4-43f2-bdc5-0c67df59f1e0,General,RVNL emerges as the Lowest bidder.,False,2023-09-26
542649_140,542649,Rail Vikas Nigam Ltd,2024-09-06 18:29:51.907,DissemDT,Potentially Price-Sensitive,Board / Management,3,"f5dd4723-0728-4b93-8d88-fb1e8742fc75, 1d192211-f430-4ccd-9af5-e1b094f163db, d18a24df-3126-47db-8e20-1fcfef043d60",AGM; Reg. 34 (1) Annual Report; Business Responsibility and Sustainability Reporting (BRSR),Notice of 21st Annual General Meeting of the Members of the Company for the Financial Year 2023-24 || Annual Report of the Company for the Financial Year 2023-24 || Business Responsibility and Sustainability Report for the Financial Year 2023-24,False,2024-09-06
542649_141,542649,Rail Vikas Nigam Ltd,2024-09-07 12:39:45.650,DissemDT,Potentially Price-Sensitive,Board / Management,1,cfa61409-8556-43da-9788-45390ecba123,Newspaper Publication,Public Notice in Newspaper regarding 21st Annual General Meeting (AGM) of the Members of the Company.,False,2024-09-07
542649_142,542649,Rail Vikas Nigam Ltd,2024-09-19 13:18:25.563,DissemDT,Routine / Lower Signal,Regulatory / Compliance,1,3258a674-d8e7-4b19-83e3-c0bd40c06d10,Reg. 34 (1) Annual Report,Annual Report along with C&AG Comments for the Financial Year 2023-24,False,2024-09-19
542649_143,542649,Rail Vikas Nigam Ltd,2024-09-24 19:02:33.030,DissemDT,Potentially Price-Sensitive,Board / Management,1,da8faf20-725d-4746-b9b3-1b946c3fe076,Appointment of Statutory Auditor/s,Appointment of Statutory Auditor for Financial Year 2024-25.,False,2024-09-24
542649_144,542649,Rail Vikas Nigam Ltd,2024-09-25 17:48:53.820,DissemDT,Routine / Lower Signal,Other,1,be9556b4-af49-47e2-8cc0-2e047dce6e83,Closure of Trading Window,Intimation of Trading Window Closure.,False,2024-09-25
542649_145,542649,Rail Vikas Nigam Ltd,2024-09-26 18:14:40.030,DissemDT,Potentially Price-Sensitive,Business / Strategic,1,2260c199-54b0-4da1-b799-19d49b591a7e,Memorandum of Understanding /Agreements,Rail Vikas Nigam Limited (RVNL) signed MoU with M/s Engineers India Limited (EIL),False,2024-09-26
542649_146,542649,Rail Vikas Nigam Ltd,2024-09-30 13:56:45.140,DissemDT,Routine / Lower Signal,Other,1,3e3861a0-6d12-4087-bf0d-17228eabe5cd,General,Rail Vikas Nigam Limited emerges as the Lowest Bidder (L1) from EAST CENTRAL RAILWAY.,False,2024-09-30
542649_147,542649,Rail Vikas Nigam Ltd,2024-09-30 18:54:51.990,DissemDT,Potentially Price-Sensitive,Board / Management,3,"c9a8fd0b-590a-43a2-b850-5bd48947fff5, d048337d-978c-4e53-ad76-a029171e2388, a80f1d05-eb10-485f-a248-e82e3a514597",Change in Directorate; AGM,Change in Directorate of the Company || Change in Directorate of the Company-Additional Charge of the post of Director (Operations) on the Board of Rail Vikas Nigam Limited. || Summary of Proceedings of 21st Annual General Meeting of the Company held on 30.09.2024,False,2024-09-30
542649_148,542649,Rail Vikas Nigam Ltd,2024-10-01 12:54:39.950,DissemDT,Routine / Lower Signal,Other,1,02cf0a63-5e8b-418f-8172-f107aed01248,General,Rail Vikas Nigam Limited emerges as the Lowest Bidder (L1) from East Coast Railway,False,2024-10-01
542649_149,542649,Rail Vikas Nigam Ltd,2024-10-01 18:56:58.830,DissemDT,Potentially Price-Sensitive,Board / Management,2,"5c6f596c-f99b-4233-bbcc-ff37630058f9, ecf3622a-7397-4318-869d-96c3c96f6029",AGM,Voting Results of 21st Annual General Meeting (AGM) of the Company held on 30.09.2024 along with the Scrutinizer''s Report. || Voting Results of 21st Annual General Meeting (AGM)of the Company held on 30.09.2024.,False,2024-10-01
542649_15,542649,Rail Vikas Nigam Ltd,2023-09-27 14:20:28.373,DissemDT,Potentially Price-Sensitive,Board / Management,1,92589a25-5b21-4da1-98f3-3c03fbb03033,AGM,"Summary Proceedings of 20th Annual General Meeting of the Company held on 27th September, 2023.",False,2023-09-27
542649_150,542649,Rail Vikas Nigam Ltd,2024-10-09 12:14:30.650,DissemDT,Routine / Lower Signal,Regulatory / Compliance,1,0538c01c-2600-4b4d-9300-a96308d8c903,"Certificate under Reg. 74 (5) of SEBI (DP) Regulations, 2018","Certificate under Regulation 74(5) of SEBI (Depositories and Participants) Regulations, 2018 for the quarter ended 30.09.2024",False,2024-10-09
542649_151,542649,Rail Vikas Nigam Ltd,2024-10-15 13:25:37.323,DissemDT,Routine / Lower Signal,Regulatory / Compliance,1,febdd193-3d68-48ab-97ac-3c14cd210c21,General,Pending litigation(s) or dispute(s) or outcome thereof.,False,2024-10-15
542649_152,542649,Rail Vikas Nigam Ltd,2024-10-16 17:58:33.263,DissemDT,Routine / Lower Signal,Other,1,0e1398d2-a322-4dbf-a3be-31531c13fb66,General,RVNL emerges as the Lowest Bidder (L1) from Maharashtra Metro Rail Corporation Limited.,False,2024-10-16
542649_153,542649,Rail Vikas Nigam Ltd,2024-10-21 18:35:54.197,DissemDT,Potentially Price-Sensitive,Business / Strategic,1,987ad246-345b-40bd-9034-ab9bfa346d81,General,Formation of Wholly Owned Subsidiary Company in Kingdom of Saudi Arabia by Rail Vikas Nigam Limited.,False,2024-10-21
542649_154,542649,Rail Vikas Nigam Ltd,2024-10-28 14:01:21.390,DissemDT,Routine / Lower Signal,Regulatory / Compliance,1,702463b9-a048-47ca-9097-90bdbdaf8236,General,"Disclosure under Regulation 30 of SEBI (LODR) Regulations, 2015- Rail Vikas Nigam Limited emerges as the lowest Bidder (L1) from East Central Railway.",False,2024-10-28
542649_155,542649,Rail Vikas Nigam Ltd,2024-10-29 17:33:22.720,DissemDT,Potentially Price-Sensitive,Financial Results,1,786a35ee-4531-43fd-bd8d-225ac9df89dc,Board Meeting,"Rail Vikas Nigam Ltdhas informed BSE that the meeting of the Board of Directors of the Company is scheduled on 07/11/2024 ,inter alia, to consider and approve Unaudited Financial Results ....",True,2024-10-29
542649_156,542649,Rail Vikas Nigam Ltd,2024-10-30 15:32:33.480,DissemDT,Routine / Lower Signal,Other,2,"d02848f0-16e2-4452-a81d-4f22ce3c9067, e0c2c261-212a-42ee-b5a7-c2abc9896571",General,Letter of Acceptance received from East Coast Railway || Letter of Acceptance received from East Coast Railway,False,2024-10-30
542649_157,542649,Rail Vikas Nigam Ltd,2024-11-04 18:04:32.140,DissemDT,Routine / Lower Signal,Other,1,8aea7db7-29bd-4d17-8d81-aa23107e03f8,General,Rail Vikas Nigam Limited emerges as the Lowest Bidder (L1) from South Central Railway.,False,2024-11-04
542649_158,542649,Rail Vikas Nigam Ltd,2024-11-05 13:54:06.943,DissemDT,Routine / Lower Signal,Other,1,6bf1fd60-487e-4904-bfd9-dec8f22cad64,General,M/s RVNL-SCPL (JV) emerges as the Lowest Bidder (L1) from Eastern Railway.,False,2024-11-05
542649_159,542649,Rail Vikas Nigam Ltd,2024-11-05 18:07:01.457,DissemDT,Routine / Lower Signal,Other,2,"f361d0c1-f4f1-4cec-a2b5-c6d94f861d44, 28511163-4591-45fb-a37d-513a7147135b",General,M/s Rail Vikas Nigam Limited- HFCL Limited- Aerial Telecom Solutions Pvt. Ltd. Consortium emerges as the Lowest Bidder (L1) from Bharat Sanchar Nigam Limited (BSNL). || M/s RVNL- RPPL (JV) emerges as the Lowest Bidder (L1) from Rail Infrastructure Development Company (Karnataka) Limited (KRIDE).,False,2024-11-05
542649_16,542649,Rail Vikas Nigam Ltd,2023-09-27 18:20:55.587,DissemDT,Routine / Lower Signal,Other,1,4ade4ff3-7976-4827-b09e-323045dcc2ac,Closure of Trading Window,Intimation of closure of Trading Window.,False,2023-09-27
542649_160,542649,Rail Vikas Nigam Ltd,2024-11-06 16:06:19.060,DissemDT,Routine / Lower Signal,Other,1,3aa92b8f-c9b8-42b8-89d9-5a771ed21fdc,General,M/s Rail Vikas Nigam Limited-HFCL Limited- Aerial Telecom Solutions Pvt. Ltd. Consortium emerges as the Lowest Bidder (L1) from Bharat Sanchar Nigam Limited (BSNL).,False,2024-11-06
542649_161,542649,Rail Vikas Nigam Ltd,2024-11-06 18:22:31.240,DissemDT,Potentially Price-Sensitive,Business / Strategic,1,328cf9e9-eba0-4ade-aca8-70fa731f6e5e,Award of Order / Receipt of Order,Letter of Acceptance received from East Central Railway.,False,2024-11-06
542649_162,542649,Rail Vikas Nigam Ltd,2024-11-06 19:24:45.537,DissemDT,Potentially Price-Sensitive,Board / Management,1,8319c913-f5ba-4ba2-837a-5fd550fc426d,Change in Directorate,Appointment/Cessation of Part-Time (Official) Government Nominee Director on the Board of Rail Vikas Nigam Limited (RVNL).,False,2024-11-06
542649_163,542649,Rail Vikas Nigam Ltd,2024-11-07 15:45:50.377,DissemDT,Potentially Price-Sensitive,Financial Results,2,"80e3b99c-2bb1-49f4-86d9-6921b92d8232, 5771886d-9a41-4003-8452-32a594374136",Financial Results; Outcome of Board Meeting,"Unaudited Financial Results (Standalone & Consolidated for the Quarter and Half -Year ended 30.09.2024 || Unaudited Financial Results (Standalone & Consolidated) For the Quarter and Half-Year ended 30.09.2024
",True,2024-11-07
542649_164,542649,Rail Vikas Nigam Ltd,2024-11-08 14:19:59.017,DissemDT,Potentially Price-Sensitive,Financial Results,1,e80526e1-c153-4e37-b5a4-6c68064471e4,Newspaper Publication,Publication of Unaudited Financial Results (Standalone and Consolidated) for the quarter and half year ended on 30.09.2024.,True,2024-11-08
542649_165,542649,Rail Vikas Nigam Ltd,2024-11-08 16:42:14.307,DissemDT,Potentially Price-Sensitive,Board / Management,1,48e9ef75-de7e-4df8-a2a7-4449cbce1631,General,Cessation of Part- Time (Official) Government Nominee Director on the Board of Rail Vikas Nigam Limited (RVNL).,False,2024-11-08
542649_166,542649,Rail Vikas Nigam Ltd,2024-11-08 18:28:12.950,DissemDT,Potentially Price-Sensitive,Board / Management,1,3900b9b5-2c5c-4fec-82a5-b11c2233f179,Change in Management,Change in Director of the Company,False,2024-11-08
542649_167,542649,Rail Vikas Nigam Ltd,2024-11-11 18:42:03.400,DissemDT,Routine / Lower Signal,Regulatory / Compliance,1,02e96ee5-d437-4408-b134-7322b6589d6d,General,"Disclosure under Regulation 30 of SEBI (LODR) Regulations, 2015- Rail Vikas Nigam Limited emerges as the Lowest Bidder (L1) from South Central Railway.",False,2024-11-11
542649_168,542649,Rail Vikas Nigam Ltd,2024-11-12 18:25:00.867,DissemDT,Potentially Price-Sensitive,Board / Management,1,295c05bf-daf8-4fa6-86bf-a108a1bece02,Change in Directorate,Appointment of Director on the Board of the Company.,False,2024-11-12
542649_169,542649,Rail Vikas Nigam Ltd,2024-11-18 13:52:28.990,DissemDT,Routine / Lower Signal,Other,1,faadb9fd-6613-4626-b16a-66ef7f30ef7c,General,Letter of Acceptance received from South Central Railway,False,2024-11-18
542649_17,542649,Rail Vikas Nigam Ltd,2023-09-27 18:55:59.130,DissemDT,Potentially Price-Sensitive,Board / Management,2,"eac15d8b-896d-4687-bf69-ab05739cc404, 3620b5d0-f2b3-4e9b-9744-fbce8417a161",General; AGM,"Amendment in ""The RVNL''s Code of Conduct for regulating & reporting Trading by Designated Persons & their immediate Relatives"" of Rail Vikas Nigam Limited || Disclosure of E-voting Result and Scrutinizer''s Report.",False,2023-09-27
542649_170,542649,Rail Vikas Nigam Ltd,2024-11-22 16:07:51.227,DissemDT,Routine / Lower Signal,Other,2,"7def8496-d4ee-439a-9000-24e79389d4a3, 89412c5e-45fc-430a-a18a-0bf5eac11a6b",General,"Imposition of fine by NSE & BSE for the quarter ended 30th September, 2024 || Letter of Acceptance received from Eastern Railway",False,2024-11-22
542649_171,542649,Rail Vikas Nigam Ltd,2024-11-26 15:26:48.420,DissemDT,Routine / Lower Signal,Other,1,fa7fd3bd-ec44-4a2c-90f9-86db0743aa41,General,Letter of Acceptance received from South Central Railway,False,2024-11-26
542649_172,542649,Rail Vikas Nigam Ltd,2024-11-26 18:25:01.347,DissemDT,Potentially Price-Sensitive,Board / Management,1,b860e83a-7539-4e7f-a3a9-69181f8795c0,Change in Directorate,Change in Directorate of the Company.,False,2024-11-26
542649_173,542649,Rail Vikas Nigam Ltd,2024-11-29 18:15:33.197,DissemDT,Routine / Lower Signal,Other,1,7c1cdf3d-664c-4237-b2cb-ac2ed8bd551f,General,Rail Vikas Nigam Limited emerges as the Lowest Bidder (L1) from PSPCL.,False,2024-11-29
542649_174,542649,Rail Vikas Nigam Ltd,2024-12-03 16:57:10.953,DissemDT,Routine / Lower Signal,Other,1,23ee06f7-bae2-4c50-8361-9b4134e1963d,General,Letter of Acceptance received from East Central Railway.,False,2024-12-03
542649_175,542649,Rail Vikas Nigam Ltd,2024-12-12 14:14:35.957,DissemDT,Routine / Lower Signal,Other,1,6c95d093-c091-4889-8d3c-d6354725b92e,General,Letter of Acceptance received from Southern Railway,False,2024-12-12
542649_176,542649,Rail Vikas Nigam Ltd,2024-12-16 18:23:16.560,DissemDT,Routine / Lower Signal,Other,1,1818f1dc-6dae-4996-a319-4a169be68d1c,General,Letter of Acceptance received from Maharashtra Metro Rail Corporation Limited,False,2024-12-16
542649_177,542649,Rail Vikas Nigam Ltd,2024-12-19 15:20:58.830,DissemDT,Potentially Price-Sensitive,Board / Management,1,b843a62c-5ede-4bf7-b5f0-539552bbe47b,Change in Directorate,Change in Directorate of the Company,False,2024-12-19
542649_178,542649,Rail Vikas Nigam Ltd,2024-12-27 12:17:03.980,DissemDT,Routine / Lower Signal,Other,1,24e47bcb-acc9-41f7-971a-a3a0ef56960f,Closure of Trading Window,Intimation of Trading Window Closure.,False,2024-12-27
542649_179,542649,Rail Vikas Nigam Ltd,2024-12-30 15:34:36.280,DissemDT,Routine / Lower Signal,Other,1,58ece294-c879-4487-9ed7-375abf11db76,General,Rail Vikas Nigam Limited emerges as the Lowest Bidder (L1) from Central Railway.,False,2024-12-30
542649_18,542649,Rail Vikas Nigam Ltd,2023-09-29 17:52:18.553,DissemDT,Potentially Price-Sensitive,Business / Strategic,2,"d0720c17-1ef7-45d8-9086-84c1e5edc9ee, fc11c97a-6226-493b-83bc-030cbd374da9",Award of Order / Receipt of Order; Appointment of Statutory Auditor/s,"Rail Vikas Nigam Limited emerges as the Lowest Bidder (L1) for Development of Distribution Infrastructure at South Zone of Himachal Pradesh under the Revamped Reforms-based and Results-linked, .... || Appointment of Statutory Auditor of FY 2023-24",False,2023-09-29
542649_180,542649,Rail Vikas Nigam Ltd,2024-12-31 11:36:41.457,DissemDT,Routine / Lower Signal,Other,1,103faa35-c0b6-4811-bdc1-30cc29e790e7,General,Rail Vikas Nigam Limited emerges as the Lowest Bidder (L1) from East Coast Railway.,False,2024-12-31
542649_181,542649,Rail Vikas Nigam Ltd,2025-01-03 15:55:39.813,DissemDT,Potentially Price-Sensitive,Business / Strategic,1,8f23e45a-3083-4405-a775-7ae4db31230d,General,Rail Vikas Nigam Limited (RVNL) signed MoU with Visakhapatnam Port Authority (VPA),False,2025-01-03
542649_182,542649,Rail Vikas Nigam Ltd,2025-01-07 16:32:21.067,DissemDT,Routine / Lower Signal,Regulatory / Compliance,1,8d403782-5d85-48bf-b804-3e664445643d,"Certificate under Reg. 74 (5) of SEBI (DP) Regulations, 2018","Certificate under Regulation 74(5) of SEBI (Depositories and Participants) Regulations, 2018 for the quarter ended 31st December, 2024.",False,2025-01-07
542649_183,542649,Rail Vikas Nigam Ltd,2025-01-07 17:56:10.703,DissemDT,Potentially Price-Sensitive,Business / Strategic,1,c64d070a-ae0e-4a10-97c5-65c2c448bd01,General,Rail Vikas Nigam Limited signed MoU with M/s GBH International Contracting LLC (GBHIC),False,2025-01-07
542649_184,542649,Rail Vikas Nigam Ltd,2025-01-10 18:22:46.293,DissemDT,Routine / Lower Signal,Regulatory / Compliance,2,"5264d804-224a-45a9-9ac0-b0996ea26563, 10ae2e5f-80f6-4f8b-ab5c-1ee78891a63e",General,"Disclosure under Regulation 30 of SEBI (Listing Obligations and Disclosure Requirements) Regulations, 2015 || Intimation regarding Registration of Branch Office at Rwanda.",False,2025-01-10
542649_185,542649,Rail Vikas Nigam Ltd,2025-01-15 19:09:19.467,DissemDT,Routine / Lower Signal,Other,1,eb7c1258-78f5-4fd8-9e68-b1b81a388444,General,Letter of Acceptance received from Bharat Sanchar Nigam Limited (BSNL).,False,2025-01-15
542649_186,542649,Rail Vikas Nigam Ltd,2025-01-16 12:33:48.033,DissemDT,Routine / Lower Signal,Other,1,3b89665b-0ad9-4966-9f14-5ad5d27fc35f,General,Letter of Acceptance received from Bharat Sanchar Nigam Limited (BSNL).,False,2025-01-16
542649_187,542649,Rail Vikas Nigam Ltd,2025-01-22 17:05:15.990,DissemDT,Potentially Price-Sensitive,Business / Strategic,1,66bee210-634f-4f3c-9db4-942b9a12521a,General,Additional charge of the post of Director (Projects) on the Board of Rail Vikas Nigam Limited (RVNL).,False,2025-01-22
542649_188,542649,Rail Vikas Nigam Ltd,2025-01-27 19:39:19.680,DissemDT,Routine / Lower Signal,Regulatory / Compliance,1,4429614a-7bdc-4956-9860-6a12db06c737,General,"Disclosure under Regulation 30 of SEBI (LODR) Regulations, 2015.",False,2025-01-27
542649_189,542649,Rail Vikas Nigam Ltd,2025-01-31 14:05:42.033,DissemDT,Routine / Lower Signal,Other,1,1a1f9cd1-55d3-4684-a23f-3ceb38ed044b,General,Intimation of Striking Off of Dighi Roha Rail Limited.,False,2025-01-31
542649_19,542649,Rail Vikas Nigam Ltd,2023-10-03 17:54:17.890,DissemDT,Routine / Lower Signal,Regulatory / Compliance,1,63b4fd49-6a38-45d6-abec-b29c32849828,General,"Disclosure under Regulation 30 of SEBI (LODR) Regulations, 2015- M/s. RVNL emerges as lowest Bidder (L1)",False,2023-10-03
542649_190,542649,Rail Vikas Nigam Ltd,2025-01-31 19:25:58.390,DissemDT,Routine / Lower Signal,Regulatory / Compliance,1,e77f667b-307c-4d03-b0bc-ef0433e5bca9,Change in Management,Intimation regarding Change in Senior Management- Superannuation.,False,2025-01-31
542649_191,542649,Rail Vikas Nigam Ltd,2025-02-04 16:51:13.740,DissemDT,Potentially Price-Sensitive,Financial Results,1,811b4b6d-24ae-4247-b283-e24cfb43fd4b,Board Meeting,"Rail Vikas Nigam Ltdhas informed BSE that the meeting of the Board of Directors of the Company is scheduled on 12/02/2025 ,inter alia, to consider and approve the Unaudited Financial Results ....",True,2025-02-04
542649_192,542649,Rail Vikas Nigam Ltd,2025-02-04 18:08:57.083,DissemDT,Routine / Lower Signal,Other,1,ba2c8b3b-0753-4f9f-ac2e-eb328a84b21e,General,Letter of Acceptance received from East Coast Railway.,False,2025-02-04
542649_193,542649,Rail Vikas Nigam Ltd,2025-02-06 17:46:22.213,DissemDT,Potentially Price-Sensitive,Business / Strategic,1,81153e37-b5f5-4e71-a31a-4690de814900,Change in Directorate,Change in Directorate of the Company :- Additional charge of the post of Director (Projects) on the Board of Rail Vikas Nigam Limited (RVNL).,False,2025-02-06
542649_194,542649,Rail Vikas Nigam Ltd,2025-02-07 18:01:42.930,DissemDT,Routine / Lower Signal,Other,1,8c461bbd-50dd-46e3-9725-df4e050f680e,General,Rail Vikas Nigam Limited emerges as the Lowest Bidder (L1) from South Eastern Railway.,False,2025-02-07
542649_195,542649,Rail Vikas Nigam Ltd,2025-02-10 17:45:57.723,DissemDT,Routine / Lower Signal,Other,1,240c431d-ddbe-475c-91b2-4f76b932ea4c,General,Rail Vikas Nigam Limited emerges as the Lowest Bidder (L1) from South Western Railway.,False,2025-02-10
542649_196,542649,Rail Vikas Nigam Ltd,2025-02-11 18:11:19.197,DissemDT,Potentially Price-Sensitive,Financial Results,1,43bf4589-8c75-498f-80b5-79cfc66ee847,Board Meeting Rescheduled,"Rail Vikas Nigam Ltdhas informed BSE that the meeting of the Board of Directors of the Company is scheduled on 14/02/2025 ,inter alia, to consider and approve and take on record the Unaudited ....",True,2025-02-11
542649_197,542649,Rail Vikas Nigam Ltd,2025-02-14 13:20:18.503,DissemDT,Context-Dependent,Investor / Analyst,1,12600c3c-84fd-47e4-863f-3d3f06fe4adf,Analyst / Investor Meet,"Invite for investor conference call on Wednesday, 19th February, 2025.",False,2025-02-14
542649_198,542649,Rail Vikas Nigam Ltd,2025-02-14 19:53:57.867,DissemDT,Potentially Price-Sensitive,Financial Results,4,"21a4b4ee-f771-444a-86ea-f1ff254a4bc8, 98badc37-06b4-47e3-b133-fce6e3621580, ff8a3d7d-d8d4-48d7-963c-922c5ade610d, ca008887-c7d7-4625-b9fc-309c56bfeaad",Outcome of Board Meeting; General; Integrated Filing (Financial); Financial Results,"Quarterly Results for quarter and nine months ended 31.12.2024 || Appointment of Secretarial Auditor for FY 2024-25. || Integrated Filing (Financial): Financial Results (Standalone & Consolidated) for the quarter and nine months ended 31st December, 2024. || The Unaudited Financials Results (Standalone & Consolidated) for the Quarter and nine months ended 31st December, 2024 (Q3-2024-2025).",True,2025-02-14
542649_199,542649,Rail Vikas Nigam Ltd,2025-02-15 12:53:33.643,DissemDT,Potentially Price-Sensitive,Financial Results,1,94d627ea-0a61-461e-bcb8-9c879fade0e5,Newspaper Publication,Publication of Unaudited Financial Results (Standalone & Consolidated) for the Quarter and Nine Months ended 31.12.2024.,True,2025-02-15
542649_2,542649,Rail Vikas Nigam Ltd,2023-08-22 17:38:07.087,DissemDT,Routine / Lower Signal,Regulatory / Compliance,1,0e6a9da6-ac10-4061-af87-1809e8bfd4a5,General,"Disclosure under Regulation 30 of SEBI (LODR) Regulations, 2015- Imposition of fine & NSE & BSE for the quarter ended on 30th June 2023.",False,2023-08-22
542649_20,542649,Rail Vikas Nigam Ltd,2023-10-07 19:39:31.287,DissemDT,Potentially Price-Sensitive,Business / Strategic,2,"cff98624-1e88-4461-a322-5212fb5d408b, 88e824ee-0362-4cb4-a86a-83e3404cb891",Award of Order / Receipt of Order,Letter of Acceptance (LOA) received from Maharashtra Metro Rail Corporation Limited || Letter of Acceptance (LOA) received from Maharashtra Metro Rail Corporation Limited for Design and construction of Elevated Metro Viaduct of length 6.92 km between Ch. (-) 657.182 m to ....,False,2023-10-07
542649_200,542649,Rail Vikas Nigam Ltd,2025-02-17 15:21:34.643,DissemDT,Routine / Lower Signal,Other,1,78bb1582-e97a-4b64-9b98-ba91672f931b,General,Board Comments on fine levied by the Exchange.,False,2025-02-17
542649_201,542649,Rail Vikas Nigam Ltd,2025-02-18 17:33:13.570,DissemDT,Routine / Lower Signal,Other,1,429bc5fd-c90b-4521-8bbb-b9d6318c2a8a,General,Letter of Acceptance received from Rail Infrastructure Development Company (Karnataka) Limited (K-RIDE)- Normal course of business of the Company.,False,2025-02-18
542649_202,542649,Rail Vikas Nigam Ltd,2025-02-19 22:00:15.893,DissemDT,Context-Dependent,Investor / Analyst,1,88ddd707-230e-42ea-9f3e-208a1c49a04f,Analyst / Investor Meet,Link of Audio Recording of Conference Call with Investors held on 19.02.2025.,False,2025-02-19
542649_203,542649,Rail Vikas Nigam Ltd,2025-02-20 19:32:24.537,DissemDT,Potentially Price-Sensitive,Business / Strategic,1,96a89163-1acd-4b48-b95a-41215e160c99,General,"Intimation regarding Signing of Project Implementation Agency (PIA) Agreement for Package-6, UP (W) and Package-3, UP (E) of BSNL Tender",False,2025-02-20
542649_204,542649,Rail Vikas Nigam Ltd,2025-02-21 16:17:46.240,DissemDT,Routine / Lower Signal,Other,1,1d879950-6d79-4ebe-b0a4-e9b455fb03b1,General,Rail Vikas Nigam Limited emerges as the Lowest Bidder (L1) from South Western Railway- Normal course of business of the Company,False,2025-02-21
542649_205,542649,Rail Vikas Nigam Ltd,2025-02-24 13:41:14.770,DissemDT,Context-Dependent,Investor / Analyst,1,f73c1555-eaae-4d75-bbf0-bb510b0cba82,Earnings Call Transcript,Transcript of Conference Call with Investors.,False,2025-02-24
542649_206,542649,Rail Vikas Nigam Ltd,2025-02-24 18:17:10.260,DissemDT,Routine / Lower Signal,Other,1,787840e5-7073-40cc-81b7-f3ff66ee9947,General,"Demand Notice received from the Office of the Joint Commissioner of State Tax (GST), Special Circle, Patna, Bihar.",False,2025-02-24
542649_207,542649,Rail Vikas Nigam Ltd,2025-02-27 18:26:17.823,DissemDT,Routine / Lower Signal,Other,1,e3a8a42f-2075-4642-81cc-caad0d412c6e,General,Letter of Acceptance received from Central Railway- Normal course of business of the Company.,False,2025-02-27
542649_208,542649,Rail Vikas Nigam Ltd,2025-02-28 15:11:53.290,DissemDT,Routine / Lower Signal,Other,1,f0b20f71-29fe-471d-8af6-83402d2a094b,General,"Demand Notice received from the Office of the Deputy Commissioner, Ranchi South Division, Ranchi- Jharkhand",False,2025-02-28
542649_209,542649,Rail Vikas Nigam Ltd,2025-02-28 16:27:59.913,DissemDT,Routine / Lower Signal,Other,2,"3ec4f29e-16b3-4f95-beba-63d4472b70be, 4e78d647-cd10-469c-8492-99e9725afdd0",General,"Demand Notice received from the Office of the Commissioner, Central GST and Central excise Commissionerate, Shimla, Himachal Pradesh || Demand Notice received from the Office of the Assistant Commissioner, Delhi",False,2025-02-28
542649_21,542649,Rail Vikas Nigam Ltd,2023-10-11 17:47:22.643,DissemDT,Potentially Price-Sensitive,Business / Strategic,1,c1e4d0d9-4f3f-4077-b2ae-021e07015619,Award of Order / Receipt of Order,"RVNL emerges as the Lowest Bidder (L1) for ""TRC: Sukhovi-Pherima: Supply, Testing & Commissioning of Integrated Tunnel Communication system in the Sukhovi-Pherima new singline line section ....",False,2023-10-11
542649_210,542649,Rail Vikas Nigam Ltd,2025-03-01 14:16:34.297,DissemDT,Routine / Lower Signal,Other,2,"eb74d963-7ebf-4ffe-a785-cd48c4ad1915, cac470b3-025f-43b9-b2d5-f7de9ef8892c",General,"Demand Notice received from the Office of the Dy. Commissioner, Range-2 division 1, Gujarat state Ahmedabad, Gujarat || Demand Notice received from the Office of the Dy. Commissioner, ST Andhra Pradesh, Vijaywada",False,2025-03-01
542649_211,542649,Rail Vikas Nigam Ltd,2025-03-04 18:48:18.103,DissemDT,Routine / Lower Signal,Other,1,cb86bb9d-545a-4adc-8e9c-74db23e78946,General,Letter of Acceptance received from HPSEBL- Normal course of business of the Company,False,2025-03-04
542649_212,542649,Rail Vikas Nigam Ltd,2025-03-06 17:40:59.133,DissemDT,Routine / Lower Signal,Other,1,d4df6656-b16b-4388-a400-ca4dfc23cd3b,General,Letter of Acceptance received from South Western Railway- Normal course of business of the Company,False,2025-03-06
542649_213,542649,Rail Vikas Nigam Ltd,2025-03-10 18:46:18.663,DissemDT,Potentially Price-Sensitive,Business / Strategic,1,9dfa7e4f-233b-4720-bb54-74a58f9a91d2,General,Rail Vikas Nigam Limited (RVNL) signed MoU with M/s Abhinava Strategic Partners Pvt Ltd (ASP),False,2025-03-10
542649_214,542649,Rail Vikas Nigam Ltd,2025-03-11 17:02:50.270,DissemDT,Routine / Lower Signal,Other,1,aee9cabb-6fe4-46ed-a50e-59451c5dea87,General,Rail Vikas Nigam Limited emerges as the Lowest Bidder (L1) from National Highway Authority of India- Normal course of business of the Company,False,2025-03-11
542649_215,542649,Rail Vikas Nigam Ltd,2025-03-11 22:20:31.503,DissemDT,Potentially Price-Sensitive,Board / Management,1,b26a302f-14d9-425b-a3d1-90a6a66cec61,Change in Management,Intimation regarding change in Senior Management of the Company- Resignation,False,2025-03-11
542649_216,542649,Rail Vikas Nigam Ltd,2025-03-18 15:17:32.800,DissemDT,Routine / Lower Signal,Other,1,dc3c4799-4437-4af5-aa7a-550f03e2a512,General,"Imposition of fine by NSE & BSE for the quarter ended 31st December, 2024",False,2025-03-18
542649_217,542649,Rail Vikas Nigam Ltd,2025-03-21 07:50:33.830,DissemDT,Routine / Lower Signal,Other,1,ee41c924-2488-4838-8530-3f009b32b0f4,General,Letter of Acceptance received from National Highway Authority of India.,False,2025-03-21
542649_218,542649,Rail Vikas Nigam Ltd,2025-03-21 16:59:13.360,DissemDT,Potentially Price-Sensitive,Board / Management,1,1ec48137-0af4-4063-8057-e364ba00cb01,Change in Management,Change in Directorate of the Company.,False,2025-03-21
542649_219,542649,Rail Vikas Nigam Ltd,2025-03-24 12:50:33.163,DissemDT,Potentially Price-Sensitive,Board / Management,1,1b66d191-cafd-4704-a397-b84f31cc51ae,Change in Management,Intimation regarding Change in the Senior Management- Resignation,False,2025-03-24
542649_22,542649,Rail Vikas Nigam Ltd,2023-10-13 15:42:32.840,DissemDT,Routine / Lower Signal,Regulatory / Compliance,1,dcaf5163-c4ed-4ef7-9675-f2457a45a231,"Certificate under Reg. 74 (5) of SEBI (DP) Regulations, 2018","Compliance Certificate under Regulation 74(5) of SEBI (DP) Regulations, 2018.",False,2023-10-13
542649_220,542649,Rail Vikas Nigam Ltd,2025-03-24 17:08:16.920,DissemDT,Routine / Lower Signal,Other,1,740d5e78-212e-4bae-a185-9454ae729760,General,Rail Vikas Nigam Limited emerges as the Lowest Bidder (L1) from Central Railway- Normal course of business of the Company.,False,2025-03-24
542649_221,542649,Rail Vikas Nigam Ltd,2025-03-24 18:51:58.380,DissemDT,Potentially Price-Sensitive,Credit / Financing,1,748f1a71-3f15-4d8e-bbf1-05812f1410a7,Credit Rating,Intimation of Credit Rating.,False,2025-03-24
542649_222,542649,Rail Vikas Nigam Ltd,2025-03-25 17:19:03.600,DissemDT,Routine / Lower Signal,Other,1,9124d4ac-0163-4004-8de3-50f40f10b69e,Closure of Trading Window,Intimation of Trading Window Closure,False,2025-03-25
542649_223,542649,Rail Vikas Nigam Ltd,2025-03-28 18:42:24.173,DissemDT,Routine / Lower Signal,Other,1,e47540d0-b9b6-4efa-a3b5-a543419e2c6b,General,Engagement of Professional Media & Communication Agency.,False,2025-03-28
542649_224,542649,Rail Vikas Nigam Ltd,2025-04-03 15:44:42.620,DissemDT,Routine / Lower Signal,Regulatory / Compliance,1,96375327-cef6-4682-83d7-614401082f39,"Certificate under Reg. 74 (5) of SEBI (DP) Regulations, 2018","Certificate under Regulation 74(5) of SEBI (DP) Regulations, 2018 for the quarter ended 31st March, 2025.",False,2025-04-03
542649_225,542649,Rail Vikas Nigam Ltd,2025-04-04 17:17:13.217,DissemDT,Potentially Price-Sensitive,Board / Management,1,eaa4c793-4432-4360-a852-84811821a9b4,Change in Management,Intimation regarding Change in Management-Cessation.,False,2025-04-04
542649_226,542649,Rail Vikas Nigam Ltd,2025-04-11 12:38:21.010,DissemDT,Routine / Lower Signal,Other,1,aab1a3e7-5916-43c2-9100-6faa7f87f992,General,RVNL emerges as the Lowest Bidder (L1) from Southern Railway.,False,2025-04-11
542649_227,542649,Rail Vikas Nigam Ltd,2025-04-15 17:19:31.157,DissemDT,Routine / Lower Signal,Regulatory / Compliance,1,2fd99f59-1ef1-4581-9fb2-af3166a11c87,Change in Management,Intimation regarding Change in Senior Management-Re-Designation,False,2025-04-15
542649_228,542649,Rail Vikas Nigam Ltd,2025-04-25 13:01:23.430,DissemDT,Potentially Price-Sensitive,Business / Strategic,1,23b0af79-5047-4cd3-9d2e-63dfe658daf6,General,Additional charge of the post of Director (Projects) on the Board of Rail Vikas Nigam Limited.,False,2025-04-25
542649_229,542649,Rail Vikas Nigam Ltd,2025-04-30 17:01:42.177,DissemDT,Potentially Price-Sensitive,Board / Management,1,ecb98693-40df-4dba-8526-b78cdaa5d06c,General,Continuation of Shri Sanjeeb Kumar as Director (Finance) on the Board of Rail Vikas Nigam Limited (RVNL).,False,2025-04-30
542649_23,542649,Rail Vikas Nigam Ltd,2023-10-19 16:45:17.907,DissemDT,Potentially Price-Sensitive,Business / Strategic,2,"c33c75ec-7edc-450f-a794-f1108ee50189, fefc0f0d-07a2-4605-afae-f1c7f7840ff9",Award of Order / Receipt of Order,Letter of Acceptance (LoA) received from Vadodara Division of Western Railway. || Letter of Acceptance (LoA) received from Vadodara Division of Western Railway between Nadiad- Petlad (37.26 kms),False,2023-10-19
542649_230,542649,Rail Vikas Nigam Ltd,2025-05-06 17:11:22.210,DissemDT,Potentially Price-Sensitive,Financial Results,1,564a86c5-8f30-4a41-94bf-3aca416f74b8,Board Meeting,"Rail Vikas Nigam Ltdhas informed BSE that the meeting of the Board of Directors of the Company is scheduled on 21/05/2025 ,inter alia, to consider and approve the Audited Financial Results ....",True,2025-05-06
542649_231,542649,Rail Vikas Nigam Ltd,2025-05-06 17:45:58.430,DissemDT,Routine / Lower Signal,Other,1,e8983e22-c8dc-4a63-ae67-6458e20b3460,General,"Board Comments on fine levied by the Exchanges for the quarter ended 31st December, 2024.",False,2025-05-06
542649_232,542649,Rail Vikas Nigam Ltd,2025-05-13 16:38:23.167,DissemDT,Context-Dependent,Investor / Analyst,1,63555955-c100-4c40-b144-e47d88be43c5,Analyst / Investor Meet,"The Company will be holding Investor Conference Call on Thursday, 22nd May, 2025 at 4:00 P.M. (IST).",False,2025-05-13
542649_233,542649,Rail Vikas Nigam Ltd,2025-05-13 17:54:24.953,DissemDT,Potentially Price-Sensitive,Board / Management,1,31431c24-33f8-4aa6-adb8-dae183a2320f,General,Rail Vikas Nigam Limited has informed the Exchange that the President of India has appointed Shri Surendra Singh as Non-Official Part-Time Director on the Board of the Company.,False,2025-05-13
542649_234,542649,Rail Vikas Nigam Ltd,2025-05-15 17:02:41.247,DissemDT,Potentially Price-Sensitive,Corporate Actions,1,d27816d5-f89e-4145-b8bb-ad384e46b682,Board Meeting,"Rail Vikas Nigam Ltdhas informed BSE that the meeting of the Board of Directors of the Company is scheduled on 21/05/2025 ,inter alia, to consider and approve Recommendation of Final Dividend ....",False,2025-05-15
542649_235,542649,Rail Vikas Nigam Ltd,2025-05-15 19:01:00.633,DissemDT,Potentially Price-Sensitive,Board / Management,2,"cce8fbde-e1ee-4585-bb37-419f71bc6cf8, 0cd5a754-ab67-4e70-98fd-36c8d32310d1",Change in Directorate; General,Appointment of Shri Surender Singh as Non-Official Part-Time Director on the Board of Rail Vikas Nigam Limited. || LOA received from Central Railway- Normal course of business of the Company.,False,2025-05-15
542649_236,542649,Rail Vikas Nigam Ltd,2025-05-16 18:10:36.323,DissemDT,Potentially Price-Sensitive,Business / Strategic,1,0e37567d-9cf3-4d88-ae9f-61239ee769da,General,Formation of Wholly Owned Subsidiary Company in Andhra Pradesh by Rail Vikas Nigam Limited.,False,2025-05-16
542649_237,542649,Rail Vikas Nigam Ltd,2025-05-19 18:53:11.660,DissemDT,Routine / Lower Signal,Other,1,0e3e103f-225f-4e63-8e2a-1ce4af39edf3,General,Rail Vikas Nigam Limited emerges as the Lowest Bidder (L1) from IRCON International Limited- Normal course of business of the Company.,False,2025-05-19
542649_238,542649,Rail Vikas Nigam Ltd,2025-05-21 18:14:05.563,DissemDT,Potentially Price-Sensitive,Financial Results,4,"15c4209c-02e7-4920-a51c-23f431b3971b, 17d40ad1-ece1-400a-93e9-064620e21302, 16aad438-fe7b-4f9e-9d67-2b4f5dd2f94c, d709c369-ada4-4433-9f71-e11f3a62c921",Outcome of Board Meeting; General; Integrated Filing (Financial); Dividend,"Board of Directors in their meeting held today i.e. 21st May 2025 interalia considered the following:
1. Approved the Audited Standalone and Consolidated Financial Results for the quarter .... || Board of Directors of RVNL has approved the engagement of M/s. Sinha & Srivastava LLP, Company Secretaries as Secretarial Auditor for a period of 5 years starting from FY 2025-26 subject .... || Board of Directors has approved the Audited Standalone & Consolidated Financial Results for the quarter & year ended 31.03.2025. || Recommended the Final Dividend of Rs. 1.72/- per share for the FY 2024-25 subject to the approval of Shareholders at the ensuing Annual General Meeting (AGM).",True,2025-05-21
542649_239,542649,Rail Vikas Nigam Ltd,2025-05-22 13:37:38.340,DissemDT,Potentially Price-Sensitive,Financial Results,1,1ae30888-846a-4142-a781-304dac9cd56d,Newspaper Publication,Publication of Audited Financial Results (Standalone & Consolidated) for the quarter & year ended 31.03.2025,True,2025-05-22
542649_24,542649,Rail Vikas Nigam Ltd,2023-10-27 16:09:08.833,DissemDT,Potentially Price-Sensitive,Financial Results,1,82ce30a9-78dc-4438-b20e-20a7751a10ed,Board Meeting,"Rail Vikas Nigam Ltdhas informed BSE that the meeting of the Board of Directors of the Company is scheduled on 09/11/2023 ,inter alia, to consider and approve Unaudited Financial Results ....",True,2023-10-27
542649_240,542649,Rail Vikas Nigam Ltd,2025-05-22 22:40:14.903,DissemDT,Context-Dependent,Investor / Analyst,1,9c684f37-4172-45b5-8200-7ea26c1b1bff,Analyst / Investor Meet,Audio recording of Conference Call with Investors/Analysts/Institutions.,False,2025-05-22
542649_241,542649,Rail Vikas Nigam Ltd,2025-05-26 16:59:25.403,DissemDT,Context-Dependent,Investor / Analyst,1,89019811-4983-4638-9e93-70bd2ea4b7bf,Earnings Call Transcript,"Transcript of Conference Call with Investors held on 22nd May, 2025.",False,2025-05-26
542649_242,542649,Rail Vikas Nigam Ltd,2025-05-28 18:03:23.017,DissemDT,Routine / Lower Signal,Regulatory / Compliance,1,7c91a999-b0ba-498a-93f7-10845f7d3441,Reg.24(A)-Annual Secretarial Compliance,Annual Secretarial Compliance Report for the year ended 31.03.2025.,False,2025-05-28
542649_243,542649,Rail Vikas Nigam Ltd,2025-05-29 17:32:56.417,DissemDT,Potentially Price-Sensitive,Board / Management,1,f13447a0-80e6-47d7-a88d-f2eb9973645e,General,Additional Charge of the post of Director (Finance) on the Board of Rail Vikas Nigam Limited (RVNL),False,2025-05-29
542649_244,542649,Rail Vikas Nigam Ltd,2025-05-29 18:19:54.980,DissemDT,Potentially Price-Sensitive,Business / Strategic,1,6a9ffdbf-6820-40c8-806f-12b1e27c4971,General,Rail Vikas Nigam Limited (RVNL) signed MoU with M/s Texmaco Rail & Engineering Limited,False,2025-05-29
542649_245,542649,Rail Vikas Nigam Ltd,2025-05-30 16:19:55.610,DissemDT,Potentially Price-Sensitive,Board / Management,2,"354d9ff9-ab6c-49bc-af3c-eddf2c80764e, 219f2f3a-7411-4bb5-b271-a85db580196e",General; Change in Directorate,"Imposition of fine by NSE & BSE for the quarter ended 31st March, 2025 || Change in Directorate of the Company- Superannuation of Mr. Sanjeeb Kumar, Director (Finance) & CFO.",False,2025-05-30
542649_246,542649,Rail Vikas Nigam Ltd,2025-06-05 15:32:29.723,DissemDT,Potentially Price-Sensitive,Board / Management,1,9db4e732-e020-4908-b6e7-6f5ef447323d,Change in Directorate,Appointment of Mr. Abhishek Kumar as Director (Finance) (Additional Charge) of the Company w.e.f. 05.06.2025.,False,2025-06-05
542649_247,542649,Rail Vikas Nigam Ltd,2025-06-18 18:19:46.767,DissemDT,Potentially Price-Sensitive,Board / Management,1,7c9fa229-6300-4f57-b537-9ef2d5e7c930,Change in Management,Intimation regarding Change in Senior Management- Appointment,False,2025-06-18
542649_248,542649,Rail Vikas Nigam Ltd,2025-06-20 14:59:59.747,DissemDT,Routine / Lower Signal,Other,1,6d9a4cf9-beb7-4fe8-a372-fcdf6217f68c,General,"Demand Notice received from the Office of the Deputy Commissioner of State Tax, Pune, Maharashtra",False,2025-06-20
542649_249,542649,Rail Vikas Nigam Ltd,2025-06-20 18:36:00.140,DissemDT,Routine / Lower Signal,Other,1,35ce9216-20c9-4987-a988-b83516b2b9a3,General,Intimation regarding Change in the Senior Management- Re-Designation,False,2025-06-20
542649_25,542649,Rail Vikas Nigam Ltd,2023-11-01 14:39:32.850,DissemDT,Potentially Price-Sensitive,Board / Management,1,4c6a74c5-d31d-4639-8bd8-851dd4d15296,Change in Directorate,"It is hereby informed that Shri A. K. Khandelwal (DIN: 10085277), Principal Executive Director (GS), Railway Board and Govt. Nominee Director on the Board of RVNL  has been promoted as ....",False,2023-11-01
542649_250,542649,Rail Vikas Nigam Ltd,2025-06-20 20:06:21.050,DissemDT,Potentially Price-Sensitive,Board / Management,1,cc29e0db-cf81-4d2e-abf8-c4f67cb689de,Change in Management,Intimation regarding Change in Management- Appointment,False,2025-06-20
542649_251,542649,Rail Vikas Nigam Ltd,2025-06-23 17:41:07.553,DissemDT,Routine / Lower Signal,Regulatory / Compliance,1,eb9dd798-11e1-4039-b4c1-157b3632a603,Closure of Trading Window,"Intimation regarding Trading Window Closure pursuant to SEBI (Prohibition of Insider Trading) Regulations, 2015.",False,2025-06-23
542649_252,542649,Rail Vikas Nigam Ltd,2025-06-27 18:40:19.273,DissemDT,Routine / Lower Signal,Other,1,f198e4fc-5051-4399-918f-6fcdc9aede62,General,Rail Vikas Nigam Limited emerges as the Lowest Bidder (L1) from South Central Railway- Normal course of business of the Company.,False,2025-06-27
542649_253,542649,Rail Vikas Nigam Ltd,2025-07-02 17:56:14.337,DissemDT,Potentially Price-Sensitive,Board / Management,2,"7befe12d-6cfb-437a-8aec-52d6ea057ba9, e7fcbbe5-9d18-4c86-b34e-98172eeaf018",General; Change in Management,"Board Comments on fine levied by the Exchanges for the quarter ended 31st March, 2025. || Intimation regarding Appointment of Mr. Chandan Kumar Verma, IRAS as Chief Financial Officer of the Company.",False,2025-07-02
542649_254,542649,Rail Vikas Nigam Ltd,2025-07-05 13:11:08.310,DissemDT,Routine / Lower Signal,Other,1,7faf4b51-7c71-4884-82be-cfccfcbe7fa4,General,LOA received from Southern Railway- Normal course of business of the Company,False,2025-07-05
542649_255,542649,Rail Vikas Nigam Ltd,2025-07-08 19:06:07.053,DissemDT,Potentially Price-Sensitive,Board / Management,1,be64ec0b-7a32-4eb4-a2d8-dd6172068a42,Change in Management,Appointment of Chief Vigilance Officer (CFO)-Additional Charge-Senior Management of the Company,False,2025-07-08
542649_256,542649,Rail Vikas Nigam Ltd,2025-07-09 17:53:04.767,DissemDT,Routine / Lower Signal,Regulatory / Compliance,1,16169bf5-0b29-46ff-aeec-a92fbbbdab89,"Certificate under Reg. 74 (5) of SEBI (DP) Regulations, 2018","Certificate under Regulation 74(5) of SEBI (DP) Regulations, 2018 for the quarter ended 30th June, 2025.",False,2025-07-09
542649_257,542649,Rail Vikas Nigam Ltd,2025-07-11 18:09:39.450,DissemDT,Potentially Price-Sensitive,Business / Strategic,1,076d19bb-73cb-4410-8ee7-6713ef6ffcdd,Award of Order / Receipt of Order,"Disclosure under Regulation 30 of SEBI (LODR) Regulations, 2015- Receipt of Letter of Acceptance (LOA) from South Central Railway.",False,2025-07-11
542649_258,542649,Rail Vikas Nigam Ltd,2025-07-14 18:56:50.090,DissemDT,Potentially Price-Sensitive,Business / Strategic,1,4501c67e-13c9-476f-ab1c-3694cae8ccf7,Award of Order / Receipt of Order,RVNL has informed the Exchange about Receipt of Letter of Award (LOA) from Delhi Metro Rail Corporation Limited.,False,2025-07-14
542649_259,542649,Rail Vikas Nigam Ltd,2025-07-22 18:47:25.520,DissemDT,Potentially Price-Sensitive,Business / Strategic,1,a3eaa199-ae4f-4037-a558-4cc3ea30585e,General,"Rail Vikas Nigam Limited (RVNL) signed MoU with Mr. Ashraf Gulam Mohmed Theba, Oman.",False,2025-07-22
542649_26,542649,Rail Vikas Nigam Ltd,2023-11-01 17:13:30.080,DissemDT,Context-Dependent,Investor / Analyst,1,404401e9-d102-4d1d-b4ef-19bd23d55e2a,Analyst / Investor Meet,"Pursuant to the provisions of Regulation 30 read with Part A of Schedule Ill of the SEBI (Listing Obligations and Disclosure Requirements) Regulations, 2015, we wish to inform you that ....",False,2023-11-01
542649_260,542649,Rail Vikas Nigam Ltd,2025-07-25 16:20:05.520,DissemDT,Potentially Price-Sensitive,Board / Management,1,e3515f9e-77ae-423b-a218-4ffaa3bb7470,Change in Management,"Intimation regarding Change in the Senior Management- Mr. Prakash Singh has been appointed as Executive Director (Electrical) of the Company w.e.f. 25th July, 2025.",False,2025-07-25
542649_261,542649,Rail Vikas Nigam Ltd,2025-07-31 16:29:02.090,DissemDT,Potentially Price-Sensitive,Corporate Actions,1,99ef3242-451d-4568-8390-8f60607585b3,General,"Intimation for the 22nd Annual General Meeting (AGM), Book Closure, E-voting and Fixation of Record Date for Final Dividend for FY 2024-25.",False,2025-07-31
542649_262,542649,Rail Vikas Nigam Ltd,2025-07-31 17:01:57.530,DissemDT,Potentially Price-Sensitive,Corporate Actions,1,16a4c0c0-08cd-44e6-aee1-85b24892608e,Record Date,Record date for the purpose of Final Dividend for FY 2024-25 is 21-August-2025.,False,2025-07-31
542649_263,542649,Rail Vikas Nigam Ltd,2025-08-04 16:11:01.587,DissemDT,Potentially Price-Sensitive,Financial Results,1,a879b991-f7c7-4944-bcfc-f708d256e275,Board Meeting,"Rail Vikas Nigam Ltdhas informed BSE that the meeting of the Board of Directors of the Company is scheduled on 12/08/2025 ,inter alia, to consider and approve the Unaudited Financial Results ....",True,2025-08-04
542649_264,542649,Rail Vikas Nigam Ltd,2025-08-06 22:50:48.357,DissemDT,Potentially Price-Sensitive,Board / Management,1,71e81b88-b81a-45c0-bd82-ba75bd5320d8,AGM,Notice of 22nd Annual General Meeting of Rail Vikas Nigam Limited (RVNL),False,2025-08-06
542649_265,542649,Rail Vikas Nigam Ltd,2025-08-07 00:15:24.320,DissemDT,Routine / Lower Signal,Regulatory / Compliance,2,"389f2bf3-5b83-4037-92d7-9aa7e36969a6, 9991838f-243e-4b63-8540-0d077885332e",Reg. 34 (1) Annual Report; Business Responsibility and Sustainability Reporting (BRSR),Annual Report of RVNL for the year 2024-2025 || Business Responsibility and Sustainability Report for the year 2024-2025,False,2025-08-07
542649_266,542649,Rail Vikas Nigam Ltd,2025-08-07 17:38:25.837,DissemDT,Potentially Price-Sensitive,Board / Management,2,"8178e3cc-a8a1-40be-bddb-d9d7ab37f9e4, 9d10ba52-82eb-435c-a9bf-292af47bb718",Change in Directorate; Analyst / Investor Meet,"Mr. Sandeep Jain, Executive Director/PSU ceases to be a Director on the Board of RVNL w.e.f. 07th August, 2025. || Invite for the Investor Conference Call on Tuesday, 12th August, 2025.",False,2025-08-07
542649_267,542649,Rail Vikas Nigam Ltd,2025-08-12 15:11:21.973,DissemDT,Potentially Price-Sensitive,Financial Results,3,"6799d833-aafe-49e5-8111-1bbc596e1f1e, d26f2f3b-71e7-4a24-8d8b-7fa6c4aaa964, 21e85ead-3768-45fc-8452-050f1ff1d23a",Outcome of Board Meeting; Financial Results; General,"Outcome of Board Meeting- Quarterly Financial Results for quarter ended 30.06.2025 || Unaudited Financial Results for the quarter ended 30.06.2025 || Reshuffling of Shareholding Pattern of Kinet Railway Solutions Private Limited, a Joint Venture Company of Rail Vikas Nigam Limited",True,2025-08-12
542649_268,542649,Rail Vikas Nigam Ltd,2025-08-12 18:04:32.200,DissemDT,Context-Dependent,Investor / Analyst,1,e4531f52-3b43-476e-b03f-d6a08f270393,Analyst / Investor Meet,Audio Recording of Conference Call with Investors/Analysts/Institutions,False,2025-08-12
542649_269,542649,Rail Vikas Nigam Ltd,2025-08-13 18:40:40.180,DissemDT,Potentially Price-Sensitive,Business / Strategic,1,d7ffa7fb-a67a-4ed8-8d21-363ab12abd21,Award of Order / Receipt of Order,Receipt of Letter of Acceptance (LOA) from Southern Railway.,False,2025-08-13
542649_27,542649,Rail Vikas Nigam Ltd,2023-11-09 16:37:31.887,DissemDT,Potentially Price-Sensitive,Financial Results,2,"eab44fb7-0346-4414-b532-0b3560b1690f, 8c62e621-47b6-420e-917c-2c7a9c5abd24",Outcome of Board Meeting; Financial Results,Unaudited Financial Results (Standalone & Consolidated) for the Quarter and Half-year ended 30.09.2023<BR> || Unaudited Financial Results (Standalone & Consolidated) for the Quarter and Half-Year ended 30.09.2023,True,2023-11-09
542649_270,542649,Rail Vikas Nigam Ltd,2025-08-14 15:25:48.943,DissemDT,Potentially Price-Sensitive,Business / Strategic,1,7de2ce71-5cf7-4ea2-8f5b-479ee92fe647,Award of Order / Receipt of Order,Receipt of Letter of Acceptance (LOA) from IRCON International Limited.,False,2025-08-14
542649_271,542649,Rail Vikas Nigam Ltd,2025-08-14 19:09:09.590,DissemDT,Context-Dependent,Investor / Analyst,1,1ec199c2-cd7f-4fe8-a705-83a10e8c738c,Earnings Call Transcript,Transcript of Conference Call with Investors.,False,2025-08-14
542649_272,542649,Rail Vikas Nigam Ltd,2025-08-22 18:17:42.357,DissemDT,Routine / Lower Signal,Other,1,b336dafa-aa60-4cdd-ae53-39b224f5d748,General,"Letter from Ministry of Railways (MoR) regarding the post of CMD, RVNL",False,2025-08-22
542649_273,542649,Rail Vikas Nigam Ltd,2025-08-22 20:13:25.747,DissemDT,Routine / Lower Signal,Regulatory / Compliance,1,b3543402-b993-4633-b7e8-16b424113249,Reg. 34 (1) Annual Report,"Annual Report for the year 2024-25 along with Comments of Comptroller and Auditor General of India (C&AG) and Management Replies thereon are attached herewith.


",False,2025-08-22
542649_274,542649,Rail Vikas Nigam Ltd,2025-08-27 20:23:51.347,DissemDT,Potentially Price-Sensitive,Business / Strategic,1,1829f259-04f5-4768-a8c3-10121fa6c607,Memorandum of Understanding /Agreements,Rail Vikas Nigam Limited (RVNL) signed a Joint Venture Agreement with M/s. Texmaco Rail & Engineering Limited.,False,2025-08-27
542649_275,542649,Rail Vikas Nigam Ltd,2025-08-28 15:59:40.773,DissemDT,Potentially Price-Sensitive,Board / Management,1,da7e7c83-8d8d-4b54-98f1-8bcb620f40ea,AGM,Summary Proceedings of the 22nd Annual General Meeting of RVNL held on 28.08.2025.,False,2025-08-28
542649_276,542649,Rail Vikas Nigam Ltd,2025-08-29 19:05:36.957,DissemDT,Potentially Price-Sensitive,Board / Management,1,0ecf10d2-423a-4ff3-8463-b93108a8ce8c,AGM,Voting Results and Scrutinizer Report of 22nd Annual General Meeting of Rail Vikas Nigam Limited,False,2025-08-29
542649_277,542649,Rail Vikas Nigam Ltd,2025-08-29 20:04:50.063,DissemDT,Potentially Price-Sensitive,Board / Management,3,"f6650df8-afbf-4ecf-9301-cffc6604a0bd, e7b53c7e-6451-4c24-bdbd-e9431b0fb93b, ff1885cd-061e-4375-bbe6-125745a55ccc",Change in Management; Change in Directorate; AGM,"Intimation regarding change in Senior Management of the Company, || Intimation regarding Cessation of Chairman & Managing Director. || Appointment of Secretarial Auditor.",False,2025-08-29
542649_278,542649,Rail Vikas Nigam Ltd,2025-08-30 20:13:09.730,DissemDT,Routine / Lower Signal,Other,1,417676e6-1536-4a51-9ade-0a2a11ff6dc0,General,"Imposition of fine by NSE & BSE for the quarter ended 30th June, 2025",False,2025-08-30
542649_279,542649,Rail Vikas Nigam Ltd,2025-09-01 17:36:43.790,DissemDT,Potentially Price-Sensitive,Board / Management,1,4ba41e99-8feb-40ac-a440-6c1e473090f3,Change in Directorate,"Shri Sukhmal Chand Jain, IRSE, AM/L&A, Railway Board has assumed the charge on 01.09.2025 as Chairman & Managing Director of Rail Vikas Nigm Limited.",False,2025-09-01
542649_28,542649,Rail Vikas Nigam Ltd,2023-11-09 18:14:22.190,DissemDT,Routine / Lower Signal,Regulatory / Compliance,2,"86b17fd6-f5e1-42d6-90ef-38aa0dc682aa, 21980921-9473-4641-8707-704ceb6a9dee",General,"Compliance with Regulation 23(9) of SEBI (Listing Obligations and Disclosure requirements) Regulations, 2015. || Action initiated by Ministry of Railways against one of the SPVs of Rail Vikas Nigam Limited.",False,2023-11-09
542649_280,542649,Rail Vikas Nigam Ltd,2025-09-08 18:54:33.143,DissemDT,Potentially Price-Sensitive,Business / Strategic,1,4ff6b746-6296-472d-b97a-ee9af84c18f0,General,Approval for Formation of Wholly Owned Subsidiary Company from Department of Investment and Public Asset Management (DIPAM) - Not granted.,False,2025-09-08
542649_281,542649,Rail Vikas Nigam Ltd,2025-09-10 18:38:57.630,DissemDT,Routine / Lower Signal,Other,1,f25911fc-f6ff-4371-878d-b8d79dfea4a6,General,Rail Vikas Nigam Limited emerges as the Lowest Bidder (L1) from West Central Railway- Normal course of  business of the Company.,False,2025-09-10
542649_282,542649,Rail Vikas Nigam Ltd,2025-09-22 18:08:36.143,DissemDT,Routine / Lower Signal,Other,1,78c8451b-b8e0-4303-a482-771e5f54c285,General,RVNL emerges as Lowest Bidder (L1) from Southern Railway-Normal course of business of the Company.,False,2025-09-22
542649_283,542649,Rail Vikas Nigam Ltd,2025-09-25 17:01:58.550,DissemDT,Routine / Lower Signal,Other,1,cfac62b7-2205-4042-a320-78f6bcfb8001,Closure of Trading Window,"Intimation of Trading Window Closure for the quarter ended 30th September, 2025.",False,2025-09-25
542649_284,542649,Rail Vikas Nigam Ltd,2025-10-01 18:41:55.510,DissemDT,Potentially Price-Sensitive,Board / Management,1,1e1b3e4a-c682-495f-bd21-ce7400e11dcf,Change in Management,"Intimation regarding Appointment of Mr. Mukesh Kumar, an ITS Officer as Chief Vigilance Officer (CVO) of the Company w.e.f. 01.10.2025.",False,2025-10-01
542649_285,542649,Rail Vikas Nigam Ltd,2025-10-03 13:37:24.813,DissemDT,Routine / Lower Signal,Other,1,9f319d17-5869-4b90-bd81-89bb072892ba,General,Rail Vikas Nigam Limited emerges as the Lowest Bidder (L1) from Western Railway- Normal course of business of the Company.,False,2025-10-03
542649_286,542649,Rail Vikas Nigam Ltd,2025-10-14 16:11:39.637,DissemDT,Routine / Lower Signal,Regulatory / Compliance,1,76fd211a-9b28-4d1a-8289-d5bdc55cdcac,"Certificate under Reg. 74 (5) of SEBI (DP) Regulations, 2018","Certificate under Regulation 74(5) of SEBI (Depositories and Participants) Regulations, 2018 for the quarter ended 30th September, 2025.",False,2025-10-14
542649_287,542649,Rail Vikas Nigam Ltd,2025-10-17 19:20:09.303,DissemDT,Routine / Lower Signal,Other,1,aab5bf82-60cf-4a43-9fc7-bfa5b641431c,General,RVNL emerges as Lowest Bidder from South Central Railway- Normal Course Business of the Company.,False,2025-10-17
542649_288,542649,Rail Vikas Nigam Ltd,2025-10-27 17:08:19.683,DissemDT,Routine / Lower Signal,Other,1,987db1b4-f19f-4a57-96d5-971ba720de91,General,Rail Vikas Nigam Limited emerges as the Lowest Bidder (L1) from North Eastern Railway- Normal course of business of the Company.,False,2025-10-27
542649_289,542649,Rail Vikas Nigam Ltd,2025-10-28 18:00:56.950,DissemDT,Potentially Price-Sensitive,Financial Results,1,575bf2de-87a3-4c21-afcc-7a35744653d5,Board Meeting,"Rail Vikas Nigam Ltdhas informed BSE that the meeting of the Board of Directors of the Company is scheduled on 11/11/2025 ,inter alia, to consider and approve Unaudited Financial Results ....",True,2025-10-28
542649_29,542649,Rail Vikas Nigam Ltd,2023-11-10 16:28:20.050,DissemDT,Potentially Price-Sensitive,Financial Results,2,"5a1efe2c-ecb7-43ef-ac40-2523d16e49b4, 360c21db-7d7a-47c9-b571-48627e956385",Newspaper Publication; Analyst / Investor Meet,Newspaper Publication of Unaudited Financial Results(Standalone & Consolidated) for the quarter & half-year ended 30.09.2023 || We write further to our letter of even no. dated 01.11.2023 regarding intimation of the Schedule of Conference Call with Investor/Analyst/Institutions. It is hereby informed that the Audio ....,True,2023-11-10
542649_290,542649,Rail Vikas Nigam Ltd,2025-11-06 17:42:27.720,DissemDT,Routine / Lower Signal,Other,1,538b10cd-c217-41c7-b2eb-a045338c53ba,General,Rail Vikas Nigam Limited emerges as the Lowest Bidder (L1) from Central Railway- Normal course of business of the Company.,False,2025-11-06
542649_291,542649,Rail Vikas Nigam Ltd,2025-11-07 16:49:32.820,DissemDT,Context-Dependent,Investor / Analyst,1,1972e222-4efc-4c3a-8a26-b64b288f17ee,Analyst / Investor Meet,"Invite for Investor Conference Call on Wednesday, 12th November, 2025.",False,2025-11-07
542649_292,542649,Rail Vikas Nigam Ltd,2025-11-10 19:18:46.193,DissemDT,Potentially Price-Sensitive,Business / Strategic,1,2de552fc-43aa-4063-a977-b8829b9c095b,Award of Order / Receipt of Order,Receipt of Letter of Acceptance (LOA) from South Central Railway.,False,2025-11-10
542649_293,542649,Rail Vikas Nigam Ltd,2025-11-11 19:20:09.007,DissemDT,Potentially Price-Sensitive,Financial Results,3,"8e076eaa-5046-4acc-86e4-5572c419f5d5, 5138ed0a-c4d0-477a-bf6e-ebbbcc3dd17a, 8dfb8967-d8c3-46ca-9368-2eb49ae4d456",Outcome of Board Meeting; Financial Results; General,"Outcome of Board Meeting. || Unaudited Financial Result (Standalone and Consolidated) for the Quarter and Half Year ended 30.09.2025 || Board Comments on fine levied by the Exchanges for the quarter ended 30th June, 2025.",True,2025-11-11
542649_294,542649,Rail Vikas Nigam Ltd,2025-11-11 20:46:23.950,DissemDT,Potentially Price-Sensitive,Board / Management,1,74961ce4-0c1b-4911-945e-822cc5e2ad79,General,Appointment of Internal Auditor,False,2025-11-11
542649_295,542649,Rail Vikas Nigam Ltd,2025-11-12 18:40:18.843,DissemDT,Context-Dependent,Investor / Analyst,1,10caffd0-71b2-45ac-916a-bd6cf069e579,Analyst / Investor Meet,Audio recording of Conference Call with Investors/Analysts/Institutions.,False,2025-11-12
542649_296,542649,Rail Vikas Nigam Ltd,2025-11-17 16:59:31.253,DissemDT,Context-Dependent,Investor / Analyst,1,d98cfc1d-f8fc-4539-8545-ee8d9903d4a7,Earnings Call Transcript,Rail Vikas Nigam Limited has informed about Transcript of Conference Call with Investors.,False,2025-11-17
542649_297,542649,Rail Vikas Nigam Ltd,2025-11-21 17:34:02.050,DissemDT,Routine / Lower Signal,Other,1,98ab882e-27f2-4b97-9d83-98a7d9ea5d29,General,Rail Vikas Nigam Limited emerges as the Lowest Bidder (L1) from North Eastern Railway- Normal course of business of the Company.,False,2025-11-21
542649_298,542649,Rail Vikas Nigam Ltd,2025-11-27 17:22:56.880,DissemDT,Potentially Price-Sensitive,Business / Strategic,1,47ba9c07-2a2f-4de9-8ac1-479527845129,Award of Order / Receipt of Order,"Disclosure under Regulation 30 of SEBI (LODR) Regulations, 2015- Receipt of Letter of Award (LOA) from East Coast Railway.",False,2025-11-27
542649_299,542649,Rail Vikas Nigam Ltd,2025-11-28 18:47:58.210,DissemDT,Routine / Lower Signal,Regulatory / Compliance,1,a0bfb0ae-f43d-40f6-a650-ac97bc8c01ac,General,"Disclosure under Regulation 30 of SEBI (LODR) Regulations, 2015- Imposition of fine by NSE for the quarter ended 30th September, 2025.",False,2025-11-28
542649_3,542649,Rail Vikas Nigam Ltd,2023-08-23 18:36:40.897,DissemDT,Context-Dependent,Investor / Analyst,1,d833e701-87d8-4a3b-b3db-c9d97100d440,Earnings Call Transcript,Transcript of Conference call with Investors held on 17.08.2023,False,2023-08-23
542649_30,542649,Rail Vikas Nigam Ltd,2023-11-13 17:32:11.810,DissemDT,Routine / Lower Signal,Regulatory / Compliance,1,bdc0a135-2e59-4ea4-8e55-175212a7c297,General,"Amendments in ""Related Party Transactions Policy & Procedures and Corporate Policy on Materiality for Disclosure of Events"" of Rail Vikas Nigam Limited.",False,2023-11-13
542649_300,542649,Rail Vikas Nigam Ltd,2025-11-29 15:25:59.600,DissemDT,Routine / Lower Signal,Regulatory / Compliance,1,1c257b40-5c15-475d-9b3f-8b000c9b46b2,General,"Disclosure under Regulation 30 of SEBI (LODR) Regulations, 2015-Imposition of fine by BSE for the quarter ended 30th September, 2025.",False,2025-11-29
542649_301,542649,Rail Vikas Nigam Ltd,2025-12-03 19:22:03.883,DissemDT,Potentially Price-Sensitive,Business / Strategic,2,"fe5daa89-08c8-4944-b986-4cd19a251664, a02dc4b0-91c4-4f6f-a460-b80576bab420",Award of Order / Receipt of Order; Change in Management,"Disclosure under Regulation 30 of SEBI (LODR) Regulations, 2015- Receipt of Letter of Acceptance (LOA) from Southern Railway. || Intimation regarding change in Senior Management",False,2025-12-03
542649_302,542649,Rail Vikas Nigam Ltd,2025-12-16 22:21:08.647,DissemDT,Potentially Price-Sensitive,Business / Strategic,1,0ee21caf-31e6-4792-85e9-320bfc245137,Award of Order / Receipt of Order,"Disclosure under Regulation 30 of SEBI (LODR) Regulations, 2015- Receipt of Letter of Award (LOA) from North Eastern Railway.",False,2025-12-16
542649_303,542649,Rail Vikas Nigam Ltd,2025-12-18 14:25:13.927,DissemDT,Routine / Lower Signal,Other,1,0eeaf373-f8c1-4896-9078-19cd370201c4,General,"Demand Notice received from the Office of the Senior Joint Commissioner, Large Taxpayer Unit, Corporate Division, Kolkata, West Bengal",False,2025-12-18
542649_304,542649,Rail Vikas Nigam Ltd,2025-12-22 15:00:06.073,DissemDT,Routine / Lower Signal,Other,1,a58bc3bf-d8fb-490c-8210-c01115e0c2f4,General,"Demand Notice received from the Office of the Assistant Commissioner (ST), Alwarpet, South-I, Chennai South, Tamil Nadu.",False,2025-12-22
542649_305,542649,Rail Vikas Nigam Ltd,2025-12-23 11:34:40.757,DissemDT,Routine / Lower Signal,Other,1,4a82071b-9f3c-4800-a1d1-57cd224ca611,General,"Demand Notice received from the Office of the Deputy Commissioner DGSTO-1, Bengaluru, Karnataka",False,2025-12-23
542649_306,542649,Rail Vikas Nigam Ltd,2025-12-23 19:20:35.413,DissemDT,Potentially Price-Sensitive,Board / Management,2,"ad03336d-57a9-41b4-bf22-167762991480, 738bcc49-248c-49a1-b030-92666f6d1014",Cessation; Change in Directorate,Rail Vikas Nigam Limited has informed the Exchange regarding Cessation of Mr. Sukhmal Chand Jain as Chairman & Managing Director of the company w.e.f. 23.12.2025 (A/N). || Rail Vikas Nigam Limited has informed the Exchange regarding Appointment of Mr. Saleem Ahmad as Chairman & Managing Director of the company w.e.f. 23.12.2025 (A/N).,False,2025-12-23
542649_307,542649,Rail Vikas Nigam Ltd,2025-12-24 11:46:45.857,DissemDT,Routine / Lower Signal,Other,2,"6acabecc-b26e-4296-92fa-6038e2a88226, cfc3acad-5918-456f-8e0c-5835f93a4a5c",General; Closure of Trading Window,"Demand Notice received from the Office of the Assistant Commissioner Range-2, Division-1, Ahmedabad, Gujarat state || Intimation of Trading Window Closure for the quarter ended 31st December, 2025.",False,2025-12-24
542649_308,542649,Rail Vikas Nigam Ltd,2025-12-24 13:34:43.223,DissemDT,Routine / Lower Signal,Other,1,9c8b885a-43e7-4d8e-bdbf-fcc80e676ed2,General,"Demand Notice received from the Office of the Deputy Commissioner Jurisdiction: BEGUMPET STU3, Telangana State, Hyderabad",False,2025-12-24
542649_309,542649,Rail Vikas Nigam Ltd,2025-12-29 17:13:35.463,DissemDT,Routine / Lower Signal,Other,1,115f816b-f1d8-4b37-a6db-0b2198520c13,General,Rail Vikas Nigam Limited emerges as the Lowest Bidder (L1) from East Coast Railway- Normal course of business of the Company.,False,2025-12-29
542649_31,542649,Rail Vikas Nigam Ltd,2023-11-13 18:17:47.483,DissemDT,Potentially Price-Sensitive,Business / Strategic,1,f19fe818-04e3-43b2-9f2b-82ab1841e826,Award of Order / Receipt of Order,Letter of acceptance (LOA) received from Central Railway,False,2023-11-13
542649_310,542649,Rail Vikas Nigam Ltd,2025-12-29 18:16:06.773,DissemDT,Potentially Price-Sensitive,Business / Strategic,1,c3b03e50-7404-4401-8542-517ee2a60c38,Clarification,"The Exchange has sought clarification from Rail Vikas Nigam Ltd on December 29, 2025 with reference to significant movement in price, in order to ensure that investors have latest relevant ....",False,2025-12-29
542649_311,542649,Rail Vikas Nigam Ltd,2025-12-30 15:35:54.120,DissemDT,Routine / Lower Signal,Regulatory / Compliance,1,46e2b436-b2c2-4266-948d-d4ff2ef1c8fc,General,Clarification on BSE email dated 29.12.2025 regarding price movement.,False,2025-12-30
542649_312,542649,Rail Vikas Nigam Ltd,2026-01-02 15:37:43.007,DissemDT,Potentially Price-Sensitive,Business / Strategic,1,0b38dc8c-da53-4118-a245-6ff54bd8d513,Change in Directorate,Appointment of Shri Amit Tandon as Director (Projects) of the Company.,False,2026-01-02
542649_313,542649,Rail Vikas Nigam Ltd,2026-01-05 17:54:22.883,DissemDT,Potentially Price-Sensitive,Board / Management,1,c008e1c0-a51e-498e-be4a-24ee3dfb0b19,Cessation,Cessation of Mr. Prem Sagar Gupta as Part-time (Official) Director of the Company.,False,2026-01-05
542649_314,542649,Rail Vikas Nigam Ltd,2026-01-08 12:42:43.773,DissemDT,Routine / Lower Signal,Regulatory / Compliance,1,626131ae-5d4b-4840-b14a-75af03ce47f6,"Certificate under Reg. 74 (5) of SEBI (DP) Regulations, 2018","Certificate under Regulation 74(5) of SEBI (Depositories and Participants) Regulations, 2018 for the quarter ended 31st December, 2025.",False,2026-01-08
542649_315,542649,Rail Vikas Nigam Ltd,2026-01-08 15:54:56.640,DissemDT,Potentially Price-Sensitive,Business / Strategic,1,6ef3aaee-57d4-45d7-bdf7-5fcd9044320a,Award of Order / Receipt of Order,"Disclosure under Regulation 30 of SEBI (LODR) Regulations, 2015- Receipt of Letter of Acceptance (LOA) from East Coast Railway.",False,2026-01-08
542649_316,542649,Rail Vikas Nigam Ltd,2026-01-13 18:14:02.760,DissemDT,Context-Dependent,Investor / Analyst,1,4cafa9ad-4878-4088-9d2a-5a42ee612151,General,"Newspaper Publication on Investor awareness (""Saksham Niveshak"").",False,2026-01-13
542649_317,542649,Rail Vikas Nigam Ltd,2026-01-15 18:50:42.300,DissemDT,Routine / Lower Signal,Regulatory / Compliance,2,"91c3d5d9-e01e-4530-a3f2-9ca18e5ca5cc, 84fdc901-f8db-4fc1-bf8d-f0876cbcd8e0",General; Change in Registered Office Address,"Board Comments on fine levied by the Exchanges for the quarter ended 30th September, 2025 || Intimation regarding change in the Registered and Corporate Office of the Company.",False,2026-01-15
542649_318,542649,Rail Vikas Nigam Ltd,2026-01-16 16:19:28.163,DissemDT,Routine / Lower Signal,Other,1,b355c8bd-ce05-4285-a762-116e4e4f57ea,General,Rail Vikas Nigam Limited emerges as the Lowest Bidder (L1) from South Eastern Railway- Normal course of business of the Company,False,2026-01-16
542649_319,542649,Rail Vikas Nigam Ltd,2026-01-22 19:03:35.657,DissemDT,Potentially Price-Sensitive,Board / Management,1,096a0a2a-95a2-4aa0-bd3b-1c57b0eaf3cf,Change in Management,Appointment of Mr. Baldev Singh Jaryal as Executive Director (Civil) of the Company w.e.f. 22.01.2026.,False,2026-01-22
542649_32,542649,Rail Vikas Nigam Ltd,2023-11-15 16:52:26.203,DissemDT,Context-Dependent,Investor / Analyst,1,e4446626-26fd-4ba5-8e4a-6ac09163820b,Earnings Call Transcript,Transcript of Investor call held on 10.11.2023.,False,2023-11-15
542649_320,542649,Rail Vikas Nigam Ltd,2026-01-22 19:45:18.080,DissemDT,Potentially Price-Sensitive,Board / Management,1,3a3ea84b-0668-4d34-b322-7ba40eac865a,General,"Appointment of Shri B.K. Jain, Executive Director/L&A, Railway Board as Part-time Government Director on the Board of Rail Vikas Nigam Limited (RVNL).",False,2026-01-22
542649_321,542649,Rail Vikas Nigam Ltd,2026-01-27 17:39:41.033,DissemDT,Potentially Price-Sensitive,Financial Results,1,b9f77c39-83f2-483b-9a80-b3abf773b2fb,Board Meeting,"Rail Vikas Nigam Ltdhas informed BSE that the meeting of the Board of Directors of the Company is scheduled on 05/02/2026 ,inter alia, to consider and approve Unaudited Financial Results ....",True,2026-01-27
542649_322,542649,Rail Vikas Nigam Ltd,2026-01-27 18:16:17.363,DissemDT,Routine / Lower Signal,Other,1,fb8da421-7cf9-4485-9dc5-3a34dd876a18,General,Rail Vikas Nigam Limited emerges as the Lowest Bidder (L1) from South Central Railway- Normal course of business of the Company.,False,2026-01-27
542649_323,542649,Rail Vikas Nigam Ltd,2026-01-28 16:05:01.147,DissemDT,Potentially Price-Sensitive,Board / Management,1,7331d007-1599-49a3-ae70-0c1f1c10f8b2,Change in Directorate,Appointment of Mr. B.K. Jain as Part-Time (Official) Director on the Board of the Company.,False,2026-01-28
542649_324,542649,Rail Vikas Nigam Ltd,2026-01-28 18:44:15.290,DissemDT,Routine / Lower Signal,Other,1,86c944ee-ddb9-4b55-898a-933a08d8736f,General,M/s RVNL-GPT JV emerges as the Lowest Bidder (L1) from Northern Railway- Normal course of business of the Company,False,2026-01-28
542649_325,542649,Rail Vikas Nigam Ltd,2026-01-29 13:46:09.170,DissemDT,Context-Dependent,Investor / Analyst,1,5364f565-4e83-4cc6-8c0f-0bd54741b2ee,Analyst / Investor Meet,"Invite for Investor Conference Call on Friday, 6th February, 2026",False,2026-01-29
542649_326,542649,Rail Vikas Nigam Ltd,2026-01-29 18:30:16.550,DissemDT,Potentially Price-Sensitive,Board / Management,1,fb4fd71a-f978-420f-a65e-9a594ef08788,Board Meeting,"Rail Vikas Nigam Ltdhas informed BSE that the meeting of the Board of Directors of the Company is scheduled on 05/02/2026 ,inter alia, to consider and approve Intimation of Board Meeting- ....",False,2026-01-29
542649_327,542649,Rail Vikas Nigam Ltd,2026-02-05 15:24:07.850,DissemDT,Potentially Price-Sensitive,Financial Results,4,"d5e6629d-d71e-48be-a7d6-b8afb706eb54, 89bfbc75-e9c3-471c-8c83-9100d25f670f, 0527c02a-8b30-442c-aa7e-e8a44ce96cc1, 0325cadc-1f9f-45d4-ba7d-b9203b950fe6",Outcome of Board Meeting; Financial Results; Dividend; Record Date,Outcome of Board Meeting- Unaudited Financial Results for quarter ended 31.12.2025 and declaration of Interim Dividend for FY 2025-26. || Unaudited Financial Results for quarter ended 31.12.2025 and declaration of interim Dividend for FY 2025-26. || Board approved Interim Dividend for FY 2025-26. || Record date for Interim Dividend for FY 2025-26.,True,2026-02-05
542649_328,542649,Rail Vikas Nigam Ltd,2026-02-06 22:29:21.063,DissemDT,Context-Dependent,Investor / Analyst,1,13e15815-6186-4a49-ab27-0aeb25909bc7,Analyst / Investor Meet,Audio recording of Conference Call with Investors/Analysts/Institutions,False,2026-02-06
542649_329,542649,Rail Vikas Nigam Ltd,2026-02-09 18:13:53.910,DissemDT,Context-Dependent,Investor / Analyst,1,febcffb4-19bc-4019-9501-ebc8da3b99fd,Earnings Call Transcript,Transcript of Conference Call with Investors,False,2026-02-09
542649_33,542649,Rail Vikas Nigam Ltd,2023-11-16 18:34:07.220,DissemDT,Potentially Price-Sensitive,Credit / Financing,1,bdeea4b8-81e1-478d-8763-c06635023378,Credit Rating,Credit Rating obtained by RVNL,False,2023-11-16
542649_330,542649,Rail Vikas Nigam Ltd,2026-02-18 15:01:19.123,DissemDT,Potentially Price-Sensitive,Business / Strategic,1,52581361-1c64-4d88-98c3-7a049e576a8b,Award of Order / Receipt of Order,"Disclosure under Regulation 30 of SEBI (LODR) Regulations, 2015- Receipt of Letter of Acceptance (LOA) from Northern Railway",False,2026-02-18
542649_331,542649,Rail Vikas Nigam Ltd,2026-02-19 18:07:12.297,DissemDT,Potentially Price-Sensitive,Business / Strategic,1,b64e2441-a7f4-430e-b50d-6975a8aa0e02,General,Execution of Strategic Joint Venture Shareholders'' Agreement with Texmaco Rail & Engineering Limited,False,2026-02-19
542649_332,542649,Rail Vikas Nigam Ltd,2026-02-24 16:10:22.397,DissemDT,Potentially Price-Sensitive,Business / Strategic,1,10bebed8-badd-460b-8b42-d10432ddd6a7,Award of Order / Receipt of Order,"Disclosure under Regulation 30 of SEBI (LODR) Regulations, 2015- Receipt of Letter of Acceptance (LOA) from Central Railway.",False,2026-02-24
542649_333,542649,Rail Vikas Nigam Ltd,2026-02-25 22:34:33.107,DissemDT,Potentially Price-Sensitive,Business / Strategic,2,"111a6c40-859a-4a24-9c0f-07dccd2a2e2e, c38f83b7-fff7-47ad-bed0-752e497fdcfa",Award of Order / Receipt of Order,"Disclosure under Regulation 30 of SEBI (LODR) Regulations, 2015- Receipt of LOA from National Mineral Development Corporation (NMDC) || Disclosure under Regulation 30 of SEBI (LODR) Regulations, 2015- Receipt of LOA from National Mineral Development Corporation (NMDC)",False,2026-02-25
542649_334,542649,Rail Vikas Nigam Ltd,2026-02-26 14:47:21.043,DissemDT,Potentially Price-Sensitive,Business / Strategic,3,"c220162d-8ece-4a30-b1a1-c1f183cc6852, 58ad763b-3194-4392-ae9b-e2ba57119b18, 197a7aba-4417-4eec-9007-5ec8f9b05ff2",Award of Order / Receipt of Order,"Disclosure under Regulation 30 of SEBI (LODR) Regulations, 2015- Receipt of Letter of Award (LOA) from National Mineral Development Corporation (NMDC) Limited || Disclosure under Regulation 30 of SEBI (LODR) Regulations, 2015- Receipt of Letter of Award (LOA) from National Mineral Development Corporation (NMDC) Limited || Disclosure under Regulation 30 of SEBI (LODR) Regulations, 2015- Receipt of Letter of Award from National Mineral Development Corporation (NMDC) Limited.",False,2026-02-26
542649_335,542649,Rail Vikas Nigam Ltd,2026-03-02 18:18:03.507,DissemDT,Routine / Lower Signal,Regulatory / Compliance,1,792908b1-6d8e-4014-8327-87de96f6a258,General,"Disclosure under Regulation 30 of SEBI (LODR) Regulations, 2015- Imposition of fine by NSE & BSE for the quarter ended 31st December, 2025",False,2026-03-02
542649_336,542649,Rail Vikas Nigam Ltd,2026-03-02 19:09:30.787,DissemDT,Potentially Price-Sensitive,Board / Management,1,a956eb69-d2f2-472a-8076-bc747d29968a,Change in Management,Intimation regarding Change in Senior Management-Appointment,False,2026-03-02
542649_337,542649,Rail Vikas Nigam Ltd,2026-03-05 17:19:20.093,DissemDT,Potentially Price-Sensitive,Credit / Financing,1,eff05f38-9ac6-422e-bd81-80f2d428ff79,Credit Rating,Intimation of Credit Rating obtained by RVNL,False,2026-03-05
542649_338,542649,Rail Vikas Nigam Ltd,2026-03-06 12:37:49.390,DissemDT,Routine / Lower Signal,Regulatory / Compliance,1,f43524e6-a222-4275-89db-3c254052df1d,Clarification,"The Exchange has sought clarification from Rail Vikas Nigam Ltd on March 6, 2026, with reference to news appeared in https://www.ndtvprofit.com dated March 6, 2026 quoting ""Ministry Of ....",False,2026-03-06
542649_339,542649,Rail Vikas Nigam Ltd,2026-03-06 15:24:48.647,DissemDT,Potentially Price-Sensitive,Business / Strategic,1,1fa06f29-e8ba-4a8f-a974-fd6ff4e55597,Other,"Clarification /Confirmation on news item appearing in ""Media/Publication"".",False,2026-03-06
542649_34,542649,Rail Vikas Nigam Ltd,2023-11-23 18:03:25.640,DissemDT,Routine / Lower Signal,Other,1,e1733a5a-36c1-4d99-8614-967f99d90c64,General,"Imposition of fine by NSE and BSE for the quarter ended 30th September, 2023.",False,2023-11-23
542649_340,542649,Rail Vikas Nigam Ltd,2026-03-12 17:06:17.377,DissemDT,Potentially Price-Sensitive,Board / Management,1,0dd3ca3e-2065-4291-8bf5-40bb6eae4a8d,Change in Management,Intimation regarding Change in the Senior Management- Appointment,False,2026-03-12
542649_341,542649,Rail Vikas Nigam Ltd,2026-03-16 15:56:15.783,DissemDT,Potentially Price-Sensitive,Business / Strategic,1,37b7cd14-dd3b-45fc-8208-c89957e9753b,Award of Order / Receipt of Order,Receipt of LOA from National Mineral Development Corporation (NMDC) Limited,False,2026-03-16
542649_342,542649,Rail Vikas Nigam Ltd,2026-03-25 18:32:25.540,DissemDT,Routine / Lower Signal,Other,1,f29f1d41-e3f2-4fbe-ade1-b0f397a62ac5,Closure of Trading Window,"Intimation of Trading Window Closure for the quarter and year ended 31st March, 2026.",False,2026-03-25
542649_343,542649,Rail Vikas Nigam Ltd,2026-04-02 18:32:39.897,DissemDT,Potentially Price-Sensitive,Business / Strategic,1,917c7d74-79d6-4d13-a733-d8db48fde6e0,Award of Order / Receipt of Order,Receipt of LOA from South Central Railway,False,2026-04-02
542649_344,542649,Rail Vikas Nigam Ltd,2026-04-08 12:35:11.977,DissemDT,Routine / Lower Signal,Regulatory / Compliance,1,26c10b12-d995-4f9d-992a-50ecc29b7c63,"Certificate under Reg. 74 (5) of SEBI (DP) Regulations, 2018","Certificate under Regulation 74(5) of SEBI (Depositories and Participants) Regulations, 2018 for the quarter ended 31st March, 2026.",False,2026-04-08
542649_345,542649,Rail Vikas Nigam Ltd,2026-04-16 18:12:32.467,DissemDT,Routine / Lower Signal,Other,1,80569b3d-5baa-4a40-a174-b6c05ff90ee3,General,Rail Vikas Nigam Limited emerges as the Lowest Bidder (L1) from East Coast Railway- Normal course of business of the Company.,False,2026-04-16
542649_346,542649,Rail Vikas Nigam Ltd,2026-04-17 17:56:14.363,DissemDT,Potentially Price-Sensitive,Board / Management,1,845dbc45-bea4-48bd-a47c-446db8e7b7f5,Change in Management,"Appointment of Mr. Ashutosh Gautam as Executive Director (Civil) of the Company w.e.f. 17th April, 2026 (A/N).",False,2026-04-17
542649_347,542649,Rail Vikas Nigam Ltd,2026-04-28 18:14:37.087,DissemDT,Potentially Price-Sensitive,Business / Strategic,1,fdb1793e-f5ab-46e4-8f34-dc37ca1bfe68,Award of Order / Receipt of Order,Receipt of LOA from NMDC Limited.,False,2026-04-28
542649_348,542649,Rail Vikas Nigam Ltd,2026-04-30 18:03:39.053,DissemDT,Routine / Lower Signal,Regulatory / Compliance,1,76fd8838-b11c-4dc8-acab-9a1d64ca700f,Retirement,Intimation regarding Change in Management- Superannuation,False,2026-04-30
542649_349,542649,Rail Vikas Nigam Ltd,2026-05-08 16:08:53.953,DissemDT,Potentially Price-Sensitive,Financial Results,1,ed8ff58e-bb87-4f4a-989c-6692df934e72,Board Meeting,"Rail Vikas Nigam Ltdhas informed BSE that the meeting of the Board of Directors of the Company is scheduled on 21/05/2026 ,inter alia, to consider and approve the Audited Financial Results ....",True,2026-05-08
542649_35,542649,Rail Vikas Nigam Ltd,2023-12-04 17:08:15.157,DissemDT,Potentially Price-Sensitive,Board / Management,1,d0f6a759-bb9c-46fc-8aa8-c3b48f206bbd,Change in Directorate,Appointment of Part-time (official) Government Nominee Director of the Board of Rail Vikas Nigam Limited (RVNL).,False,2023-12-04
542649_350,542649,Rail Vikas Nigam Ltd,2026-05-12 18:16:05.257,DissemDT,Routine / Lower Signal,Other,1,0bd5714f-6e37-4c13-866d-a5c21ce23e7e,General,Rail Vikas Nigam Limited emerges as the Lowest Bidder (L1) from South East Central Railway- Normal course of business of the Company.,False,2026-05-12
542649_351,542649,Rail Vikas Nigam Ltd,2026-05-14 18:28:21.230,DissemDT,Potentially Price-Sensitive,Financial Results,1,75f554fa-f30e-45af-b5c4-cf16b1416367,Board Meeting Rescheduled,"Rail Vikas Nigam Ltdhas informed BSE that the meeting of the Board of Directors of the Company is scheduled on 25/05/2026 ,inter alia, to consider and approve Financial Results (Standalone ....",True,2026-05-14
542649_352,542649,Rail Vikas Nigam Ltd,2026-05-19 18:11:50.777,DissemDT,Context-Dependent,Investor / Analyst,1,67b24537-65d7-4659-b1c1-91c02a3dcb04,Analyst / Investor Meet,"Invite for Investor Conference Call on Tuesday, 26th May, 2026.",False,2026-05-19
542649_353,542649,Rail Vikas Nigam Ltd,2026-05-20 14:37:11.137,DissemDT,Routine / Lower Signal,Other,1,580633f9-9a4e-431f-a699-8ad6f85ec978,General,Rail Vikas Nigam Limited emerges as the Lowest Bidder (L1) from North Eastern Railway- Normal course of business of the Company.,False,2026-05-20
542649_354,542649,Rail Vikas Nigam Ltd,2026-05-20 18:09:40.240,DissemDT,Routine / Lower Signal,Other,1,8bbcdf5e-584d-4150-982b-df4b7af93cc9,General,Rail Vikas Nigam Limited emerges as the Lowest Bidder (L1) from East Coast Railway- Normal course of business of the Company.,False,2026-05-20
542649_355,542649,Rail Vikas Nigam Ltd,2026-05-22 12:34:21.470,DissemDT,Potentially Price-Sensitive,Business / Strategic,2,"3ae20c59-7b1d-412a-9d82-0e3b558e5b29, 19dd0b51-09c8-4fc0-9d27-9df67ca0aebe",General; Award of Order / Receipt of Order,"Rail Vikas Nigam Limited emerges as the Lowest Bidder (L1) from West Central Railway- Normal course of business of the Company. || Disclosure under Regulation 30 of SEBI (LODR) Regulations, 2015- Receipt of Letter of Award of Contract from NMDC Limited.",False,2026-05-22
542649_356,542649,Rail Vikas Nigam Ltd,2026-05-25 18:12:06.523,DissemDT,Potentially Price-Sensitive,Financial Results,1,08b619de-752c-47d5-9533-14841909d5ad,Outcome of Board Meeting,"1. Consideration and Approval of Audited Financial Results for the year ended 31st March, 2026
2. Recommendation of Final Dividend for FY 2025-26 and 
3. Closure of RVNL JV company M/s. ....",True,2026-05-25
542649_357,542649,Rail Vikas Nigam Ltd,2026-05-25 19:01:52.817,DissemDT,Potentially Price-Sensitive,Financial Results,2,"6671deef-f7e6-47f6-ad30-921b76bb9cde, 01232598-da6a-4f47-b9fa-947452037290",Financial Results; General,Board has approved the Financial Results for the quarter and year ended 31.03.2026 || Closure of RVNL JV company M/s. Kyrgyzindustry- RVNL CJSC in Kyrgyzstan.,True,2026-05-25
542649_358,542649,Rail Vikas Nigam Ltd,2026-05-26 17:11:06.047,DissemDT,Context-Dependent,Investor / Analyst,1,51ed69db-6fb4-4ba0-bd48-df0576774780,Analyst / Investor Meet,Audio recording of Conference Call with Investors/Analysts/Institutions,False,2026-05-26
542649_359,542649,Rail Vikas Nigam Ltd,2026-05-27 18:03:05.167,DissemDT,Routine / Lower Signal,Regulatory / Compliance,1,ae7797c7-23e1-46a6-ada0-410468c0b4c8,General,"Disclosure under Regulation 30 of SEBI (LODR) Regulations, 2015- Imposition of fine by BSE for the quarter ended 31st March, 2026",False,2026-05-27
542649_36,542649,Rail Vikas Nigam Ltd,2023-12-11 17:45:09.053,DissemDT,Routine / Lower Signal,Regulatory / Compliance,1,95641774-d3c6-4c08-96a9-e3aaa8801e11,General,"Disclosure under Regulation 30 of SEBI (LODR) Regulations, 2015, M/s RVNL-URC JV emerges as the Lowest Bidder (L1).",False,2023-12-11
542649_360,542649,Rail Vikas Nigam Ltd,2026-05-27 22:30:35.700,DissemDT,Routine / Lower Signal,Regulatory / Compliance,1,4668058f-86e6-4df9-8718-e84d55fa7376,General,"Disclosure under Regulation 30 of SEBI (LODR) Regulations, 2015- Imposition of fine by NSE for the quarter ended 31st March, 2026.",False,2026-05-27
542649_361,542649,Rail Vikas Nigam Ltd,2026-06-02 12:48:08.250,DissemDT,Context-Dependent,Investor / Analyst,1,704ecf99-f228-43b3-85c6-29430dfac8f3,Earnings Call Transcript,Transcript of Conference Call with Investors,False,2026-06-02
542649_362,542649,Rail Vikas Nigam Ltd,2026-06-08 17:38:49.373,DissemDT,Potentially Price-Sensitive,Business / Strategic,1,6c0603a5-2871-41f9-b9a3-b59a59538dad,Award of Order / Receipt of Order,"Disclosure under Regulation 30 of SEBI (LODR) Regulations, 2015- Letter of Acceptance.",False,2026-06-08
542649_363,542649,Rail Vikas Nigam Ltd,2026-06-17 18:52:48.483,DissemDT,Potentially Price-Sensitive,Business / Strategic,1,b2e8f935-cd4b-4e69-9657-912c375eb729,Award of Order / Receipt of Order,"Disclosure under Regulation 30 of SEBI (LODR) Regulations, 2015- Letter of Acceptance",False,2026-06-17
542649_364,542649,Rail Vikas Nigam Ltd,2026-06-20 12:10:43.660,DissemDT,Potentially Price-Sensitive,Business / Strategic,1,958be8c1-c4aa-49ae-b9d6-bbc2769cfd5d,Award of Order / Receipt of Order,"Disclosure under Regulation 30 of SEBI (LODR) Regulations, 2015- Letter of Award of Contract from NMDC Limited.",False,2026-06-20
542649_365,542649,Rail Vikas Nigam Ltd,2026-06-25 16:12:34.593,DissemDT,Routine / Lower Signal,Regulatory / Compliance,1,704a96e5-224f-4519-ba2b-e5deb7135255,Closure of Trading Window,"Intimation of Trading Window Closure pursuant to SEBI (Prohibition of Insider Trading) Regulations, 2015",False,2026-06-25
542649_366,542649,Rail Vikas Nigam Ltd,2026-07-07 14:30:35.947,DissemDT,Routine / Lower Signal,Regulatory / Compliance,1,684945ba-46c5-41df-8aff-d837f9c608ec,"Certificate under Reg. 74 (5) of SEBI (DP) Regulations, 2018","Certificate under Regulation 74(5) of SEBI (Depositories and Participants) Regulations, 2018 for the quarter ended 30th June, 2026.",False,2026-07-07
542649_367,542649,Rail Vikas Nigam Ltd,2026-07-13 16:56:04.407,DissemDT,Potentially Price-Sensitive,Board / Management,1,5dc0aa19-6bdd-4d27-8dd0-1dd0e222010c,Change in Management,Intimation regarding Change in the Senior Management- Appointment,False,2026-07-13
542649_368,542649,Rail Vikas Nigam Ltd,2026-07-15 15:06:38.280,DissemDT,Potentially Price-Sensitive,Corporate Actions,1,8d363659-2906-40c8-949c-46f060ea2c49,Newspaper Publication,Newspaper Publication for Transfer of Unpaid Dividend/ Equity Shares of the Company to IEPF Authority,False,2026-07-15
542649_369,542649,Rail Vikas Nigam Ltd,2026-07-15 17:49:20.957,DissemDT,Potentially Price-Sensitive,Board / Management,1,39ae933a-b847-4c1e-badd-b831b1e3ad35,Change in Management,Intimation regarding Change in the Senior Management- Appointment,False,2026-07-15
542649_37,542649,Rail Vikas Nigam Ltd,2023-12-19 16:43:43.227,DissemDT,Routine / Lower Signal,Other,1,42e30922-10b7-494e-8493-485bbc8ae56b,General,M/s KRDCL-RVNL JV emerges as the Lowest Bidder (L1).,False,2023-12-19
542649_370,542649,Rail Vikas Nigam Ltd,2026-07-17 13:59:31.243,DissemDT,Potentially Price-Sensitive,Business / Strategic,1,cd3ac064-7a70-4cc8-b371-63797b025a51,General,Rail Vikas Nigam Limited (RVNL) has signed MoU with the Government of Goa (GoG),False,2026-07-17
542649_371,542649,Rail Vikas Nigam Ltd,2026-07-20 14:22:20.480,DissemDT,Routine / Lower Signal,Other,1,d0248815-4c61-4051-9093-a66db2e1e1f1,General,Rail Vikas Nigam Limited emerges as the Lowest Bidder (L1) from East Central Railway- Normal course of business of the Company.,False,2026-07-20
542649_372,542649,Rail Vikas Nigam Ltd,2026-07-25 13:07:53.740,DissemDT,Potentially Price-Sensitive,Board / Management,2,"8b3ba119-f1e4-4f23-be72-bdf2c340a023, c0979737-26d1-4a8d-84c6-dd3f04b0375b",General,"Outcome of Board Meeting of Rail Vikas Nigam Limited held on 25th July, 2026. || Board Comments on fine levied by the Exchanges.",False,2026-07-25
542649_373,542649,Rail Vikas Nigam Ltd,2026-07-28 16:57:05.540,DissemDT,Potentially Price-Sensitive,Corporate Actions,2,"299a0687-e0ad-47b1-b86d-2927a359466e, e5ee9a61-8b14-4e13-9c04-516f8db09715",General; Record Date,"Intimation for the 23rd Annual General Meeting (AGM), Book Closure, E-voting and Fixation of Record Date for Final Dividend || Record Date for the purpose of Final Dividend for FY 2025-26 is 18th August, 2026",False,2026-07-28
542649_374,542649,Rail Vikas Nigam Ltd,2026-07-28 18:21:45.677,DissemDT,Potentially Price-Sensitive,Business / Strategic,1,bd44d8ab-a927-40f0-8fad-0c72f9d9b23c,Award of Order / Receipt of Order,"Disclosure under Regulation 30 of SEBI (LODR) Regulations, 2015- Letter of Acceptance from East Central Railway",False,2026-07-28
542649_375,542649,Rail Vikas Nigam Ltd,2026-07-29 16:24:26.937,DissemDT,Routine / Lower Signal,Regulatory / Compliance,1,2f52c6ae-00de-4cca-bbd1-0103d4ade2d5,Newspaper Publication,Newspaper Advertisement regarding 23rd Annual General Meeting of Rail Vikas Nigam Limited,False,2026-07-29
542649_376,542649,Rail Vikas Nigam Ltd,2026-07-29 18:53:44.793,DissemDT,Routine / Lower Signal,Regulatory / Compliance,1,c48571be-dadd-4867-a847-47cbe09765ad,Change in Management,Intimation regarding Change in Senior Management,False,2026-07-29
542649_377,542649,Rail Vikas Nigam Ltd,2026-07-30 15:53:52.850,DissemDT,Potentially Price-Sensitive,Board / Management,1,15dbb1cf-12c9-4380-9582-b7632ef10b5d,Cessation,Intimation regarding Change in the Senior Management,False,2026-07-30
542649_378,542649,Rail Vikas Nigam Ltd,2026-07-31 18:12:54.923,DissemDT,Potentially Price-Sensitive,Board / Management,1,42f8773e-1d90-4342-b0fe-d17a483f6712,Cessation,Intimation regarding Change in the Senior Management- Superannuation,False,2026-07-31
542649_379,542649,Rail Vikas Nigam Ltd,2026-08-01 16:33:05.570,DissemDT,Potentially Price-Sensitive,Board / Management,3,"0ebf3db7-8f8d-45ec-b05b-60af0c668a85, 7250a20b-08b0-47cf-8d6f-1c9589d4f7ad, 42f5980a-b3a7-41f7-9678-391b281090b0",Reg. 34 (1) Annual Report; AGM; Business Responsibility and Sustainability Reporting (BRSR),Annual Report for FY 2025-26 || Notice of 23rd Annual General Meeting of RVNL for FY 2025-26 || Business Responsibility and Sustainability Report for FY 2025-26,False,2026-08-01
542649_38,542649,Rail Vikas Nigam Ltd,2023-12-28 15:38:37.837,DissemDT,Routine / Lower Signal,Other,1,c0a70bbf-d183-4e84-8d4f-8b74303c93d5,Closure of Trading Window,Intimation of Trading Window Closure.,False,2023-12-28
542649_380,542649,Rail Vikas Nigam Ltd,2026-08-02 13:07:21.417,DissemDT,Routine / Lower Signal,Regulatory / Compliance,1,be93c6c0-9dc7-4227-8a7b-420a6ecac34a,Newspaper Publication,Newspaper Advertisement regarding 23rd Annual General Meeting,False,2026-08-02
542649_381,542649,Rail Vikas Nigam Ltd,2026-08-03 16:43:24.463,DissemDT,Potentially Price-Sensitive,Financial Results,1,9eee348e-d452-447a-aae0-993453be6b38,Board Meeting,"Rail Vikas Nigam Ltdhas informed BSE that the meeting of the Board of Directors of the Company is scheduled on 11/08/2026 ,inter alia, to consider and approve the Unaudited Financial Results ....",True,2026-08-03
542649_382,542649,Rail Vikas Nigam Ltd,2026-08-06 18:19:13.967,DissemDT,Context-Dependent,Investor / Analyst,1,2b1b830b-4ae2-47ca-9b0d-b26c85560bfb,Analyst / Investor Meet,"Invite for Investor Conference Call on Thursday, 13th August, 2026",False,2026-08-06
542649_383,542649,Rail Vikas Nigam Ltd,2026-08-11 14:37:33.183,DissemDT,Potentially Price-Sensitive,Financial Results,2,"fb92c392-fb37-4bf6-8cd1-28e52c7eba25, 52acb470-fea0-4605-800d-7a6e62ee4e3f",Outcome of Board Meeting; Financial Results,Unaudited Financial Results (Standalone and Consolidated) for the quarter ended 30.06.2026. || Unaudited Financial Results (Standalone & Consolidated) for the quarter ended 30.06.2026,True,2026-08-11
542649_384,542649,Rail Vikas Nigam Ltd,2026-08-13 18:10:55.750,DissemDT,Context-Dependent,Investor / Analyst,1,c0db4881-b0ea-45cc-a259-4f2f6d2a9b8c,Analyst / Investor Meet,"Dear Sir/Madam, 
????? ?????/??????,

This is further to our letter dated 06.08.2026 regarding intimation of the Schedule of Conference Call with Investor/Analyst/Institutions. It is ....",False,2026-08-13
542649_385,542649,Rail Vikas Nigam Ltd,2026-08-14 18:22:56.080,DissemDT,Potentially Price-Sensitive,Board / Management,1,1b38bbdb-3f24-4c99-8bef-0f65d84b54c7,Change in Directorate,Appointment of Shri Rakesh Bhalla (DIN: 07020164) as Non-Official (Independent) Director on the Board of Rail Vikas Nigam Limited,False,2026-08-14
542649_386,542649,Rail Vikas Nigam Ltd,2026-08-18 14:24:13.290,DissemDT,Context-Dependent,Investor / Analyst,1,32de7735-b8e6-4653-b377-0c5762be73af,Earnings Call Transcript,Transcript of Conference Call with Investors,False,2026-08-18
542649_39,542649,Rail Vikas Nigam Ltd,2024-01-02 16:17:40.723,DissemDT,Potentially Price-Sensitive,Business / Strategic,1,b8f6a8c8-e4af-4065-845f-e6f575761b18,Award of Order / Receipt of Order,M/s KRDCL-RVNL JV has received Letter of Acceptance for Major upgradation/redevelopment of Varkala Sivagiri Railway Station.,False,2024-01-02
542649_4,542649,Rail Vikas Nigam Ltd,2023-08-29 18:05:46.243,DissemDT,Potentially Price-Sensitive,Corporate Actions,3,"9c9fb42f-628f-4451-9474-2c88bc275db9, 708941be-353d-4bc4-b275-ad0038379435, 0a12dacb-a488-4931-9b31-059e6abb7eca",AGM; Record Date; Book Closure,"In Compliance to the provisions of SEBI (LODR) Regulations, 2015, the details of 20th Annual General Meeting (AGM) of RVNL and other relevant details, fixed in connection with the AGM. ||  Intimation regarding  Record date for Final Dividend for FY 2022-23. || Intimation regarding date of Closure of Share Transfer Book",False,2023-08-29
542649_40,542649,Rail Vikas Nigam Ltd,2024-01-02 18:38:29.667,DissemDT,Potentially Price-Sensitive,Business / Strategic,1,ceeb3aea-66d0-4dfb-b431-6a22c505e13c,Memorandum of Understanding /Agreements,RVNL has signed MoU with M/s. REC Limited.,False,2024-01-02
542649_41,542649,Rail Vikas Nigam Ltd,2024-01-03 17:39:07.040,DissemDT,Context-Dependent,Investor / Analyst,1,e2608dcb-e3eb-446a-bd17-e7f9d59e786e,Analyst / Investor Meet,"Pursuant to the provisions of Regulation 30 read with Part A of Schedule III of the SEBI (Listing Obligations and Disclosure Requirements) Regulations, 2015, it is hereby informed that ....",False,2024-01-03
542649_42,542649,Rail Vikas Nigam Ltd,2024-01-09 11:45:09.960,DissemDT,Context-Dependent,Investor / Analyst,1,57c57be7-022f-4331-ab18-32df5f901472,Analyst / Investor Meet,Audio/Video recording of Investor round table talk/webinar.,False,2024-01-09
542649_43,542649,Rail Vikas Nigam Ltd,2024-01-12 18:18:49.670,DissemDT,Context-Dependent,Investor / Analyst,2,"4256cda5-9f19-4fe0-bef4-3ad500821037, 8ee28b16-7c23-4014-8200-f48f1627fcbf","Earnings Call Transcript; Certificate under Reg. 74 (5) of SEBI (DP) Regulations, 2018","Transcript of Investor round table talk/Webinar held on 08.01.2024 || Certificates under Regulation 74(5) of SEBI (DP) Regulations, 2018 for the quarter ended 31.12.2023",False,2024-01-12
542649_44,542649,Rail Vikas Nigam Ltd,2024-01-15 18:04:33.833,DissemDT,Routine / Lower Signal,Regulatory / Compliance,1,55c4c87c-02c4-4eb0-98c3-7053bd0c7cd9,General,RVNL emerges as Lowest Bidder (L1),False,2024-01-15
542649_45,542649,Rail Vikas Nigam Ltd,2024-01-16 17:05:28.483,DissemDT,Potentially Price-Sensitive,Business / Strategic,2,"7db57808-29ff-40ab-8f48-2b4b8855cbc2, e013263c-dc91-48f6-87e4-ba7f207cfe0e",General,Formation of Joint Venture (JV) Company by Rail Vikas Nigam Limited. || Formation of Subsidiary Company in South Africa by Rail Vikas Nigam Limited.,False,2024-01-16
542649_46,542649,Rail Vikas Nigam Ltd,2024-01-25 14:23:40.220,DissemDT,Potentially Price-Sensitive,Financial Results,1,c0a18aee-c902-4821-b462-94fe3a25526f,Board Meeting,"Rail Vikas Nigam Ltdhas informed BSE that the meeting of the Board of Directors of the Company is scheduled on 08/02/2024 ,inter alia, to consider and approve Unaudited Financial Results ....",True,2024-01-25
542649_47,542649,Rail Vikas Nigam Ltd,2024-02-02 20:51:08.707,DissemDT,Context-Dependent,Investor / Analyst,1,80ed80b2-f33c-4902-b0d4-a0b8c9dd7766,Analyst / Investor Meet,"Pursuant to the provisions of Regulation 30 read with Part A of Schedule III of the SEBI (Listing Obligations and Disclosure Requirements) Regulations, 2015, we wish to inform you that ....",False,2024-02-02
542649_48,542649,Rail Vikas Nigam Ltd,2024-02-05 16:10:30.223,DissemDT,Potentially Price-Sensitive,Board / Management,1,c52056c2-e865-481a-9fc3-a3ee5a98a970,Change in Directorate,"It is hereby informed that Shri Vivek Kumar Gupta (DIN: 10423972), Principal Executive Director/Gati Shakti, Railway Board and Govt. Nominee Director on the Board of RVNL has been appointed ....",False,2024-02-05
542649_49,542649,Rail Vikas Nigam Ltd,2024-02-08 16:27:31.537,DissemDT,Potentially Price-Sensitive,Financial Results,2,"c059949f-fcb3-4bb9-8072-7009faead401, 7b58974b-ef6a-4c83-87a8-4c0318568a78",Outcome of Board Meeting; Financial Results,"Pursuant to Regulation 30 & 33 of the SEBI (LODR) Regulations, 2015, the Unaudited Financial Results (Standalone & Consolidated) for the Quarter and Nine-Months ended 31st December, 2023 .... || Unaudited Financial Results (Standalone & Consolidated)  for the quarter and nine months ended 31.12.2023",True,2024-02-08
542649_5,542649,Rail Vikas Nigam Ltd,2023-08-30 15:05:46.240,DissemDT,Routine / Lower Signal,Regulatory / Compliance,1,426754e4-72f3-44bc-b232-1cb0d06cb8ed,Newspaper Publication,"Public Notice regarding 20th Annual General Meeting of the Company, as published in Newspapers (English Hindi) is attached herewith.",False,2023-08-30
542649_50,542649,Rail Vikas Nigam Ltd,2024-02-09 16:41:48.653,DissemDT,Potentially Price-Sensitive,Financial Results,1,77a335ba-d6a2-477b-80c5-05af9fca3a03,Newspaper Publication,Publication of Unaudited Financial Results (Standalone & Consolidated) for the Quarter and Nine-months ended 31.12.2023.,True,2024-02-09
542649_51,542649,Rail Vikas Nigam Ltd,2024-02-09 17:16:44.077,DissemDT,Context-Dependent,Investor / Analyst,1,381e5935-8fcb-4848-a34c-98afb89ae89a,Analyst / Investor Meet,We write further to our letter of even no. dated 02.02.2024 regarding intimation of the Schedule of Conference Call with Investor/Analyst/Institutions. It is hereby informed that the Audio ....,False,2024-02-09
542649_52,542649,Rail Vikas Nigam Ltd,2024-02-12 15:40:57.520,DissemDT,Routine / Lower Signal,Other,1,68935d05-ba70-4682-aff4-0283f4b688c7,General,RVNL emerges as the Lowest Bidder from MPPKVVCL.,False,2024-02-12
542649_53,542649,Rail Vikas Nigam Ltd,2024-02-13 15:33:35.477,DissemDT,Context-Dependent,Investor / Analyst,1,2d301405-c1d4-4722-a3b0-2c5165ca8cfd,Earnings Call Transcript,Transcript of Conference Call with Investors held on 09.02.2024.,False,2024-02-13
542649_54,542649,Rail Vikas Nigam Ltd,2024-02-22 13:00:23.980,DissemDT,Routine / Lower Signal,Other,1,94e62231-ffb1-48bc-ac65-113793dbfdd1,General,RVNL-SALASAR JV emerges as the Lowest Bidder (L1) from Madhya  Pradesh Power Transmission Company Limited.,False,2024-02-22
542649_55,542649,Rail Vikas Nigam Ltd,2024-02-23 14:46:58.113,DissemDT,Routine / Lower Signal,Other,1,d21d06e7-8038-49ee-ae99-31dfff3d2ebf,General,"Imposition of fine by NSE & BSE for the quarter ended 31st December, 2023",False,2024-02-23
542649_56,542649,Rail Vikas Nigam Ltd,2024-03-07 17:11:54.473,DissemDT,Potentially Price-Sensitive,Business / Strategic,1,48434bd6-761b-4945-b99d-70868c0cdd05,Award of Order / Receipt of Order,Letter of Award (LoA) received from M. P. Poorv Kshetra Vidyut Vitaran Co. Ltd.,False,2024-03-07
542649_57,542649,Rail Vikas Nigam Ltd,2024-03-07 18:11:12.790,DissemDT,Potentially Price-Sensitive,Business / Strategic,2,"2bcec50c-c711-4572-b5a8-f9532b218e2c, 7f33ec73-da3f-41bf-a834-bd419976c47e",Award of Order / Receipt of Order,Letter of Award received from Himachal Pradesh State Electricity Board Limited for South Zone || Letter of Award received from Himachal Pradesh State Electricity Board Limited for North Zone,False,2024-03-07
542649_58,542649,Rail Vikas Nigam Ltd,2024-03-09 20:39:38.527,DissemDT,Potentially Price-Sensitive,Business / Strategic,1,420dcb12-886d-463e-86ae-65b5b5aa7dfd,Award of Order / Receipt of Order,Letter of Acceptance (LoA) received from Madhya Pradesh Metro Rail Corporation Limited (MPMRCL),False,2024-03-09
542649_59,542649,Rail Vikas Nigam Ltd,2024-03-11 16:37:26.927,DissemDT,Routine / Lower Signal,Regulatory / Compliance,1,61180ab6-a1ad-4a2e-a3e6-eac4de54c179,General,Rail Vikas Nigam Limited emerges as the Lowest Bidder (L1) from Central Railway.,False,2024-03-11
542649_6,542649,Rail Vikas Nigam Ltd,2023-08-30 18:07:31.650,DissemDT,Routine / Lower Signal,Regulatory / Compliance,1,b0a02879-a987-41f0-a33f-4de6b421033b,General,"In terms of regulation 30 of SEBI (LODR) Regulations, 2015, it is hereby informed that Rail Vikas Nigam Limited emerges as the Lowest Bidder (L1) from Maharashtra Metro rail Corporate Limited.",False,2023-08-30
542649_60,542649,Rail Vikas Nigam Ltd,2024-03-11 17:55:16.793,DissemDT,Routine / Lower Signal,Regulatory / Compliance,1,b3c7c99f-091b-4433-b2ef-d222e25ba593,General,Rail Vikas Nigam Limited emerges as the Lowest Bidder (L1) from Maharashtra Metro Rail Corporation Limited.,False,2024-03-11
542649_61,542649,Rail Vikas Nigam Ltd,2024-03-12 13:22:57.670,DissemDT,Potentially Price-Sensitive,Business / Strategic,1,2c22d1cf-19bd-4268-a4ba-ecc535bcfb46,Award of Order / Receipt of Order,Letter of Award (LOA) received from Rajasthan Rajya Vidyut Prasaran Nigam Limited.,False,2024-03-12
542649_62,542649,Rail Vikas Nigam Ltd,2024-03-13 13:08:50.193,DissemDT,Potentially Price-Sensitive,Business / Strategic,1,a72bae68-39bc-43b5-bafd-d66a18f73e75,Award of Order / Receipt of Order,Letter of Award (LoA) received from M. P. Paschim Kshetra Vidyut Vitran Company Ltd.,False,2024-03-13
542649_63,542649,Rail Vikas Nigam Ltd,2024-03-13 16:56:25.490,DissemDT,Potentially Price-Sensitive,Business / Strategic,1,44dd4730-236c-447c-a5c9-04c42e4eb60b,Award of Order / Receipt of Order,Letter of Award received from Madhya Pradesh Power Transmission Co. Ltd.,False,2024-03-13
542649_64,542649,Rail Vikas Nigam Ltd,2024-03-14 13:45:42.900,DissemDT,Potentially Price-Sensitive,Board / Management,1,4329f35e-589e-41a0-8ec0-cc704862cb75,General,Appointment of Secretarial Auditor for the FY 2023-24,False,2024-03-14
542649_65,542649,Rail Vikas Nigam Ltd,2024-03-15 18:08:00.877,DissemDT,Potentially Price-Sensitive,Business / Strategic,1,7dc49cf4-442f-402d-99d8-9c7e2e0e9e02,Award of Order / Receipt of Order,Letter of Acceptance received from Maharashtra Metro Rail Corporation Limited,False,2024-03-15
542649_66,542649,Rail Vikas Nigam Ltd,2024-03-21 10:40:21.483,DissemDT,Routine / Lower Signal,Other,1,8eebf58a-cfdf-4e9b-809c-0b742f75eb42,General,Rail Vikas Nigam Limited emerges as the Lowest Bidder (L1) from SER HQ-ELECTRICAL/SOUTH EASTERN RAILWAY.,False,2024-03-21
542649_67,542649,Rail Vikas Nigam Ltd,2024-03-22 21:22:05.477,DissemDT,Potentially Price-Sensitive,Business / Strategic,1,fd5747e3-2af9-4065-a269-63464d2ad323,Memorandum of Understanding /Agreements,Rail Vikas Nigam Limited Signed MoU with M/s. Airports Authority of India (AAI).,False,2024-03-22
542649_68,542649,Rail Vikas Nigam Ltd,2024-03-26 18:22:39.937,DissemDT,Routine / Lower Signal,Other,1,3efc428e-b6bc-4e09-a9cd-3f173cbf7d9a,Closure of Trading Window,Intimation of Trading Window Closure,False,2024-03-26
542649_69,542649,Rail Vikas Nigam Ltd,2024-03-28 16:22:35.890,DissemDT,Routine / Lower Signal,Other,1,e641d39f-f2b9-4bd1-a172-5e1ab75311ad,General,Rail Vikas Nigam Limited emerges as the Lowest Bidder (L1) from SER HQ-ELECTRICAL/SOUTH EASTERN RAILWAY.,False,2024-03-28
542649_7,542649,Rail Vikas Nigam Ltd,2023-09-02 17:13:43.373,DissemDT,Potentially Price-Sensitive,Board / Management,2,"84e811ff-b5a9-4dc8-86cc-9bf7dcca36e3, 8f7195b8-0491-4138-982b-adedcba341d8",AGM; Reg. 34 (1) Annual Report,"Notice of 20th Annual General Meeting (AGM) of the Members of the Company for the financial year 2022-2023. || This is in continuation to our letter of even no. dated 29.08.2023 intimating about the 20th Annual
General Meeting (AGM) of members of the Company to be held on Wednesday, the 27th
September, ....",False,2023-09-02
542649_70,542649,Rail Vikas Nigam Ltd,2024-03-28 18:23:25.990,DissemDT,Routine / Lower Signal,Other,1,efa0b08f-a875-4f23-87aa-651050b169ab,General,Rail Vikas Nigam Limited emerges as the Lowest Bidder(L1) from NFR-CONST HQ-ELECTRICAL/N.F.RLY CONSTRUCTION,False,2024-03-28
542649_71,542649,Rail Vikas Nigam Ltd,2024-03-28 19:19:46.100,DissemDT,Routine / Lower Signal,Other,1,805a7910-7a2a-49d8-ac7f-7b93541522ba,General,JV SALASAR Techno Engineering Ltd. and RVNL emerges as the Lowest Bidder (L1) from Energy Development Corporation Limited (EDCL),False,2024-03-28
542649_72,542649,Rail Vikas Nigam Ltd,2024-04-01 18:37:34.380,DissemDT,Potentially Price-Sensitive,Credit / Financing,1,4a528b65-c77b-4441-9f54-7ce07d238f54,Credit Rating,Intimation of Credit Rating obtained by RVNL.,False,2024-04-01
542649_73,542649,Rail Vikas Nigam Ltd,2024-04-08 13:30:45.070,DissemDT,Potentially Price-Sensitive,Business / Strategic,1,ad7669f5-69bc-4bcd-8991-5717853088ea,Award of Order / Receipt of Order,Letter of Acceptance received from Central Railway.,False,2024-04-08
542649_74,542649,Rail Vikas Nigam Ltd,2024-04-08 15:50:26.557,DissemDT,Potentially Price-Sensitive,Business / Strategic,1,0aa520cf-77e0-4629-a77f-58512b505697,General,Formation of Subsidiary Company in the Sultanate of Oman by Rail Vikas Nigam Limited.,False,2024-04-08
542649_75,542649,Rail Vikas Nigam Ltd,2024-04-12 17:57:32.593,DissemDT,Routine / Lower Signal,Regulatory / Compliance,1,443b7235-2981-4521-af51-93e84e1b42a9,"Certificate under Reg. 74 (5) of SEBI (DP) Regulations, 2018","Certificate under Regulation 74(5) of SEBI (DP) Regulations, 2018 for the quarter ended 31.03.2024",False,2024-04-12
542649_76,542649,Rail Vikas Nigam Ltd,2024-04-12 19:26:49.090,DissemDT,Potentially Price-Sensitive,Business / Strategic,1,f6f2833c-e8ea-4087-9d33-4b802db32b51,Award of Order / Receipt of Order,Letter of Acceptance received from NFR-CONST HQ-ELECTRICAL/N.F.RLY CONSTRUCTION.,False,2024-04-12
542649_77,542649,Rail Vikas Nigam Ltd,2024-04-18 19:15:36.877,DissemDT,Potentially Price-Sensitive,Business / Strategic,1,971eaa6a-9ba1-4a75-aaaa-0f1a836d385c,Memorandum of Understanding /Agreements,Rail Vikas Nigam Limited (RVNL) Signed MoU with M/s Turkish Engineering Consulting & Contracting - TUMAS India Private Limited.,False,2024-04-18
542649_78,542649,Rail Vikas Nigam Ltd,2024-04-19 14:01:56.800,DissemDT,Routine / Lower Signal,Other,1,2f9506be-22e0-4e77-b428-b3571013c3ef,General,Rail Vikas Nigam Limited emerges as the Lowest Bidder (L1) from South Central Railway.,False,2024-04-19
542649_79,542649,Rail Vikas Nigam Ltd,2024-04-24 13:37:51.280,DissemDT,Routine / Lower Signal,Other,1,6d60dbd5-e64d-47ff-8fda-d6506a279551,General,M/s KRDCL-RVNL JV emerges as the Lowest Bidder (L1) from Southern Railway.,False,2024-04-24
542649_8,542649,Rail Vikas Nigam Ltd,2023-09-02 18:07:28.057,DissemDT,Routine / Lower Signal,Regulatory / Compliance,2,"5f98da30-f506-42be-98ea-fbb3ef4d6693, 01397cc7-7c87-4a86-927f-6f7f8f79fab6",Business Responsibility and Sustainability Reporting (BRSR),Business Responsibility and Sustainability Report for the financial year 2022-2023 || Business Responsibility and Sustainability Report for the financial year 2022-2023,False,2023-09-02
542649_80,542649,Rail Vikas Nigam Ltd,2024-04-24 17:00:47.790,DissemDT,Routine / Lower Signal,Other,1,163a4aec-eec1-4bb0-9827-9c0d64896dba,General,Rail Vikas Nigam Limited emerges as the Lowest Bidder (L1) from Southern Railway.,False,2024-04-24
542649_81,542649,Rail Vikas Nigam Ltd,2024-04-25 11:29:19.497,DissemDT,Routine / Lower Signal,Regulatory / Compliance,2,"156f789a-871c-4449-991f-1273d2e33c91, a6f5f3d2-6aa3-4276-a1b2-5ac00ff48b67",Reg. 7(3) – Compliance Certificate (RTA & Compliance Officer); Reg. 40 (10) - PCS Certificate for Transfer / Transmission / Transposition,"Compliance Certificate under Regulation 7 (3) of the SEBI (LODR) Regulations, 2015 for the year ended 31st March, 2024. || Certificate under Regulation 40 (9) of the SEBI (LODR) Regulations, 2015 for the year ended 31.03.2024",False,2024-04-25
542649_82,542649,Rail Vikas Nigam Ltd,2024-04-29 17:54:51.940,DissemDT,Potentially Price-Sensitive,Financial Results,1,d9b167ed-1415-4193-83c5-e811bb323fe8,Board Meeting,"Rail Vikas Nigam Ltdhas informed BSE that the meeting of the Board of Directors of the Company is scheduled on 15/05/2024 ,inter alia, to consider and approve  the Audited Financial Results ....",True,2024-04-29
542649_83,542649,Rail Vikas Nigam Ltd,2024-04-29 18:56:21.190,DissemDT,Potentially Price-Sensitive,Business / Strategic,1,e5c8b190-8ba0-4713-91d1-b06436bdf023,Award of Order / Receipt of Order,Letter of Acceptance (LoA) received from Southern Railway,False,2024-04-29
542649_84,542649,Rail Vikas Nigam Ltd,2024-04-30 17:55:36.697,DissemDT,Routine / Lower Signal,Other,1,cc45cdbd-9e5c-419f-a90b-cac667d60706,General,Rail Vikas Nigam Limited emerges as the Lowest Bidder (L1) from Eastern Railway.,False,2024-04-30
542649_85,542649,Rail Vikas Nigam Ltd,2024-05-08 18:26:33.367,DissemDT,Potentially Price-Sensitive,Business / Strategic,1,df99dfff-caf6-4e09-a7c8-9876744261a5,Award of Order / Receipt of Order,Letter of Acceptance received from SER HQ-ELECTRICAL/SOUTH EASTERN RAILWAY.,False,2024-05-08
542649_86,542649,Rail Vikas Nigam Ltd,2024-05-09 16:33:11.043,DissemDT,Routine / Lower Signal,Other,1,753ea0ed-0c28-4cc4-8217-ef975cd6a417,General,Intimation regarding Change in Senior Management - Promotion.,False,2024-05-09
542649_87,542649,Rail Vikas Nigam Ltd,2024-05-10 13:08:43.920,DissemDT,Routine / Lower Signal,Other,1,cf293f35-ff69-446d-80be-adb422d465ab,General,Rail Vikas Nigam Limited emerges as the Lowest Bidder (L1) from South East Central Railway.,False,2024-05-10
542649_88,542649,Rail Vikas Nigam Ltd,2024-05-10 18:23:25.970,DissemDT,Potentially Price-Sensitive,Board / Management,1,1e5226e9-e0a2-481d-a450-eb039306c17d,Board Meeting Rescheduled,The Board Meeting to be held on 15/05/2024 has been revised to 17/05/2024 The Board Meeting to be held on 15/05/2024 has been revised to 17/05/2024,False,2024-05-10
542649_89,542649,Rail Vikas Nigam Ltd,2024-05-13 14:21:50.713,DissemDT,Context-Dependent,Investor / Analyst,1,86b7708b-56fa-4bc3-ab42-7db832e7bf70,Analyst / Investor Meet,"Pursuant to the provisions of Regulation 30 read with Part A of Schedule III of the SEBI (Listing Obligations and Disclosure Requirements) Regulations, 2015, we wish to inform you that ....",False,2024-05-13
542649_9,542649,Rail Vikas Nigam Ltd,2023-09-02 22:48:26.693,DissemDT,Potentially Price-Sensitive,Business / Strategic,1,889abac0-d38e-4632-a6a1-02e5821b9555,Award of Order / Receipt of Order,Letter of Acceptance (LOA) received from Madhya Gujarat Vij Company Ltd.,False,2023-09-02
542649_90,542649,Rail Vikas Nigam Ltd,2024-05-13 16:50:07.960,DissemDT,Potentially Price-Sensitive,Business / Strategic,1,7a605a4d-49c7-4ac9-9762-43f03b82931b,Award of Order / Receipt of Order,Letter of Acceptance received from Southern Railway.,False,2024-05-13
542649_91,542649,Rail Vikas Nigam Ltd,2024-05-17 16:49:24.310,DissemDT,Potentially Price-Sensitive,Financial Results,4,"fbbe6de0-7819-4f56-8c46-5a9497596d42, d6f44652-033f-4b55-b6b9-5e6828c2a7a6, c57020b1-334e-4289-90cd-70467a426068, c1ed4c91-bcf3-4950-beed-5882a57c1b4d",Financial Results; Dividend; Dividend Updates,"Audited Financial results for the quarter and year ended 31st March, 2024. || Audited Financial Results for the quarter and year ended 31.03.2024. || Recommended Final Dividend of Rs. 2.11 /- per share for the financial year 2023-2024 || RVNL declared Final Dividend of Rs. 2.11/- per share for the financial year 2023-2024",True,2024-05-17
542649_92,542649,Rail Vikas Nigam Ltd,2024-05-17 20:38:59.633,DissemDT,Context-Dependent,Investor / Analyst,1,c51fb1f6-e47b-45ba-93c9-d1e108207361,Analyst / Investor Meet,Audio Recording of Investor Call held on 17.05.2024,False,2024-05-17
542649_93,542649,Rail Vikas Nigam Ltd,2024-05-18 12:35:53.343,DissemDT,Potentially Price-Sensitive,Financial Results,1,9c2ebc97-f51c-43a3-87fa-bc49808da0b2,Newspaper Publication,Publication of Audited Financial Results (Standalone & Consolidated) for the Quarter and year ended 31.03.2024.,True,2024-05-18
542649_94,542649,Rail Vikas Nigam Ltd,2024-05-20 15:22:17.523,DissemDT,Potentially Price-Sensitive,Business / Strategic,1,f8d55b61-349d-4ba4-a82e-406b1d3099c5,Award of Order / Receipt of Order,Letter of Acceptance received from SER HQ-ELECTRICAL/SOUTH EASTERN RAILWAY.,False,2024-05-20
542649_95,542649,Rail Vikas Nigam Ltd,2024-05-20 17:48:52.587,DissemDT,Potentially Price-Sensitive,Board / Management,1,065ac358-d56b-4a72-8539-c6bd3325ee98,General,Appointment of Part-time Government Nominee Director on the Board of Rail Vikas Nigam Limited.,False,2024-05-20
542649_96,542649,Rail Vikas Nigam Ltd,2024-05-22 18:45:11.753,DissemDT,Context-Dependent,Investor / Analyst,1,b4415d09-7cda-45db-a946-1d08e1838cb5,Earnings Call Transcript,Transcript of Conference call with Investor held on 17.05.2024,False,2024-05-22
542649_97,542649,Rail Vikas Nigam Ltd,2024-05-23 12:17:03.993,DissemDT,Routine / Lower Signal,Other,1,9d332352-7821-432a-a588-203b2357109d,General,Imposition of fine by NSE & BSE for the quarter ended 31.03.2024.,False,2024-05-23
542649_98,542649,Rail Vikas Nigam Ltd,2024-05-24 18:42:05.133,DissemDT,Routine / Lower Signal,Other,1,654ad889-1b63-4a82-9d61-5ac96d32bb03,General,Rail Vikas Nigam Limited emerges as the Lowest Bidder (L1).,False,2024-05-24
542649_99,542649,Rail Vikas Nigam Ltd,2024-05-27 18:15:15.510,DissemDT,Routine / Lower Signal,Regulatory / Compliance,1,3bab342c-ed14-440e-a5e3-bfdab39e33be,Reg.24(A)-Annual Secretarial Compliance,Annual Secretarial Compliance Audit Report for year ended 31.03.2024.,False,2024-05-27
543384_1,543384,FSN E-Commerce Ventures Ltd,2023-08-24 12:10:08.900,DissemDT,Routine / Lower Signal,Regulatory / Compliance,1,b395e3e8-c491-4040-a1c4-b26f10ba3218,Newspaper Publication,"Compliance under Regulation 47 of the Securities and Exchange Board of India (Listing Obligations and Disclosure Requirements), 2015, regarding Newspaper Advertisement published today i.e., ....",False,2023-08-24
543384_10,543384,FSN E-Commerce Ventures Ltd,2023-09-06 15:50:43.983,DissemDT,Context-Dependent,Investor / Analyst,1,728f7dd8-2f3b-4575-a280-e1c536c223f3,Analyst / Investor Meet,Please find enclosed the Schedule of Investor Meeting which will be attended by the Officials of the Company,False,2023-09-06
543384_100,543384,FSN E-Commerce Ventures Ltd,2024-08-26 16:39:18.137,DissemDT,Potentially Price-Sensitive,Board / Management,3,"a9987676-3f07-462d-9dc0-c3fe6dac31ac, f65a8f32-bdc3-4b57-9a7a-71fe0fe37114, afdcf7f8-637a-4125-ade0-9f83bc7a47f0",Reg. 34 (1) Annual Report; AGM; Business Responsibility and Sustainability Reporting (BRSR),"Please find attached the Integrated Annual Report for FY2023-24. || Please note that 12th Annual General Meeting of the Company will be held on Wednesday, September 18, 2024 at 3:30 p.m. (IST) through video conference/ other audio visual means. || BRSR for the financial year ended March 31, 2024",False,2024-08-26
543384_101,543384,FSN E-Commerce Ventures Ltd,2024-08-27 12:59:23.870,DissemDT,Routine / Lower Signal,Regulatory / Compliance,1,eea19b1d-c4f8-4ecc-bc85-38e5888f2986,Newspaper Publication,Newspaper Publication attached,False,2024-08-27
543384_102,543384,FSN E-Commerce Ventures Ltd,2024-09-12 09:47:49.310,DissemDT,Context-Dependent,Investor / Analyst,1,2712e2b8-f63d-41e6-a342-cf7396a86435,Analyst / Investor Meet,Intimation of Investor Meetings,False,2024-09-12
543384_103,543384,FSN E-Commerce Ventures Ltd,2024-09-12 18:08:00.923,DissemDT,Potentially Price-Sensitive,Corporate Actions,1,5048e052-e9d9-41d7-90b7-19b2e6c333f3,Allotment of Equity Shares,"Allotment of 7,65,086 equity shares pursuant to exercise of vested stock options",False,2024-09-12
543384_104,543384,FSN E-Commerce Ventures Ltd,2024-09-16 11:20:17.277,DissemDT,Routine / Lower Signal,Other,1,13d4c6fe-50ea-44f4-bc5e-c9016783fa5e,Closure of Trading Window,Intimation of closure of trading window,False,2024-09-16
543384_105,543384,FSN E-Commerce Ventures Ltd,2024-09-18 19:01:23.573,DissemDT,Potentially Price-Sensitive,Board / Management,3,"e8103612-3cbf-4736-80ad-e33f3131e561, ca2dd158-36d0-4b60-9bcd-ada4c8b1f4f1, 707a9ba2-6d9b-4f5f-970a-e426ebbe2cd3",Investor Presentation; General; AGM,Please find attached the presentation made at the 12th Annual General Meeting of the Company || Please find enclosed the Chairperson''s Speech as delivered at the 12th Annual General Meeting of the Company || Proceedings of the 12th AGM are attached,False,2024-09-18
543384_106,543384,FSN E-Commerce Ventures Ltd,2024-09-19 15:05:25.487,DissemDT,Potentially Price-Sensitive,Board / Management,2,"3b9e39de-c96b-4404-a05b-bc4e04f0ff32, 34ddac0f-1b30-443b-9eee-c4d790958f55",AGM,Scrutinizer Report attached || Voting Results under Regulation 44 of SEBI LODR Regulations.,False,2024-09-19
543384_107,543384,FSN E-Commerce Ventures Ltd,2024-09-20 12:44:05.290,DissemDT,Potentially Price-Sensitive,Business / Strategic,1,de81bdd4-7e65-4541-9ef1-8ffc3c6c5f5a,General,"Pursuant to Regulation 30 of SEBI LODR Regulations, 2015 read with Part A of Schedule III of the Listing Regulations, we hereby inform you that Nessa International Holdings Limited, a step-down ....",False,2024-09-20
543384_108,543384,FSN E-Commerce Ventures Ltd,2024-09-21 11:18:26.727,DissemDT,Potentially Price-Sensitive,Business / Strategic,1,9f1cf8fb-9558-4fad-a5cc-7bcd3cda4aa8,General,Please find attached the intimation,False,2024-09-21
543384_109,543384,FSN E-Commerce Ventures Ltd,2024-09-26 16:50:44.443,DissemDT,Routine / Lower Signal,Regulatory / Compliance,1,e76bf56c-7c79-4041-8858-3918d28517f2,General,As per the letter attached.,False,2024-09-26
543384_11,543384,FSN E-Commerce Ventures Ltd,2023-09-18 09:18:47.897,DissemDT,Context-Dependent,Investor / Analyst,1,f12b7247-cd90-48b0-af23-4ebeb3d29f0f,Analyst / Investor Meet,Please find enclosed the schedule of Investor Meeting which will be attended by the official(s) of the Company.,False,2023-09-18
543384_110,543384,FSN E-Commerce Ventures Ltd,2024-10-07 17:45:56.320,DissemDT,Routine / Lower Signal,Regulatory / Compliance,1,6555be50-71d5-4870-892e-2bed29e88152,"Certificate under Reg. 74 (5) of SEBI (DP) Regulations, 2018",Compliance Certificate under Regulation 74(5) attached,False,2024-10-07
543384_111,543384,FSN E-Commerce Ventures Ltd,2024-10-07 18:46:21.267,DissemDT,Routine / Lower Signal,Other,1,81cf0e87-4106-4c5b-a278-2153fcf556c3,General,Please find enclosed the Quarterly Revenue Update on Nykaa (FSN E-Commerce Ventures Limited along with its subsidiaries) which is self explanatory,False,2024-10-07
543384_112,543384,FSN E-Commerce Ventures Ltd,2024-10-14 17:52:52.707,DissemDT,Potentially Price-Sensitive,Corporate Actions,1,66f31764-fa5e-40d5-bdac-bac8808ad9e0,Allotment of Equity Shares,"Allotment of 3,08,600 equity shares pursuant to exercise of vested stock options by the employees under Employee Stock Option Schemes of the Company.",False,2024-10-14
543384_113,543384,FSN E-Commerce Ventures Ltd,2024-11-04 10:46:56.720,DissemDT,Potentially Price-Sensitive,Financial Results,1,e7b6fc43-8415-4735-9944-0b694ad1584e,Board Meeting,"FSN E-Commerce Ventures Ltdhas informed BSE that the meeting of the Board of Directors of the Company is scheduled on 12/11/2024 ,inter alia, to consider and approve the Unaudited Standalone ....",True,2024-11-04
543384_114,543384,FSN E-Commerce Ventures Ltd,2024-11-05 17:15:00.620,DissemDT,Context-Dependent,Investor / Analyst,1,98df6431-e8a2-4774-a843-e2bfc4693caa,Analyst / Investor Meet,Intimation of earnings conference call,False,2024-11-05
543384_115,543384,FSN E-Commerce Ventures Ltd,2024-11-12 15:54:55.563,DissemDT,Potentially Price-Sensitive,Financial Results,1,66682eb3-0da8-4e67-bc7f-ba209a9ec90e,Financial Results,"Please find attached the results for the quarter and half year ended September 30, 2024.",True,2024-11-12
543384_116,543384,FSN E-Commerce Ventures Ltd,2024-11-12 16:28:12.340,DissemDT,Context-Dependent,Investor / Analyst,1,378c2163-f261-4d64-be4f-6e8977cc3cc4,Investor Presentation,Investor Presentation attached,False,2024-11-12
543384_117,543384,FSN E-Commerce Ventures Ltd,2024-11-12 17:10:54.077,DissemDT,Context-Dependent,Investor / Analyst,1,e1797ae1-4fe3-4abb-a780-5b1326a77f12,Press Release / Media Release,Press Release attached,False,2024-11-12
543384_118,543384,FSN E-Commerce Ventures Ltd,2024-11-12 19:42:58.763,DissemDT,Potentially Price-Sensitive,Business / Strategic,2,"f0c5d0e5-a9e7-4caa-bed7-6362ef18f294, 76e24b06-7dd3-4528-a8ee-bc5b8cf864f8",Analyst / Investor Meet; General,"Intimation of Investor Meetings || Pursuant to Regulation 30 of SEBI Listing Regulations , read with Part A of Schedule III of the Listing Regulations, we hereby inform you that Nessa International Holdings limited, a step ....",False,2024-11-12
543384_119,543384,FSN E-Commerce Ventures Ltd,2024-11-12 23:28:38.490,DissemDT,Context-Dependent,Investor / Analyst,1,733f9153-8b1f-4d33-a2c8-fd21b201ed21,General,Link of Recording,False,2024-11-12
543384_12,543384,FSN E-Commerce Ventures Ltd,2023-09-18 13:51:19.830,DissemDT,Potentially Price-Sensitive,Board / Management,1,7af18c47-aa4d-4047-b8b3-9292f4d67fbe,AGM,"Please find enclosed the summary of proceedings of the 11th Annual General Meeting of the Company held on September 18, 2023.",False,2023-09-18
543384_120,543384,FSN E-Commerce Ventures Ltd,2024-11-13 10:00:03.633,DissemDT,Potentially Price-Sensitive,Corporate Actions,1,8039f69e-2747-428c-8531-325fa8aa3619,Allotment of ESOP / ESPS,"Allotment of 1,80,950 equity shares pursuant to exercise of vested stock options by the employees under the Employee Stock Option Schemes of the Company.",False,2024-11-13
543384_121,543384,FSN E-Commerce Ventures Ltd,2024-11-14 11:07:49.970,DissemDT,Routine / Lower Signal,Regulatory / Compliance,1,273710d1-9cb7-4480-8d53-01457112f658,Newspaper Publication,Please find attached a copy of Newspaper Publication,False,2024-11-14
543384_122,543384,FSN E-Commerce Ventures Ltd,2024-11-15 21:25:20.143,DissemDT,Context-Dependent,Investor / Analyst,1,54a095fc-e423-436b-b452-662c2b1fddee,Earnings Call Transcript,Earnings Call Transcript for Q2FY25,False,2024-11-15
543384_123,543384,FSN E-Commerce Ventures Ltd,2024-11-26 22:08:54.193,DissemDT,Potentially Price-Sensitive,Business / Strategic,1,759a4952-b025-4166-8d44-170cc0b2228c,General,Update on the Transaction for acquisition / increase in stake in Earth Rhythm Private Limited,False,2024-11-26
543384_124,543384,FSN E-Commerce Ventures Ltd,2024-12-05 19:11:49.157,DissemDT,Potentially Price-Sensitive,Board / Management,1,02066bb1-6d9d-48d9-8eae-6d2d9f2fd6fa,General,"Intimation of resignation of Senior Management Personnel (SMP) of the Company effective close of business hours on December 5, 2024",False,2024-12-05
543384_125,543384,FSN E-Commerce Ventures Ltd,2024-12-11 17:26:46.030,DissemDT,Potentially Price-Sensitive,Corporate Actions,1,f76a36db-bf52-402b-bfd5-734c0acca182,Allotment of ESOP / ESPS,"Allotment of 5,76,500 equity shares pursuant to exercise of vested stock options by the employees under the Employee Stock Option Schemes of the Company",False,2024-12-11
543384_126,543384,FSN E-Commerce Ventures Ltd,2024-12-16 15:40:20.403,DissemDT,Routine / Lower Signal,Other,1,68636c10-bb6f-4f39-9c28-75d14be0c54b,Closure of Trading Window,Intimation of closure of Trading Window,False,2024-12-16
543384_127,543384,FSN E-Commerce Ventures Ltd,2025-01-02 14:25:01.160,DissemDT,Routine / Lower Signal,Other,1,2b89be4a-9431-4d15-b5aa-3e5f0d23e764,General,Intimation regarding change of name of the Registrar and Transfer Agent of the Company from ''Link Intime India Private Limited'' to ''MUFG Intime India Private Limited'',False,2025-01-02
543384_128,543384,FSN E-Commerce Ventures Ltd,2025-01-05 19:00:43.660,DissemDT,Routine / Lower Signal,Other,1,0aa611e6-481b-4719-ac81-94469d2fbe4a,General,Please find enclosed the Quarterly Revenue Update on Nykaa (FSN E-Commerce Ventures Limited along with its subsidiaires) which is self explanatory.,False,2025-01-05
543384_129,543384,FSN E-Commerce Ventures Ltd,2025-01-08 10:25:26.880,DissemDT,Routine / Lower Signal,Regulatory / Compliance,1,d3f7d5b6-dbfd-45ed-acd4-cf01ea597529,"Certificate under Reg. 74 (5) of SEBI (DP) Regulations, 2018","Compliance Certificate under Regulation 74(5) of SEBI (DP) Regulations, 2018 is attached",False,2025-01-08
543384_13,543384,FSN E-Commerce Ventures Ltd,2023-09-18 16:37:02.333,DissemDT,Potentially Price-Sensitive,Board / Management,2,"07ec94f2-f5eb-4269-863c-4a860d5fe98b, 915d0dd0-d902-442e-9c1f-bd3ca9515688",AGM,"Please find enclosed the Scrutinizer''s Report of Annual General Meeting held on September 18, 2023 and the voting results under Regulation 44 under the SEBI (Listing Obligations and Disclosure .... || Please find enclosed the voting results of the 11th Annual General Meeting pursuant to Regulation 44(3) of the SEBI (Listing Obligations and Disclosure Requirements) Regulations, 2015",False,2023-09-18
543384_130,543384,FSN E-Commerce Ventures Ltd,2025-01-17 18:45:35.620,DissemDT,Potentially Price-Sensitive,Corporate Actions,1,554e6882-ef22-494f-9a1b-8f02add06b7d,Allotment of ESOP / ESPS,"Allotment of 56,750 equity shares pursuant to exercise of vested stock options by the employees under the Employee Stock Option Scheme of the Company",False,2025-01-17
543384_131,543384,FSN E-Commerce Ventures Ltd,2025-01-23 17:56:16.510,DissemDT,Potentially Price-Sensitive,Business / Strategic,1,a6303b0a-0554-4cd9-91f5-285d126995c6,General,"Pursuant to Regulation 30 of Listing Regulations read with Part A of Schedule III of the Listing regulations we hereby inform you that Nessa International Holdings Limited, a step down ....",False,2025-01-23
543384_132,543384,FSN E-Commerce Ventures Ltd,2025-01-30 12:41:06.420,DissemDT,Potentially Price-Sensitive,Financial Results,1,cb397d31-9697-4589-ae0c-aff71e3896a5,Board Meeting,"FSN E-Commerce Ventures Ltdhas informed BSE that the meeting of the Board of Directors of the Company is scheduled on 10/02/2025 ,inter alia, to consider and approve the Unaudited Standalone ....",True,2025-01-30
543384_133,543384,FSN E-Commerce Ventures Ltd,2025-01-30 17:19:00.950,DissemDT,Context-Dependent,Investor / Analyst,1,13251d12-1ad0-4015-ae48-f52e05333a23,Analyst / Investor Meet,Intimation of earnings conference call,False,2025-01-30
543384_134,543384,FSN E-Commerce Ventures Ltd,2025-02-04 19:57:11.623,DissemDT,Context-Dependent,Investor / Analyst,1,ea4d131a-e69b-4444-a07a-156792ebdfc1,Analyst / Investor Meet,Intimation of Investor Meetings,False,2025-02-04
543384_135,543384,FSN E-Commerce Ventures Ltd,2025-02-10 15:35:56.107,DissemDT,Potentially Price-Sensitive,Financial Results,2,"54bbbc61-2323-4613-8cf8-25ccf002dd8e, 4db07f35-f5c8-4a09-aca6-52f79d3963a3",Financial Results; Integrated Filing (Financial),"Please find attached the results for the quarter and nine months ended December 31, 2024 || Please find enclosed the Integrated Filing (Financial) in the specified format for the quarter and nine months ended December 31, 2024",True,2025-02-10
543384_136,543384,FSN E-Commerce Ventures Ltd,2025-02-10 17:08:46.350,DissemDT,Context-Dependent,Investor / Analyst,2,"6fbea133-9cd6-4b51-ba9d-ad18d032caaa, ce370faf-f91a-428d-9684-2c954b9ffa5c",Investor Presentation; Press Release / Media Release,Please find attached the Investor Presentation || Please find attached the Press Release,False,2025-02-10
543384_137,543384,FSN E-Commerce Ventures Ltd,2025-02-10 23:12:19.033,DissemDT,Context-Dependent,Investor / Analyst,1,af69b0d2-c6b5-4b82-9ddc-5a47d57dd37e,General,Please find attached the letter having the audio and video recording links,False,2025-02-10
543384_138,543384,FSN E-Commerce Ventures Ltd,2025-02-12 13:41:34.407,DissemDT,Routine / Lower Signal,Regulatory / Compliance,1,a7fcf29c-fb66-4cc8-a92c-7f7dcd9e3a99,Newspaper Publication,Please find attached a copy of Newspaper publication,False,2025-02-12
543384_139,543384,FSN E-Commerce Ventures Ltd,2025-02-13 18:37:09.270,DissemDT,Context-Dependent,Investor / Analyst,1,334a0686-fe20-46f6-ac40-5b28e6cc9984,Earnings Call Transcript,Earnings Call Transcript for Q3FY25,False,2025-02-13
543384_14,543384,FSN E-Commerce Ventures Ltd,2023-09-18 17:26:19.323,DissemDT,Potentially Price-Sensitive,Board / Management,2,"16490183-43ae-4694-ab04-531f23d70661, a23ae523-9280-4bd8-8b2a-f4cd9c11f839",Press Release / Media Release; Investor Presentation,"Please find enclosed press release dated September 18, 2023 titled ""FSN E-Commerce Ventures Limited AGM 2023 Highlights:  Falguni Nayar Forecasts India''s Rise as the World''s Third Largest .... || Please find enclosed the Presentation made to the shareholders at the 11th Annual General Meeting of the Company",False,2023-09-18
543384_140,543384,FSN E-Commerce Ventures Ltd,2025-02-19 20:52:52.087,DissemDT,Context-Dependent,Investor / Analyst,1,6ab7c7ac-5500-45cc-9781-e01bd8d597bb,Analyst / Investor Meet,Intimation of Investor Meetings,False,2025-02-19
543384_141,543384,FSN E-Commerce Ventures Ltd,2025-02-24 19:37:52.883,DissemDT,Potentially Price-Sensitive,Corporate Actions,1,6eeccc01-35b5-4b3a-b4f9-695d1b73a011,Allotment of ESOP / ESPS,"Allotment of 90,500 equity shares pursuant to exercise of vested stock options by the employees under the Employee Stock Option Schemes of the Company",False,2025-02-24
543384_142,543384,FSN E-Commerce Ventures Ltd,2025-02-25 10:20:13.037,DissemDT,Routine / Lower Signal,Regulatory / Compliance,1,5f66dd2c-6921-43bc-8a83-b33b9a84e3f9,General,Please find attached the clarification letter,False,2025-02-25
543384_143,543384,FSN E-Commerce Ventures Ltd,2025-03-11 16:36:08.930,DissemDT,Potentially Price-Sensitive,Business / Strategic,1,737bdeb4-ac72-44c3-8cba-ee56f12251b4,General,"Pursuant to Regulation 30 of Securities and Exchange Board of India (Listing Obligations and Disclosure Requirements) Regulations, 2015 (Listing Regulations) read with Part A of Schedule ....",False,2025-03-11
543384_144,543384,FSN E-Commerce Ventures Ltd,2025-03-20 14:43:19.243,DissemDT,Potentially Price-Sensitive,Corporate Actions,1,1a9bb1a5-2bb9-4399-9860-976229599523,Allotment of ESOP / ESPS,"Allotment of 1,01,350 equity shares pursuant to exercise of vested stock options by the employees under the Employee Stock Option Schemes of the Company",False,2025-03-20
543384_145,543384,FSN E-Commerce Ventures Ltd,2025-03-24 18:43:49.297,DissemDT,Routine / Lower Signal,Other,1,63e58640-0b0c-44bf-8563-9e7a04804d2a,Closure of Trading Window,Intimation of closure of Trading Window,False,2025-03-24
543384_146,543384,FSN E-Commerce Ventures Ltd,2025-04-05 18:46:06.383,DissemDT,Potentially Price-Sensitive,Credit / Financing,1,0ed016d4-ce31-4d20-87c5-52832d87f8ee,Credit Rating,"Intimation regarding Upgrade of the Credit Rating by CRISIL to ""CRISIL A/Stable"" from ""CRISIL A-/Positive"" for the bank loan facilities of the Company",False,2025-04-05
543384_147,543384,FSN E-Commerce Ventures Ltd,2025-04-06 17:12:27.420,DissemDT,Routine / Lower Signal,Other,1,fe34dd2a-5c70-40ae-9f0a-18c9d0a7b147,General,Please find enclosed the Quarterly Revenue update on Nykaa (FSN E-Commerce Ventures Limited along with its subsidiaries)  which is self-explanatory,False,2025-04-06
543384_148,543384,FSN E-Commerce Ventures Ltd,2025-04-10 17:22:46.793,DissemDT,Potentially Price-Sensitive,Credit / Financing,1,91ab90fc-db5a-4b3b-bad0-fe96819c9b2f,Credit Rating,Intimation regarding reaffirmation of credit rating by CRISIL (Crisil A/ Stable) on enhanced Bank Loan Facilities.,False,2025-04-10
543384_149,543384,FSN E-Commerce Ventures Ltd,2025-04-10 18:48:31.947,DissemDT,Routine / Lower Signal,Regulatory / Compliance,1,61bd5340-3fa8-4d4a-a349-8c0136eb35ce,"Certificate under Reg. 74 (5) of SEBI (DP) Regulations, 2018","Compliance certificate under Regulation 74(5) of Securities and Exchange Board of India (Depositories and Participants) Regulations, 2018",False,2025-04-10
543384_15,543384,FSN E-Commerce Ventures Ltd,2023-09-29 18:08:42.297,DissemDT,Routine / Lower Signal,Other,1,5f5cb69c-0add-4ec7-bbc1-4f79d82d21f3,Closure of Trading Window,"This is to inform to you that the Trading Window Closure Period as per the ""Code of Conduct for Prevention of Insider Trading"" of the Company will commence from Sunday, October 01, 2023 ....",False,2023-09-29
543384_150,543384,FSN E-Commerce Ventures Ltd,2025-04-20 10:26:40.490,DissemDT,Potentially Price-Sensitive,Corporate Actions,1,28bac25c-8fe5-4609-ba9f-42511c8cac07,Allotment of ESOP / ESPS,Allotment of 17010 Equity Shares pursuant to exercise of vested stock options  by the Employee under Employee Stock Option Schemes of the Company,False,2025-04-20
543384_151,543384,FSN E-Commerce Ventures Ltd,2025-05-10 16:30:49.520,DissemDT,Potentially Price-Sensitive,Business / Strategic,1,89d7e63f-29c9-4c35-bd54-04389a2c7f43,General,"Order of NCLT dated May 9, 2025 for approval of scheme of Arrangement involving demerger of e-B2B Business of FSN Distribution Limited to Nykaa E-Retail Limited",False,2025-05-10
543384_152,543384,FSN E-Commerce Ventures Ltd,2025-05-19 19:13:34.110,DissemDT,Potentially Price-Sensitive,Financial Results,2,"d012c034-61b7-4496-8ce5-4b87e073c162, da0b86a8-6be7-4382-8ba6-32d003d985b9",Board Meeting; Analyst / Investor Meet,"FSN E-Commerce Ventures Ltdhas informed BSE that the meeting of the Board of Directors of the Company is scheduled on 30/05/2025 ,inter alia, to consider and approve the Audited Standalone .... || Intimation of Investors'' meeting on the earnings performance for quarter and financial year ended March 31, 2025",True,2025-05-19
543384_153,543384,FSN E-Commerce Ventures Ltd,2025-05-20 19:35:58.710,DissemDT,Potentially Price-Sensitive,Corporate Actions,1,9a495594-d9fd-4d0f-a889-795c2fec6468,Allotment of ESOP / ESPS,"Allotment of 4,26,599 Equity shares pursuant to exercise of vested stock options by the employees under Employee Stock Option Schemes of the Company",False,2025-05-20
543384_154,543384,FSN E-Commerce Ventures Ltd,2025-05-28 14:32:29.770,DissemDT,Context-Dependent,Investor / Analyst,1,0988eb0e-2665-46bc-94b5-f79f4d053c6c,Analyst / Investor Meet,Intimation of Investor Meetings,False,2025-05-28
543384_155,543384,FSN E-Commerce Ventures Ltd,2025-05-28 17:16:02.397,DissemDT,Potentially Price-Sensitive,Business / Strategic,1,af3e7043-6da2-42cc-bf69-fd70c6c3597d,General,"Order of Hon''ble NCLT dated May 27, 2025 for approval of the Scheme of Amalgamation of Iluminar Media Limited with Nykaa Fashion Limited, both wholly owned subsidiaries of FSN E-Commerce ....",False,2025-05-28
543384_156,543384,FSN E-Commerce Ventures Ltd,2025-05-30 16:39:40.970,DissemDT,Potentially Price-Sensitive,Financial Results,5,"7992bfcb-614a-424f-b31d-b4b880ef3a58, 8de41c8a-e4b2-45bc-b739-d64f140a94d9, e74ed69c-212f-40d3-9a33-c8b2471ba46c, ffd62987-08fe-43d4-8e54-87b17f3eefe7, 6e2542bd-24ab-49c0-a87a-1b76cb29e30d",Outcome of Board Meeting; Financial Results; General; Press Release / Media Release; Investor Presentation,Please find enclosed the Audited Standalone and Consolidated Financial Results for Q4 and FY25 || Please find enclosed the audited standalone and consolidated financial results for Q4 and FY25 || Intimation for appointment of Secretarial Auditor || Please find attached the Press Release for Q4 and FY25 || Please find attached the Investor Presentation for Q4 and FY25,True,2025-05-30
543384_157,543384,FSN E-Commerce Ventures Ltd,2025-05-30 19:46:03.447,DissemDT,Routine / Lower Signal,Regulatory / Compliance,1,f7adfd3f-4d6e-4f5e-b4cd-24a441e20862,Reg.24(A)-Annual Secretarial Compliance,"Pursuant to Regulation 24A of Securities and Exchange Board of India (Listing Obligations and Disclosure Requirements) Regulations, 2015, please find enclosed the Annual Secretarial Compliance ....",False,2025-05-30
543384_158,543384,FSN E-Commerce Ventures Ltd,2025-05-30 23:48:32.053,DissemDT,Context-Dependent,Investor / Analyst,1,f176bfc1-1dbb-41dc-922b-0030f3330ea5,General,Please find enclosed the letter containing the Audio and Video recording links,False,2025-05-30
543384_159,543384,FSN E-Commerce Ventures Ltd,2025-06-01 21:24:44.610,DissemDT,Routine / Lower Signal,Regulatory / Compliance,1,b664e3aa-8dba-477f-b1c4-cc4317a2b40b,Newspaper Publication,Please find attached a copy of Newspaper publication,False,2025-06-01
543384_16,543384,FSN E-Commerce Ventures Ltd,2023-10-05 19:53:42.137,DissemDT,Potentially Price-Sensitive,Corporate Actions,1,3d5559e6-f4d4-42af-a4f3-1ab5537503de,Allotment of ESOP / ESPS,"Allotment of 1,53,100 Equity Shares against exercise of vested Employee Stock Options under ESOS 2017",False,2023-10-05
543384_160,543384,FSN E-Commerce Ventures Ltd,2025-06-04 13:37:19.617,DissemDT,Context-Dependent,Investor / Analyst,1,bcc59e9e-765e-4837-b3f6-177143e10111,Analyst / Investor Meet,Intimation of Investor Meetings,False,2025-06-04
543384_161,543384,FSN E-Commerce Ventures Ltd,2025-06-04 18:22:03.693,DissemDT,Context-Dependent,Investor / Analyst,1,ae0b11a3-5125-4717-837c-f828578a37d4,Earnings Call Transcript,Earnings Call Transcript for Q4 and FY25,False,2025-06-04
543384_162,543384,FSN E-Commerce Ventures Ltd,2025-06-09 19:42:00.083,DissemDT,Routine / Lower Signal,Other,1,37f92756-2b14-4ba8-93af-ee82c10a76d2,General,Please find enclosed the intimation regarding completion of the 2nd tranche of investment into Earth Rhythm Private Limited,False,2025-06-09
543384_163,543384,FSN E-Commerce Ventures Ltd,2025-06-23 12:13:27.523,DissemDT,Routine / Lower Signal,Other,1,0c8281e0-c9b5-4c20-ba71-18c1eb41ac3a,Closure of Trading Window,Intimation of closure of Trading Window,False,2025-06-23
543384_164,543384,FSN E-Commerce Ventures Ltd,2025-06-23 19:22:12.793,DissemDT,Potentially Price-Sensitive,Corporate Actions,1,926eb37f-3078-428d-850d-227a04b876d7,Allotment of ESOP / ESPS,"Allotment of 5,23,900 Equity shares pursuant to exercise of vested stock options by the employees under Employee Stock Option Scheme of the Company",False,2025-06-23
543384_165,543384,FSN E-Commerce Ventures Ltd,2025-06-26 09:41:43.270,DissemDT,Context-Dependent,Investor / Analyst,1,d744ecc0-5d3a-46ae-b7d4-087ac6c8d944,Investor Presentation,Investor Presentation,False,2025-06-26
543384_166,543384,FSN E-Commerce Ventures Ltd,2025-07-06 17:41:06.537,DissemDT,Routine / Lower Signal,Other,1,132b72ad-ab70-40ca-890c-2000ac3ad093,General,Please find enclosed the Quarterly Revenue update on Nykaa (FSN E-Commerce Ventures Limited along with its subsidiaries) which is self-explanatory,False,2025-07-06
543384_167,543384,FSN E-Commerce Ventures Ltd,2025-07-11 18:51:03.073,DissemDT,Routine / Lower Signal,Regulatory / Compliance,1,64cba591-6a98-4c6c-a6de-f76e1302b0ad,"Certificate under Reg. 74 (5) of SEBI (DP) Regulations, 2018","Certificate under Regulation 74(5) of SEBI (Depositories and Participants) Regulations,  2018 for the quarter ended June 30, 2025",False,2025-07-11
543384_168,543384,FSN E-Commerce Ventures Ltd,2025-07-24 15:16:00.497,DissemDT,Potentially Price-Sensitive,Corporate Actions,1,211331fc-ece5-451c-b592-cebbacc45b54,Allotment of ESOP / ESPS,"Allotment of 4,77,950 equity shares pursuant to exercise of vested stock options by the employees under Employee Stock Option Scheme of the Company",False,2025-07-24
543384_169,543384,FSN E-Commerce Ventures Ltd,2025-07-29 19:46:29.443,DissemDT,Routine / Lower Signal,Other,1,7752943f-9aec-4daf-a67d-e0d76adc03b6,General,13th Annual General Meeting to be held through Video Conference (VC) / Other Audio Visual Means (OAVM),False,2025-07-29
543384_17,543384,FSN E-Commerce Ventures Ltd,2023-10-06 07:57:39.793,DissemDT,Routine / Lower Signal,Other,1,a1c1600e-6540-4b61-83df-108196e14198,General,Please find enclosed herewith a communication on Nykaa Performance Update in Q2 FY2024,False,2023-10-06
543384_170,543384,FSN E-Commerce Ventures Ltd,2025-07-30 16:28:30.600,DissemDT,Routine / Lower Signal,Regulatory / Compliance,1,76b6fd17-73e5-458b-ba90-a66fc9f57c10,Newspaper Publication,Newspaper publication - Information regarding 13th Annual General Meeting to be held through Video Conference (VC) / Other Audio-Visual Means (OAVM),False,2025-07-30
543384_171,543384,FSN E-Commerce Ventures Ltd,2025-08-01 12:04:56.830,DissemDT,Potentially Price-Sensitive,Financial Results,1,2789f21f-7512-41fa-a424-f401a0cc42a8,Board Meeting,"FSN E-Commerce Ventures Ltdhas informed BSE that the meeting of the Board of Directors of the Company is scheduled on 12/08/2025 ,inter alia, to consider and approve the Unaudited Standalone ....",True,2025-08-01
543384_172,543384,FSN E-Commerce Ventures Ltd,2025-08-01 12:36:06.917,DissemDT,Context-Dependent,Investor / Analyst,1,3b6cf56a-bdef-4ee6-a0c2-da8181e96167,Analyst / Investor Meet,Intimation of Conference Call for analyst/institutional investors,False,2025-08-01
543384_173,543384,FSN E-Commerce Ventures Ltd,2025-08-02 18:17:47.610,DissemDT,Potentially Price-Sensitive,Board / Management,4,"e88bedd8-f22d-41d3-8061-fd52a0ff3710, 5ae6b5ae-2f1a-4d43-81e2-dc12afeae5b9, 507df1da-9d69-46a0-bda1-ad241904e7f8, bc7d9a7c-330b-4765-8d7b-e182f6150dbf",AGM; Reg. 34 (1) Annual Report; Business Responsibility and Sustainability Reporting (BRSR); General,"Notice of the 13th Annual General Meeting of FSN E-Commerce Ventures Limited scheduled to be held on August 25, 2025. || Please find enclosed herewith Integrated Annual Report FY 2024-25 of FSN E-Commerce Ventures Limited. || Business Responsibility and Sustainability Report for FY2024-25 || Communication sent to the shareholders with respect to the Integrated Annual Report, including Notice of the Annual General Meeting, for FY2024-25",False,2025-08-02
543384_174,543384,FSN E-Commerce Ventures Ltd,2025-08-04 16:10:38.710,DissemDT,Routine / Lower Signal,Regulatory / Compliance,1,2fe5baba-e3b1-4631-acb5-74768f886e43,Newspaper Publication,"Newspapers publication - Notice of the 13th Annual General Meeting, E-Voting and other related information.",False,2025-08-04
543384_175,543384,FSN E-Commerce Ventures Ltd,2025-08-07 19:59:13.293,DissemDT,Potentially Price-Sensitive,Business / Strategic,1,109b5e86-058b-4d00-af37-de3f9ea4ebff,General,"Nykaa Fashion Limited, a wholly owned subsidiary of the Company, is inter alia entitled to receive compensation of Rs. 10 Crores (Rupees Ten Crores only) pursuant to the Consent Terms which ....",False,2025-08-07
543384_176,543384,FSN E-Commerce Ventures Ltd,2025-08-12 16:20:58.650,DissemDT,Potentially Price-Sensitive,Financial Results,7,"76005510-8100-47a8-8f8b-6434f8f502a2, 954ad4a6-f00f-42e1-b3db-bc46398f8d8a, 363742c6-ec1e-4997-9749-3b62cb56bad0, 1b638829-53bc-443e-901c-4376060bc2e2, 08ecc6fb-86bc-4f25-8cfa-36bb5576e1b7, 083347fd-35fa-42e2-ab14-cf6495620570, fbc3a200-75ad-4c67-9373-df889851d929",Outcome of Board Meeting; Press Release / Media Release; Acquisition; Investor Presentation; Financial Results; Resignation of Company Secretary / Compliance Officer,"Outcome of Board Meeting held on August 12, 2025 - Unaudited Standalone and Consolidated Financial Results for the quarter ended June 30, 2025 || Please find attached the Press Release for Q1 FY26. || Acquisition of balance 40% stake in Nudge Wellness Private Limited (Nudge), thus making Nudge a wholly-owned subsidiary of the Company || Acquisition of balance 40% stake in Nudge Wellness Private Limited (Nudge), thus making Nudge a wholly-owned subsidiary of the Company || Please find attached the Investor Presentation for Q1 FY26 || Please find attached the Unaudited Standalone and Consolidated Financial Results for the quarter ended June 30, 2025 || Intimation of resignation of Company Secretary and Compliance Officer of the Company",True,2025-08-12
543384_177,543384,FSN E-Commerce Ventures Ltd,2025-08-13 00:35:11.050,DissemDT,Potentially Price-Sensitive,Financial Results,1,e434376c-c6ec-481f-a43f-c24a8f9ce0e1,Analyst / Investor Meet,"The Audio recording link of the Analyst / Investor Conference Call held on August 12, 2025, with regards to the Unaudited Standalone and Consolidated Financial Results for the quarter ended ....",True,2025-08-13
543384_178,543384,FSN E-Commerce Ventures Ltd,2025-08-13 19:14:45.817,DissemDT,Potentially Price-Sensitive,Financial Results,1,44536407-61fa-4f0f-a476-8ba03573301c,Analyst / Investor Meet,"The Video recording link of the Analyst / Investor Conference Call held on August 12, 2025, with regards to the Unaudited Standalone and Consolidated Financial Results for the quarter ended ....",True,2025-08-13
543384_179,543384,FSN E-Commerce Ventures Ltd,2025-08-14 11:45:01.837,DissemDT,Routine / Lower Signal,Regulatory / Compliance,1,aa9121af-fb8c-4603-8f55-d21318a8f20f,Clarification,"The Exchange has sought clarification from FSN E-Commerce Ventures Ltd on August 14, 2025, with reference to Movement in Volume.<BR><BR>The reply is awaited.",False,2025-08-14
543384_18,543384,FSN E-Commerce Ventures Ltd,2023-10-10 13:28:50.190,DissemDT,Routine / Lower Signal,Regulatory / Compliance,1,081aa7c9-3148-4151-acef-a6fb2acca179,"Certificate under Reg. 74 (5) of SEBI (DP) Regulations, 2018","Pursuant to Regulation 74(5) of the Securities and Exchange Board of India (Depositories and Participants) Regulations, 2018, please find enclosed the Certificate received from Link Intime ....",False,2023-10-10
543384_180,543384,FSN E-Commerce Ventures Ltd,2025-08-14 12:15:22.743,DissemDT,Potentially Price-Sensitive,Financial Results,1,7222c406-c871-41d8-8cc6-2b24aa6394bc,Newspaper Publication,Please find attached a copy of Newspaper Publication for Unaudited Financial Results for the quarter ended June 2025.,True,2025-08-14
543384_181,543384,FSN E-Commerce Ventures Ltd,2025-08-14 12:54:20.570,DissemDT,Routine / Lower Signal,Regulatory / Compliance,1,9aadaeee-a76a-4182-b921-5d87e84be035,General,Clarification on Volume Movement,False,2025-08-14
543384_182,543384,FSN E-Commerce Ventures Ltd,2025-08-14 16:42:36.520,DissemDT,Context-Dependent,Investor / Analyst,1,2ef6201a-3c0a-479a-ab12-264c7f59690f,Earnings Call Transcript,Please find attached transcript of the Conference call for analyst / investor.,False,2025-08-14
543384_183,543384,FSN E-Commerce Ventures Ltd,2025-08-25 15:16:05.083,DissemDT,Potentially Price-Sensitive,Board / Management,3,"58145088-73ca-478e-9b17-16f0b089db39, fdf0e722-f3a1-40d2-835c-bedde365224e, 50ec2f7e-7a5d-4ad9-b9cd-81dac00ddf56",AGM; Investor Presentation; General,"Proceedings of the 13th Annual General Meeting of the Company held on August 25, 2025 || Presentation made by the Chairperson at the 13th Annual General Meeting of the Company held on August 25, 2025 || Chairperson''s Speech made at the 13th Annual General Meeting held on August 25, 2025",False,2025-08-25
543384_184,543384,FSN E-Commerce Ventures Ltd,2025-08-26 16:56:44.153,DissemDT,Potentially Price-Sensitive,Board / Management,1,6820f06f-a23e-439f-a676-1cbb641fa20b,AGM,"Scrutinizers'' report and voting results of the 13th Annual General Meeting held on August 25, 2025",False,2025-08-26
543384_185,543384,FSN E-Commerce Ventures Ltd,2025-08-28 18:07:20.843,DissemDT,Potentially Price-Sensitive,Corporate Actions,2,"374e811c-d3fd-4b0a-a151-b6b01255ecfe, de27795a-d502-41a4-b7dc-b248332f3083",Analyst / Investor Meet; Allotment of ESOP / ESPS,"Intimation of Investor Meetings || Allotment of 4,94,334 Equity shares pursuant to excercise of vested stock options by the employees under the Employee Stock Option Schemes of the Company",False,2025-08-28
543384_186,543384,FSN E-Commerce Ventures Ltd,2025-09-11 17:41:50.413,DissemDT,Context-Dependent,Investor / Analyst,1,5c23f0e1-3be3-4260-af94-fed0659d7f6c,Analyst / Investor Meet,Intimation of Investor Meetings,False,2025-09-11
543384_187,543384,FSN E-Commerce Ventures Ltd,2025-09-12 18:48:22.773,DissemDT,Potentially Price-Sensitive,Corporate Actions,1,8dab8309-931c-402a-ac68-a6b5c86133ff,Allotment of ESOP / ESPS,"Allotment of 86,800 equity shares pursuant to excercise of vested stock options by employees under Employee Stock Option Scheme of Company",False,2025-09-12
543384_188,543384,FSN E-Commerce Ventures Ltd,2025-09-22 18:32:17.460,DissemDT,Routine / Lower Signal,Other,1,98a1a500-56b9-48ec-87c6-152dd763b2f3,Closure of Trading Window,Intimation of Closure of Trading Window,False,2025-09-22
543384_189,543384,FSN E-Commerce Ventures Ltd,2025-09-24 19:59:27.413,DissemDT,Potentially Price-Sensitive,Board / Management,1,49ab7175-1b27-4f51-b154-77e326d99c43,Change in Directorate,"Please find enclosed the Intimation with regards to appointment of Mr. Dipak Gupta as an Independent Director of the Company with effect from October 01, 2025",False,2025-09-24
543384_19,543384,FSN E-Commerce Ventures Ltd,2023-10-13 12:40:31.407,DissemDT,Context-Dependent,Investor / Analyst,1,e8ea5135-8147-480e-be09-f7fed6dfa10b,General,Please find enclosed the clarification on the misquoting of the Company''s Key Performance Indicators (KPI) in certain analyst reports and media articles,False,2023-10-13
543384_190,543384,FSN E-Commerce Ventures Ltd,2025-09-25 12:06:45.107,DissemDT,Context-Dependent,Investor / Analyst,1,7eb2f214-ada3-4f40-bc5c-5d7399ecbf47,Press Release / Media Release,"Please find attached the Press Release titled ""Nykaa Welcomes Global Icon Deepika Padukone as its Brand Ambassador""",False,2025-09-25
543384_191,543384,FSN E-Commerce Ventures Ltd,2025-10-05 21:15:20.550,DissemDT,Routine / Lower Signal,Other,1,ca6c2345-81c4-42ca-b2bd-04481a56648d,General,Please find enclosed herewith a communication on Nykaa (FSN E-Commerce Ventures Limited along with its subsidiaries) which is self-explanatory,False,2025-10-05
543384_192,543384,FSN E-Commerce Ventures Ltd,2025-10-09 18:53:55.337,DissemDT,Routine / Lower Signal,Regulatory / Compliance,1,40c92361-1e36-4548-85f0-652b403c9624,"Certificate under Reg. 74 (5) of SEBI (DP) Regulations, 2018","Certificate under Regulation 74(5) of SEBI (Depositories and Participants) Regulations, 2018 for the quarter ended September 30, 2025.",False,2025-10-09
543384_193,543384,FSN E-Commerce Ventures Ltd,2025-10-18 17:38:29.490,DissemDT,Potentially Price-Sensitive,Corporate Actions,1,63c58969-4607-4e19-817a-55d0e2e9f544,Allotment of ESOP / ESPS,"Allotment of 3,21,070 Equity Shares pursuant to exercise of vested stock options by employees under Employee Stock Option Scheme of Company",False,2025-10-18
543384_194,543384,FSN E-Commerce Ventures Ltd,2025-10-28 17:45:28.103,DissemDT,Potentially Price-Sensitive,Financial Results,1,f2da0edf-e915-4e47-bb8e-47fb20b6037a,Board Meeting,"FSN E-Commerce Ventures Ltdhas informed BSE that the meeting of the Board of Directors of the Company is scheduled on 07/11/2025 ,inter alia, to consider and approve the Unaudited Standalone ....",True,2025-10-28
543384_195,543384,FSN E-Commerce Ventures Ltd,2025-10-28 20:02:20.070,DissemDT,Context-Dependent,Investor / Analyst,1,9e513703-a8fa-409d-941c-f32b47cb73cf,Analyst / Investor Meet,Intimation of Conference Call for analyst/institutional investors,False,2025-10-28
543384_196,543384,FSN E-Commerce Ventures Ltd,2025-11-07 16:00:14.757,DissemDT,Potentially Price-Sensitive,Financial Results,5,"5b3e57f6-a818-4d84-8596-922a5521aa81, f299aa82-c812-464a-a8cb-d3b3caaba42a, 18679eae-f9dd-4036-a61a-fe477968d908, e10aa140-b115-48b6-8680-60f1008c9c29, db8cd278-6fdb-4598-854c-bda119950792",Outcome of Board Meeting; Investor Presentation; Press Release / Media Release; General; Financial Results,"Unaudited Standalone And Consolidated Financial Results For The Quarter and Half Year Ended September 30, 2025
 || Investor presentation which will be presented at the earnings call. || Press release issued by the Company titled ''Nykaa delivers strong Q2FY26 performance; consolidated Net revenue upto 25% YoY, PAT rises 154% YoY'' || Reappointment of Ms. Falguni Nayar as the Executive Chairperson, Managing Director and Chief Executive Officer of the Company w.e.f. February 12, 2026 for a term of five years, subject .... || Unaudited Standalone And Consolidated Financial Results For The Quarter and Half Year Ended September 30, 2025",True,2025-11-07
543384_197,543384,FSN E-Commerce Ventures Ltd,2025-11-07 21:17:46.250,DissemDT,Context-Dependent,Investor / Analyst,1,4bdb5bf2-45a6-4197-a280-d901b50e0294,Analyst / Investor Meet,Audio Recording of the Conference Call for Analyst/Institutional Investor,False,2025-11-07
543384_198,543384,FSN E-Commerce Ventures Ltd,2025-11-07 21:51:48.573,DissemDT,Context-Dependent,Investor / Analyst,1,a293b54c-79cf-4a74-bf6d-a154e570165b,Analyst / Investor Meet,"Video recording of the Analyst / Investor Conference Call held on November 07, 2025",False,2025-11-07
543384_199,543384,FSN E-Commerce Ventures Ltd,2025-11-10 12:11:49.307,DissemDT,Potentially Price-Sensitive,Financial Results,1,fb2b0aa1-ebfd-480d-b92d-2dac06e9d3e4,Newspaper Publication,"Newspaper publication pertaining to Unaudited Standalone and Consolidated Financial Results of the Company for the Quarter and Half Year Ended September 30, 2025",True,2025-11-10
543384_2,543384,FSN E-Commerce Ventures Ltd,2023-08-24 13:53:50.010,DissemDT,Potentially Price-Sensitive,Board / Management,2,"070773f0-8be8-4fd4-b30e-233e663b0902, 2b616292-b9e1-4bd7-9024-a400ee899f4e",Reg. 34 (1) Annual Report; AGM,"Kindly note that the 11th Annual General Meeting (""AGM"") of the Company is scheduled to be held on Monday, September 18, 2023 at 10:30 AM (IST) through Video Conference / Other Audio Visual .... || Please find enclosed the notice of 11th Annual General Meeting.",False,2023-08-24
543384_20,543384,FSN E-Commerce Ventures Ltd,2023-10-26 15:19:52.630,DissemDT,Potentially Price-Sensitive,Financial Results,1,db3436e5-6741-45a4-a216-288c4817369d,Board Meeting,"FSN E-Commerce Ventures Ltdhas informed BSE that the meeting of the Board of Directors of the Company is scheduled on 06/11/2023 ,inter alia, to consider and approve the Unaudited Standalone ....",True,2023-10-26
543384_200,543384,FSN E-Commerce Ventures Ltd,2025-11-11 11:51:29.343,DissemDT,Context-Dependent,Investor / Analyst,1,e6f67c63-06eb-4103-8da7-02c4ffd1303a,Analyst / Investor Meet,Intimation of Investor Meetings.,False,2025-11-11
543384_201,543384,FSN E-Commerce Ventures Ltd,2025-11-12 18:49:06.577,DissemDT,Context-Dependent,Investor / Analyst,1,ca951366-3f97-4ed8-b7b4-e83270de79bd,Earnings Call Transcript,Please find enclosed the transcript of the Conference call for analysts / investors,False,2025-11-12
543384_202,543384,FSN E-Commerce Ventures Ltd,2025-11-15 22:45:56.080,DissemDT,Potentially Price-Sensitive,Corporate Actions,1,460721ea-ac6c-4a47-8b68-6204534a3017,Allotment of ESOP / ESPS,"Allotment of 6,64,160 Equity shares pursuant to exercise of vested stock options by employees under Employees Stock Option schemes of the Company",False,2025-11-15
543384_203,543384,FSN E-Commerce Ventures Ltd,2025-11-26 15:07:53.957,DissemDT,Potentially Price-Sensitive,Board / Management,1,6d7ba753-7e32-44b9-9862-0e910ee0bbed,Postal Ballot,"Notice of Postal Ballot for seeking approval of Members of the Company for appointment of Mr. Dipak Gupta as Non Executive, Independent Director of the Company for a term of consecutive 5 years.",False,2025-11-26
543384_204,543384,FSN E-Commerce Ventures Ltd,2025-11-26 17:06:27.660,DissemDT,Potentially Price-Sensitive,Board / Management,1,22414322-2ece-4e8b-96e8-8219daa7f441,Appointment of Company Secretary / Compliance Officer,"Appointment of Mr. Chetan Sharma as the Company Secretary & Compliance Officer and Key Managerial Personnel of the Company, with effect from November 26, 2025.",False,2025-11-26
543384_205,543384,FSN E-Commerce Ventures Ltd,2025-11-27 18:50:17.667,DissemDT,Routine / Lower Signal,Regulatory / Compliance,1,d96aab33-2b70-4da1-9b2f-39b531b6ec0b,Newspaper Publication,Newspaper Advertisement pertaining to the Notice of Postal Ballot of the Company.,False,2025-11-27
543384_206,543384,FSN E-Commerce Ventures Ltd,2025-12-04 15:55:45.367,DissemDT,Potentially Price-Sensitive,Credit / Financing,1,1194b475-fc68-466e-a19e-c67db0f859e4,General,"Please find enclosed the intimation under Regulation 30 of Securities and Exchange Board of India (Listing Obligations and Disclosure Requirements) Regulations, 2015 - ESG Rating",False,2025-12-04
543384_207,543384,FSN E-Commerce Ventures Ltd,2025-12-13 13:51:45.933,DissemDT,Potentially Price-Sensitive,Corporate Actions,1,ab442be7-93bd-4fa3-9cd2-4169436db433,Allotment of ESOP / ESPS,"Allotment of 2,59,450 Equity shares pursuant to exercise of vested stock options by employees under Employee Stock Option schemes of the Company",False,2025-12-13
543384_208,543384,FSN E-Commerce Ventures Ltd,2025-12-24 13:44:23.627,DissemDT,Routine / Lower Signal,Other,1,d17bbefb-982b-4c52-96e9-d886897baad7,Closure of Trading Window,Intimation of Closure of Trading Window.,False,2025-12-24
543384_209,543384,FSN E-Commerce Ventures Ltd,2025-12-26 21:30:45.103,DissemDT,Potentially Price-Sensitive,Board / Management,1,a7613a19-e39f-4304-8995-85db6d03d089,Postal Ballot,Please find enclosed herewith outcome of Postal Ballot containing scrutinizers report and voting results,False,2025-12-26
543384_21,543384,FSN E-Commerce Ventures Ltd,2023-11-01 14:05:37.453,DissemDT,Potentially Price-Sensitive,Financial Results,1,bd14017e-5d97-47be-825c-7720d87905fa,Analyst / Investor Meet,"Please find enclosed the schedule of conference call for analysts/institutional investors for discussing Company's financial results for the quarter and half year ended September 30, 2023",True,2023-11-01
543384_210,543384,FSN E-Commerce Ventures Ltd,2025-12-29 15:50:39.040,DissemDT,Potentially Price-Sensitive,Board / Management,1,3d2c5ee0-cda4-4998-9807-7047f898ed7c,Postal Ballot,"Please find enclosed the Notice of Postal Ballot for seeking Members'' approval for re-appointment of Ms. Falguni Nayar as the Executive Chairperson, Managing Director & Chief Executive ....",False,2025-12-29
543384_211,543384,FSN E-Commerce Ventures Ltd,2025-12-30 16:11:35.407,DissemDT,Routine / Lower Signal,Regulatory / Compliance,1,f0def7be-d356-41eb-83a2-3d1e32868c32,Newspaper Publication,Newspaper Advertisement pertaining to the Notice of Postal Ballot of the Company.,False,2025-12-30
543384_212,543384,FSN E-Commerce Ventures Ltd,2026-01-04 20:03:09.983,DissemDT,Routine / Lower Signal,Other,1,dd12e46b-6abf-4883-a29f-34a681401f72,General,Please find enclosed herewith a communication on Nykaa (FSN E-Commerce Ventures Limited along with its subsidiaries) which is self-explanatory,False,2026-01-04
543384_213,543384,FSN E-Commerce Ventures Ltd,2026-01-07 19:12:27.363,DissemDT,Routine / Lower Signal,Regulatory / Compliance,1,e6ee467b-9606-4849-ab71-520c314d7d9e,"Certificate under Reg. 74 (5) of SEBI (DP) Regulations, 2018","Certificate under Regulation 74(5) of SEBI (Depositories and Participants) Regulations,  2018 for the quarter ended December 31, 2025.",False,2026-01-07
543384_214,543384,FSN E-Commerce Ventures Ltd,2026-01-08 19:18:31.673,DissemDT,Potentially Price-Sensitive,Credit / Financing,1,53758b5d-cb00-4bd9-9491-bfc8c6edc27d,Credit Rating,"Disclosure of ESG Rating in terms of Regulation 30 of the SEBI ( Listing Obligations and Disclosure Requirements) Regulations, 2015.",False,2026-01-08
543384_215,543384,FSN E-Commerce Ventures Ltd,2026-01-16 18:10:53.310,DissemDT,Potentially Price-Sensitive,Corporate Actions,1,54c5b31f-0603-4783-91c8-b9a345c69639,Allotment of ESOP / ESPS,"Allotment of 1,63,400 Equity shares pursuant to exercise of vested stock options by employees under the Employee Stock Option scheme of the Company",False,2026-01-16
543384_216,543384,FSN E-Commerce Ventures Ltd,2026-01-20 19:25:15.850,DissemDT,Potentially Price-Sensitive,Financial Results,2,"ce499fc4-b3d9-43ff-b5d0-10b68a665f3c, c136c0a3-658b-4b3c-9899-5eca82daba8e",Board Meeting; Analyst / Investor Meet,"FSN E-Commerce Ventures Ltdhas informed BSE that the meeting of the Board of Directors of the Company is scheduled on 05/02/2026 ,inter alia, to consider and approve the Unaudited Standalone .... || Intimation for Conference Call for Analysts/ Institutional Investors.",True,2026-01-20
543384_217,543384,FSN E-Commerce Ventures Ltd,2026-01-27 19:27:36.020,DissemDT,Context-Dependent,Investor / Analyst,1,2bffeaf1-8e37-4780-ac43-e622ddd93d9d,Analyst / Investor Meet,Intimation of Investor Meetings,False,2026-01-27
543384_218,543384,FSN E-Commerce Ventures Ltd,2026-01-29 13:49:01.407,DissemDT,Potentially Price-Sensitive,Board / Management,1,282e221f-ed12-4f8e-b5c3-7d3848289319,Postal Ballot,"Please find enclosed herewith Scrutinizer''s Report and Voting Result regarding the Postal Ballot conducted for re-appointment of Ms. Falguni Nayar as the Executive Chairperson, Managing ....",False,2026-01-29
543384_219,543384,FSN E-Commerce Ventures Ltd,2026-02-05 15:46:36.630,DissemDT,Potentially Price-Sensitive,Financial Results,4,"211b8a16-798b-4125-b647-c1a137e7b428, 412ee49b-20ee-4798-af19-8969b89890f2, 8c00d9b7-d0a7-40a9-8194-4a3034f8f276, e1d35e95-b2fa-460a-b706-210d2d237940",Outcome of Board Meeting; Press Release / Media Release; Financial Results; Investor Presentation,"Unaudited Standalone and Consolidated Financial Results for the Quarter and nine months ended December 31, 2025 || Press Release issued by the Company titled ""Nykaa delivers highest ever quarterly GMV; Consolidated Net Revenue grows 27% YoY, PAT increases 156% YoY in Q3 FY 2026"" || Unaudited Standalone and Consolidated Financial Results for the quarter and nine months ended December 31, 2025. || Investors Presentation for the Earnings Call.",True,2026-02-05
543384_22,543384,FSN E-Commerce Ventures Ltd,2023-11-01 20:20:11.377,DissemDT,Potentially Price-Sensitive,Corporate Actions,1,e2abee9e-a23d-4773-b330-c77518e376b5,Allotment of ESOP / ESPS,"Allotment of 5,29,500 equity shares against exercise of vested Employee Stock Options under ESOS 2017",False,2023-11-01
543384_220,543384,FSN E-Commerce Ventures Ltd,2026-02-05 21:51:54.390,DissemDT,Context-Dependent,Investor / Analyst,1,04c768a3-a328-4f39-8959-ddfbf458bb62,Analyst / Investor Meet,Audio and Video Recording of the Conference Call for Analyst/Institutional Investor,False,2026-02-05
543384_221,543384,FSN E-Commerce Ventures Ltd,2026-02-07 14:45:00.503,DissemDT,Potentially Price-Sensitive,Financial Results,1,9fe029b3-60b4-4d86-a831-1df340b0120b,Newspaper Publication,"Newspaper publication pertaining to Unaudited Standalone and Consolidated Financial Results of the Company for the Quarter and Nine months ended December 31, 2025.",True,2026-02-07
543384_222,543384,FSN E-Commerce Ventures Ltd,2026-02-09 17:29:25.810,DissemDT,Potentially Price-Sensitive,Business / Strategic,1,6de067a9-db7a-4b41-ac3e-d5dee6a2ca33,General,Update on completion of all necessary procedural documents for acquisition of remaining stake of Nudge Wellness Private Limited and consequently making it a wholly owned subsidiary of FSN ....,False,2026-02-09
543384_223,543384,FSN E-Commerce Ventures Ltd,2026-02-09 20:08:43.423,DissemDT,Context-Dependent,Investor / Analyst,1,7c606ca8-11b6-4abb-9c3c-85ebd5cb5806,Earnings Call Transcript,"Please find enclosed the Transcript of the Analyst / Investors meet held on February 05, 2026.",False,2026-02-09
543384_224,543384,FSN E-Commerce Ventures Ltd,2026-02-12 22:40:44.827,DissemDT,Potentially Price-Sensitive,Corporate Actions,1,46eff554-be9e-4d0a-96e1-15d527029dfa,Allotment of ESOP / ESPS,"Allotment of 3,70,900 Equity shares pursuant to exercise of vested stock options by the employees under the Employees Stock Option Schemes of the Company",False,2026-02-12
543384_225,543384,FSN E-Commerce Ventures Ltd,2026-02-26 20:11:18.937,DissemDT,Context-Dependent,Investor / Analyst,1,096c476d-a5cd-4a25-8687-bb28df424c18,Analyst / Investor Meet,Intimation of Investor Meetings.,False,2026-02-26
543384_226,543384,FSN E-Commerce Ventures Ltd,2026-03-17 11:02:04.870,DissemDT,Potentially Price-Sensitive,Corporate Actions,1,ea186355-ca4a-4423-9802-0c2ac37d5f0c,Allotment of ESOP / ESPS,"Allotment of 1,69,300 Equity shares pursuant to exercise of vested stock options by the employees under the Employee Stock Options Schemes of the Company",False,2026-03-17
543384_227,543384,FSN E-Commerce Ventures Ltd,2026-03-24 20:13:22.213,DissemDT,Routine / Lower Signal,Other,1,887ad7f8-cce0-4e35-84ea-b103d0da3a38,Closure of Trading Window,Intimation of Closure of Trading Window,False,2026-03-24
543384_228,543384,FSN E-Commerce Ventures Ltd,2026-04-03 17:01:43.193,DissemDT,Routine / Lower Signal,Regulatory / Compliance,1,10f658a2-5e88-4bed-ab4c-dfb3937b36f8,"Certificate under Reg. 74 (5) of SEBI (DP) Regulations, 2018","Certificate under Regulation 74(5) of SEBI(Depositories and Participants) Regulations, 2018 for the quarter ended March 31, 2026.",False,2026-04-03
543384_229,543384,FSN E-Commerce Ventures Ltd,2026-04-06 09:27:26.243,DissemDT,Routine / Lower Signal,Other,1,f90af264-3cf8-4771-9470-68b56e7fae01,General,Please find enclosed herewith a communication on Nykaa (FSN E-Commerce Ventures Limited along with its subsidiaries) which is self-explanatory,False,2026-04-06
543384_23,543384,FSN E-Commerce Ventures Ltd,2023-11-06 15:40:54.333,DissemDT,Potentially Price-Sensitive,Financial Results,4,"9babb943-60b7-4327-a8ba-1cdad63a2d65, bae5d637-a841-41d6-befd-351c80a38e8a, 328e8608-9457-4a22-a751-f6b22b837977, 77cdafd0-fef3-4f52-a52a-48ec1d4cb31e",Financial Results; Outcome of Board Meeting; General; Press Release / Media Release,"The Board of Directors of the Company, at its meeting held today i.e., November 06, 2023, has approved the Unaudited Standalone and Consolidated Financial Results for the quarter and half .... || In Continuation of our letter dated October 26, 2023, we wish to inform you that the Board of Directors of the Company, at its meeting held today i.e., November 06, 2023, has inter alia .... || Further to our intimation dated November 06, 2023, the meeting of the Board of Directors has concluded at 03:40 p.m. || Please find enclosed the press release dated November 06, 2023 titled ""Unaudited Standalone and Consolidated Financial Results for the quarter and half year ended September 30, 2023""",True,2023-11-06
543384_230,543384,FSN E-Commerce Ventures Ltd,2026-04-06 15:54:22.907,DissemDT,Routine / Lower Signal,Regulatory / Compliance,1,3b4528e0-0d68-468f-af7a-e578d2bfc461,Clarification,"The Exchange has sought clarification from FSN E-Commerce Ventures Ltd on April 6, 2026, with reference to news appeared in https://economictimes.indiatimes.com/ dated April 6, 2026 quoting ....",False,2026-04-06
543384_231,543384,FSN E-Commerce Ventures Ltd,2026-04-06 18:03:11.697,DissemDT,Routine / Lower Signal,Regulatory / Compliance,1,7b40f74a-2d44-4746-a527-31bc85224678,General,Please find enclosed the Response letter,False,2026-04-06
543384_232,543384,FSN E-Commerce Ventures Ltd,2026-04-16 19:34:33.473,DissemDT,Potentially Price-Sensitive,Corporate Actions,1,a5c5e17d-2712-48ac-8ba2-925381a47592,Allotment of ESOP / ESPS,"Allotment of 1,55,000 Equity shares pursuant to the exercise of vested stock options by the employees under the Employee Stock Options schemes of the Company",False,2026-04-16
543384_233,543384,FSN E-Commerce Ventures Ltd,2026-05-08 16:00:19.997,DissemDT,Potentially Price-Sensitive,Credit / Financing,1,f538105c-8868-4718-8e60-e686320b22af,Credit Rating,Please find enclosed the disclosure regarding reaffirmation of Credit Rating by CRISIL( Crisil A/Stable) on long term bank facilities.,False,2026-05-08
543384_234,543384,FSN E-Commerce Ventures Ltd,2026-05-08 22:13:00.460,DissemDT,Potentially Price-Sensitive,Corporate Actions,1,9944195b-7e5e-4700-8112-66143f931703,Allotment of ESOP / ESPS,"Allotment of 1,25,500 Equity shares pursuant to the exercise of vested stock options by the employees under the Employees Stock Options schemes of the Company",False,2026-05-08
543384_235,543384,FSN E-Commerce Ventures Ltd,2026-05-13 20:37:05.767,DissemDT,Potentially Price-Sensitive,Board / Management,4,"e7e077c1-39a2-4c6d-8190-e5cb690adfea, dbfac32e-565c-4f0d-a64b-b1bf0b396a80, d2fa49fe-ca44-489e-b698-908422b41d39, 5fde7341-d5b4-41c3-b4bd-68b389e0dac5",Board Meeting; Analyst / Investor Meet,"FSN E-Commerce Ventures Ltdhas informed BSE that the meeting of the Board of Directors of the Company is scheduled on 21/05/2026 ,inter alia, to consider and approve the Audited Standalone .... || Schedule of Analyst/  Institutional Investor Meet. || Intimation regarding the schedule of Investors / Analysts Day. || Intimation for Conference Call for Analysts/ Institutional Investors.",False,2026-05-13
543384_236,543384,FSN E-Commerce Ventures Ltd,2026-05-14 12:27:09.683,DissemDT,Context-Dependent,Investor / Analyst,1,48eb51bf-4019-42c3-a279-64c67f26ffb6,Analyst / Investor Meet,Intimation of Conference Call for Analysts/Institutional Investors,False,2026-05-14
543384_237,543384,FSN E-Commerce Ventures Ltd,2026-05-15 17:54:40.867,DissemDT,Potentially Price-Sensitive,Board / Management,1,f241d20a-13bf-45ca-9677-70decb325ce6,Outcome without intimation,"The Board of Directors of the Company, at its Meeting held today i.e. Friday, May 15, 2026, have inter-alia considered and approved the following: 
i. Re-appointment of Ms. Adwaita Nayar ....",False,2026-05-15
543384_238,543384,FSN E-Commerce Ventures Ltd,2026-05-21 16:11:27.230,DissemDT,Potentially Price-Sensitive,Financial Results,4,"fd917287-11cb-47cc-acf6-ed4c9a7c68a4, 32c43f23-2809-4254-97c5-6409e497ce8b, b2ed4d65-0d05-497d-807b-28f74d70c6ed, ac447832-8372-43d7-b84b-6d7e70e72897",Outcome of Board Meeting; Financial Results; Investor Presentation; Press Release / Media Release," Outcome of Board Meeting held on May 21, 2026 || Outcome of Board Meeting held on May 21, 2026 || Investor presentation for Analyst / Institutional Investors Call || Press Release issued by the Company titled ""Nykaa Crosses USD 1 Billion Revenue Milestone in FY2026; EBITDA Up 59% YoY and PAT Up 183% YoY, Scales to Record Levels""",True,2026-05-21
543384_239,543384,FSN E-Commerce Ventures Ltd,2026-05-21 22:39:30.593,DissemDT,Context-Dependent,Investor / Analyst,1,f03cb0d8-1c9a-4779-a1b2-69fc9b979453,Analyst / Investor Meet,Audio and Video Recording of the Conference Call for Analyst/Institutional Investor,False,2026-05-21
543384_24,543384,FSN E-Commerce Ventures Ltd,2023-11-06 16:38:42.357,DissemDT,Context-Dependent,Investor / Analyst,1,b0e1a326-05bd-472d-8fa7-97f8bf228ec4,Investor Presentation,"Please find enclosed the Investor Presentation for the quarter and half year ended September 30, 2023 to be used by the Company for the analyst / institutional investor(s) meeting scheduled ....",False,2023-11-06
543384_240,543384,FSN E-Commerce Ventures Ltd,2026-05-22 19:05:53.163,DissemDT,Potentially Price-Sensitive,Financial Results,1,c8d6aa5a-133b-4abe-b14a-440f286e3498,Newspaper Publication,"Newspaper Publication pertaining to Audited Standalone and Consolidated Financial Results of the Company for the quarter and financial year ended March 31, 2026.",True,2026-05-22
543384_241,543384,FSN E-Commerce Ventures Ltd,2026-05-26 16:59:38.553,DissemDT,Context-Dependent,Investor / Analyst,1,346b9d34-278c-46f3-8d33-74045e791252,Earnings Call Transcript,"Please find enclosed the Transcript of Analyst / Investor Meet held on May 21, 2026.",False,2026-05-26
543384_242,543384,FSN E-Commerce Ventures Ltd,2026-05-28 18:26:43.027,DissemDT,Potentially Price-Sensitive,Board / Management,1,a4cd480a-32c8-4343-94e7-3165f8f7a1a6,Postal Ballot,Please find enclosed Notice of Postal Ballot,False,2026-05-28
543384_243,543384,FSN E-Commerce Ventures Ltd,2026-05-29 13:29:26.213,DissemDT,Routine / Lower Signal,Regulatory / Compliance,1,329d2572-cddc-4374-870d-7f26b9493b2e,Newspaper Publication,Please find enclosed herewith the Copy of Newspaper Publication pertaining to the Notice of Postal Ballot.,False,2026-05-29
543384_244,543384,FSN E-Commerce Ventures Ltd,2026-05-29 18:01:25.257,DissemDT,Routine / Lower Signal,Regulatory / Compliance,1,44d13183-ebc3-4ba6-9161-62afa0f5af55,Reg.24(A)-Annual Secretarial Compliance,"Annual Secretarial Compliance Report for the financial year ended March 31, 2026.",False,2026-05-29
543384_245,543384,FSN E-Commerce Ventures Ltd,2026-06-05 18:52:28.273,DissemDT,Potentially Price-Sensitive,Corporate Actions,1,ae12608d-0994-495b-9f17-6c5aa51727fc,Allotment of ESOP / ESPS,"Allotment of 3,16,250 Equity shares pursuant to the exercise of vested stock options by the employees under Employee Stock Option Schemes of the Company",False,2026-06-05
543384_246,543384,FSN E-Commerce Ventures Ltd,2026-06-10 18:14:33.460,DissemDT,Context-Dependent,Investor / Analyst,1,9a730873-a275-4d34-a9d3-4730976f078c,Analyst / Investor Meet,Intimation for Conference Call for Analysts/ Institutional Investors.,False,2026-06-10
543384_247,543384,FSN E-Commerce Ventures Ltd,2026-06-17 13:01:00.677,DissemDT,Routine / Lower Signal,Regulatory / Compliance,1,3789d57d-a190-4c63-aca3-81b3ae6b4008,Clarification,"The Exchange has sought clarification from FSN E-Commerce Ventures Ltd on June 17, 2026, with reference to news appeared in https://www.moneycontrol.com/ dated June 17, 2026 quoting ""Nykaa ....",False,2026-06-17
543384_248,543384,FSN E-Commerce Ventures Ltd,2026-06-17 14:33:18.837,DissemDT,Routine / Lower Signal,Regulatory / Compliance,1,a5d4958c-4296-491c-896c-54a960c37819,General,Please find enclosed herewith response letter to the clarification sought.,False,2026-06-17
543384_249,543384,FSN E-Commerce Ventures Ltd,2026-06-18 10:03:23.530,DissemDT,Context-Dependent,Investor / Analyst,2,"b9807845-5de0-43bb-ae77-06fe708d9479, db1611a8-a22e-427f-8aa9-6ec18d778b66",Investor Presentation; Press Release / Media Release,"Please find enclosed herewith investor presentation || Press release issued by the Company titled ""Nykaa Sets the Course for its Next Growth Chapter; Targets USD 5 Billion+ GMV Beauty and Lifestyle Business by FY30""",False,2026-06-18
543384_25,543384,FSN E-Commerce Ventures Ltd,2023-11-06 18:21:29.153,DissemDT,Routine / Lower Signal,Other,1,e425ee75-9b06-4138-9050-b3d9af3713d9,General,Please find enclosed herewith a note which is self-explanatory.,False,2023-11-06
543384_250,543384,FSN E-Commerce Ventures Ltd,2026-06-23 17:29:31.180,DissemDT,Routine / Lower Signal,Other,1,18c5c03f-0715-498d-97a3-bc9ee3c752e3,Closure of Trading Window,Intimation of Closure of Trading Window,False,2026-06-23
543384_251,543384,FSN E-Commerce Ventures Ltd,2026-06-29 18:55:45.133,DissemDT,Potentially Price-Sensitive,Board / Management,1,fcd7cbaa-aa5e-4f4d-9eb6-3f1c9c6f4d2a,Postal Ballot,"Please find enclosed herewith Scrutinizer''s Report and Voting Results regarding the Notice of Postal Ballot dated May 15, 2026.",False,2026-06-29
543384_252,543384,FSN E-Commerce Ventures Ltd,2026-07-05 17:36:02.160,DissemDT,Routine / Lower Signal,Other,1,9d944694-7037-4d46-b946-43f6b18fbb14,General,Please find enclosed herewith a communication on Nykaa (FSN E-Commerce Ventures Limited along with its subsidiaries) which is self-explanatory,False,2026-07-05
543384_253,543384,FSN E-Commerce Ventures Ltd,2026-07-08 15:13:21.323,DissemDT,Routine / Lower Signal,Regulatory / Compliance,1,34dcbcae-fb45-46b1-ad80-420c6394a34e,"Certificate under Reg. 74 (5) of SEBI (DP) Regulations, 2018","Please find enclosed herewith Certificate under Regulation 74(5) of SEBI (Depositories and Participants) Regulations, 2018 for quarter ended June 30, 2026.",False,2026-07-08
543384_254,543384,FSN E-Commerce Ventures Ltd,2026-07-10 12:32:08.830,DissemDT,Potentially Price-Sensitive,Corporate Actions,1,ac8acebd-377b-4555-8a41-2279b87ff353,Allotment of ESOP / ESPS,"Allotment of 63,637 Equity shares pursuant to exercise of vested stock options by the employees under the Employee Stock option schemes of the Company",False,2026-07-10
543384_255,543384,FSN E-Commerce Ventures Ltd,2026-07-23 20:05:05.470,DissemDT,Potentially Price-Sensitive,Board / Management,2,"f1355e46-9d93-46a0-b376-3e0b0d824391, 769c1337-f005-4d89-857e-c3f8bdfd17a2",Outcome without intimation; Change in Management,"Outcome of Board Meeting held on July 23, 2026 || Outcome of Board Meeting held on July 23, 2026 - Change in Statutory Auditors of the Company",False,2026-07-23
543384_256,543384,FSN E-Commerce Ventures Ltd,2026-07-27 19:48:10.680,DissemDT,Potentially Price-Sensitive,Financial Results,2,"fdc4d42f-3775-4121-a427-83c0cfe08735, dc21ee9c-f4f7-4c85-928f-8053bd8fd0e5",Board Meeting; Analyst / Investor Meet,"FSN E-Commerce Ventures Ltdhas informed BSE that the meeting of the Board of Directors of the Company is scheduled on 04/08/2026 ,inter alia, to consider and approve the Unaudited Standalone .... || Schedule of Conference Call for Analysts/Institutional Investors",True,2026-07-27
543384_257,543384,FSN E-Commerce Ventures Ltd,2026-07-30 18:34:59.657,DissemDT,Routine / Lower Signal,Regulatory / Compliance,1,23a42a9c-fca4-4add-9e1f-25c9dece9027,Newspaper Publication,Please find enclosed herewith the Newspaper Publication.,False,2026-07-30
543384_258,543384,FSN E-Commerce Ventures Ltd,2026-08-01 19:32:30.467,DissemDT,Potentially Price-Sensitive,Board / Management,4,"96200368-07a1-48f4-859d-1f88325c77a9, b5f22a2f-9f3c-4874-8d9c-c6fb2f9f7743, 079bb979-4cd5-440a-9fa4-61d968879cd6, e12e784f-78f8-486f-9841-7f46e932c090",AGM; Reg. 34 (1) Annual Report; Business Responsibility and Sustainability Reporting (BRSR),"Notice of the 14th Annual General Meeting of FSN E-Commerce Ventures Limited scheduled to be held on August 25, 2026. || Please find enclosed herewith Integrated Annual Report FY 2025-26 of FSN E-Commerce Ventures Limited. || Business Responsibility and Sustainability Report for FY2025-26. || Communication sent to the Members with respect to the Integrated Annual Report, including Notice of the Annual General Meeting for FY2025-26.",False,2026-08-01
543384_259,543384,FSN E-Commerce Ventures Ltd,2026-08-02 19:05:14.460,DissemDT,Routine / Lower Signal,Regulatory / Compliance,1,33f5e948-eddc-432e-9b94-2c1dfd18fdd3,Newspaper Publication,"Please find enclosed herewith copies of newspaper publication regarding Notice of the 14th Annual General Meeting of the Company, E-Voting and other related information.",False,2026-08-02
543384_26,543384,FSN E-Commerce Ventures Ltd,2023-11-06 21:23:04.650,DissemDT,Potentially Price-Sensitive,Financial Results,1,6614cab1-58e6-4cdb-b346-9e89dbfdcb2c,Analyst / Investor Meet,Please find enclosed the link of audio / video recording of the Analyst/Investor Conference Call with respect to Unaudited Standalone and Consolidated financial results for the quarter ....,True,2023-11-06
543384_260,543384,FSN E-Commerce Ventures Ltd,2026-08-04 16:12:32.080,DissemDT,Potentially Price-Sensitive,Financial Results,5,"1a5a1dbc-d0c4-4e65-ae46-3e7d09e0959c, 3f44b42e-4680-4e23-850a-6f3ee82001c1, 6c95000a-1b65-48f5-aedc-bf23c46cca57, 6cc3a2c3-75cd-4dad-99b4-6593197eabeb, c167a1fc-5143-4a3b-9251-4bc14970b8e7",Outcome of Board Meeting; Investor Presentation; Acquisition; Financial Results; Press Release / Media Release,"Outcome of Board Meeting held on August 04, 2026. || Investor Presentation for Analyst / Institutional Investors call. || Acquisition of 51% shareholding on a fully diluted basis in Aminu Wellness Private Limited. || Unaudited Standalone and Consolidated Financial Results for the quarter ended June 30, 2026. || Press Release issued by the Company titled ""Nykaa begins FY2027 on a strong note with Q1 FY2027 Net Revenue growth accelerating to 29% YoY and robust PAT Growth of 226% YoY"" & ""Nykaa acquires ....",True,2026-08-04
543384_261,543384,FSN E-Commerce Ventures Ltd,2026-08-04 22:21:04.967,DissemDT,Context-Dependent,Investor / Analyst,1,359c85a3-31bb-45c8-9805-50aa5eeecaac,Analyst / Investor Meet,Audio and Video Recording of the Conference Call for Analyst/Institutional Investor,False,2026-08-04
543384_262,543384,FSN E-Commerce Ventures Ltd,2026-08-05 18:09:02.403,DissemDT,Routine / Lower Signal,Regulatory / Compliance,1,976c006e-a58a-4465-a90d-9b31bdacda3e,Newspaper Publication,Please find enclosed herewith the Newpaper Publication.,False,2026-08-05
543384_263,543384,FSN E-Commerce Ventures Ltd,2026-08-06 18:52:59.187,DissemDT,Context-Dependent,Investor / Analyst,1,fc0ee682-710e-4f87-87c9-82e096028d5e,Analyst / Investor Meet,Please find enclosed herewith schedule of Analyst/ Institutional Investor Meet.,False,2026-08-06
543384_264,543384,FSN E-Commerce Ventures Ltd,2026-08-07 18:31:36.567,DissemDT,Context-Dependent,Investor / Analyst,1,03987151-0867-4f76-8f46-d961c16722bd,Earnings Call Transcript,"Please find enclosed herewith the Transcript of Analyst / Investor Meet held on August 04, 2026.",False,2026-08-07
543384_265,543384,FSN E-Commerce Ventures Ltd,2026-08-09 11:20:35.823,DissemDT,Potentially Price-Sensitive,Corporate Actions,1,1be01677-8e68-4975-bad2-a8609ad13a51,Allotment of ESOP / ESPS,"Allotment of 2,26,200 Equity shares pursuant to exercise of vested stock option by the employees under the Employee Stock Option Schemes of the Company",False,2026-08-09
543384_266,543384,FSN E-Commerce Ventures Ltd,2026-08-12 19:45:26.120,DissemDT,Potentially Price-Sensitive,Business / Strategic,1,bb8d5e61-5c6a-402a-95a0-3a9075c846e4,General,"Redemption of Unlisted, Unsecured, Unrated, Redeemable, Non-Convertible Debentures (""NCDs"") by Nykaa E-Retail Limited, a wholly owned subsidiary of the Company",False,2026-08-12
543384_27,543384,FSN E-Commerce Ventures Ltd,2023-11-07 17:12:32.513,DissemDT,Potentially Price-Sensitive,Financial Results,1,debcd039-7637-49e6-8442-cb9771d72104,Newspaper Publication,Please find enclosed the copy of Newspaper publications/advertisements pertaining to the disclosure of Unaudited Consolidated Financial Results of the Company for the quarter and half year ....,True,2023-11-07
543384_28,543384,FSN E-Commerce Ventures Ltd,2023-11-08 17:19:23.523,DissemDT,Routine / Lower Signal,Regulatory / Compliance,2,"ccdd7351-25c2-4766-a298-8ec05d3e9d01, 55d37389-cfc8-4e37-95c2-27925e173f9a","Monitoring Agency Report; Reg. 32 (1), (3) - Statement of Deviation & Variation","Please find enclosed the Monitoring Agency Report for the quarter ended September 30, 2023 || Please find enclosed the Statement of NIL Deviation/Variation in the utilisation of funds raised through IPO for the quarter ended September 30, 2023",False,2023-11-08
543384_29,543384,FSN E-Commerce Ventures Ltd,2023-11-08 19:25:51.960,DissemDT,Context-Dependent,Investor / Analyst,1,e6de7011-545d-4b88-ade4-4488d8b3c465,Analyst / Investor Meet,Please find enclosed the schedule of Investor Meet which will be attended by the official(s) of the Company.,False,2023-11-08
543384_3,543384,FSN E-Commerce Ventures Ltd,2023-08-24 15:06:57.593,DissemDT,Routine / Lower Signal,Regulatory / Compliance,1,9268dc9d-afeb-46b3-8282-c11641c26753,Business Responsibility and Sustainability Reporting (BRSR),Please find enclosed the Business Responsibility and Sustainability Report for the financial year 2022-23 which forms an integral part of the Annual Report for the financial year 2022-23.,False,2023-08-24
543384_30,543384,FSN E-Commerce Ventures Ltd,2023-11-10 13:11:02.250,DissemDT,Potentially Price-Sensitive,Financial Results,1,4557c05b-ac36-41c2-b2b5-e6dbc54fc655,Earnings Call Transcript,"Please find enclosed the transcript of the Conference call for analyst / institutional investors for discussing the Company''s Financial Results for the quarter and half year ended September 30, 2023",True,2023-11-10
543384_31,543384,FSN E-Commerce Ventures Ltd,2023-11-16 11:44:02.600,DissemDT,Context-Dependent,Investor / Analyst,1,651f2f66-8cbe-4ab4-aa7d-5c9113191519,Analyst / Investor Meet,Please find enclosed the schedule of Investor Meet which will be attended by the official(s) of the Company.,False,2023-11-16
543384_32,543384,FSN E-Commerce Ventures Ltd,2023-11-24 18:06:22.930,DissemDT,Context-Dependent,Investor / Analyst,1,8b91de01-dad6-4ed1-8e1c-f6fc0e86d3a6,Analyst / Investor Meet,Please find enclosed the schedule of Investor Meet which will be attended by the official(s) of the Company.,False,2023-11-24
543384_33,543384,FSN E-Commerce Ventures Ltd,2023-11-29 17:21:51.330,DissemDT,Context-Dependent,Investor / Analyst,1,4a5f612e-dc59-4b9d-9a70-e295662762f9,Press Release / Media Release,"Please find enclosed the press release dated November 29, 2023 titled ""Foot Locker announces strategic partnership with Metro Brands Limited and Nykaa Fashion""",False,2023-11-29
543384_34,543384,FSN E-Commerce Ventures Ltd,2023-12-02 09:26:46.317,DissemDT,Potentially Price-Sensitive,Corporate Actions,2,"b5d2c0a9-67af-4067-bfba-8e6551aa373f, 6122040a-91ea-4ab9-9ec3-1cdf8e2ead42",Allotment of ESOP / ESPS,"Allotment of 2,15,000 Equity Shares against exercise of vested Employee Stock Options under ESOS 2012 and ESOS 2017 || Allotment of 2,15,000 Equity Shares against exercise of vested Employee Stock Options under ESOS 2012 and ESOS 2017",False,2023-12-02
543384_35,543384,FSN E-Commerce Ventures Ltd,2023-12-18 15:00:20.820,DissemDT,Potentially Price-Sensitive,Corporate Actions,1,639cb3bc-1585-40e0-9a09-69f5e519c023,Allotment of ESOP / ESPS,"Allotment of 3,29,106 equity shares against exercise of vested employee stock options under ESOS 2017",False,2023-12-18
543384_36,543384,FSN E-Commerce Ventures Ltd,2023-12-21 14:36:08.563,DissemDT,Routine / Lower Signal,Other,1,9be48772-7b0b-4a5b-b6b1-29b488d3dafd,Closure of Trading Window,Intimation of Closure of Trading Window,False,2023-12-21
543384_37,543384,FSN E-Commerce Ventures Ltd,2024-01-07 21:47:40.543,DissemDT,Routine / Lower Signal,Other,1,10215de6-eb60-4fa4-ae81-a115f0cddfe8,General,Please find enclosed herewith a communication on Nykaa Performance Update in Q3 FY2024,False,2024-01-07
543384_38,543384,FSN E-Commerce Ventures Ltd,2024-01-09 10:51:36.170,DissemDT,Routine / Lower Signal,Regulatory / Compliance,1,955db990-1bd8-4e31-adb1-661bbf1ee260,"Certificate under Reg. 74 (5) of SEBI (DP) Regulations, 2018",Certificate attached,False,2024-01-09
543384_39,543384,FSN E-Commerce Ventures Ltd,2024-01-25 11:29:33.117,DissemDT,Potentially Price-Sensitive,Financial Results,1,f57568d7-0e6c-4b0e-a4d3-94c00e6d2316,Board Meeting,"FSN E-Commerce Ventures Ltdhas informed BSE that the meeting of the Board of Directors of the Company is scheduled on 06/02/2024 ,inter alia, to consider and approve To consider and approve ....",True,2024-01-25
543384_4,543384,FSN E-Commerce Ventures Ltd,2023-08-25 12:55:20.850,DissemDT,Routine / Lower Signal,Regulatory / Compliance,1,5e4aba85-29de-410f-9fef-b78ddd7d6ee2,Newspaper Publication,"Compliance under Regulation 47 of the Securities and Exchange Board of India (Listing Obligations and Disclosure Requirements) Regulations, 2015 regarding the Newspaper Advertisement published ....",False,2023-08-25
543384_40,543384,FSN E-Commerce Ventures Ltd,2024-01-29 18:22:47.450,DissemDT,Potentially Price-Sensitive,Financial Results,1,1fb6dc13-8133-459f-9a9c-cda3a4242e1f,General,"This is to inform you that a conference call is scheduled on Tuesday February 6, 2024 for discussing Company''s financial results for the quarter and nine months ended December 31, 2023.

Details ....",True,2024-01-29
543384_41,543384,FSN E-Commerce Ventures Ltd,2024-02-01 15:30:19.697,DissemDT,Potentially Price-Sensitive,Business / Strategic,1,9ae2cde6-0c89-4ea9-a39e-7bbd3c5adf5a,General,"The Fundraise and Investment Committee of the Board of the Company on Feb 1, 2024, has approved the proposal of investment by Nessa International Holdings Limited, a subsidiary of the Company ....",False,2024-02-01
543384_42,543384,FSN E-Commerce Ventures Ltd,2024-02-05 11:56:32.473,DissemDT,Potentially Price-Sensitive,Corporate Actions,1,099cccdc-439c-44ab-b4bd-e3d51ff0e0ed,Allotment of Equity Shares,Intimation of Allotment of shares under employee stock option scheme of the Company,False,2024-02-05
543384_43,543384,FSN E-Commerce Ventures Ltd,2024-02-06 15:19:20.583,DissemDT,Potentially Price-Sensitive,Financial Results,5,"ab085324-db58-45e2-8732-111cfdc9fa67, ed02b8e8-2c61-4344-85e7-7668817d7f36, fd7289b3-e957-47c3-a891-0ee12902f0e8, 63715783-ab9a-4554-8fe8-f07454990f47, ba52e3d9-19a4-454f-a742-93c15f32907d",General; Financial Results; Press Release / Media Release; Investor Presentation,"As per the letter attached. || Please find attached the results for the quarter ended December 31, 2023 || As per the letter attached || Press Release on Q3FY2024 Financial Results || Investor Presentation for Q3FY2024",True,2024-02-06
543384_44,543384,FSN E-Commerce Ventures Ltd,2024-02-06 22:34:21.813,DissemDT,Context-Dependent,Investor / Analyst,1,aa85ecc1-f3ca-46d2-ba19-6cab9f1054c6,General,Please find attached the letter having the Audio and Video Recording links,False,2024-02-06
543384_45,543384,FSN E-Commerce Ventures Ltd,2024-02-07 10:40:37.047,DissemDT,Routine / Lower Signal,Regulatory / Compliance,1,d504299a-bac6-4627-9d6c-e2ce9d09b25e,Newspaper Publication,Please find attached newspaper publication,False,2024-02-07
543384_46,543384,FSN E-Commerce Ventures Ltd,2024-02-07 15:18:28.577,DissemDT,Context-Dependent,Investor / Analyst,1,9b6157dc-b754-4475-b590-1599b1d4c043,Analyst / Investor Meet,As per letter attached,False,2024-02-07
543384_47,543384,FSN E-Commerce Ventures Ltd,2024-02-08 17:41:44.037,DissemDT,Context-Dependent,Investor / Analyst,1,8fc22142-deb7-4ad6-bca8-2728b12bbdb2,Analyst / Investor Meet,Please find the attached letter,False,2024-02-08
543384_48,543384,FSN E-Commerce Ventures Ltd,2024-02-09 14:07:26.747,DissemDT,Routine / Lower Signal,Regulatory / Compliance,1,84df4263-df32-4937-9817-9b64fd63bc4a,Monitoring Agency Report,"Please find enclosed Monitoring Agency Report for the quarter ended December 31, 2023",False,2024-02-09
543384_49,543384,FSN E-Commerce Ventures Ltd,2024-02-09 17:05:02.253,DissemDT,Routine / Lower Signal,Other,1,33207926-7614-4e1a-8e05-23f60462171e,General,Please find the attached letter,False,2024-02-09
543384_5,543384,FSN E-Commerce Ventures Ltd,2023-08-29 14:43:40.090,DissemDT,Context-Dependent,Investor / Analyst,1,1608eb3e-0827-43f4-9782-7ad7f34fef83,Analyst / Investor Meet,Please find enclosed the schedule of Investor Meeting which will be attended by the official(s) of the Company,False,2023-08-29
543384_50,543384,FSN E-Commerce Ventures Ltd,2024-02-13 14:52:58.060,DissemDT,Context-Dependent,Investor / Analyst,1,8cad79ee-082c-4c9a-813b-f829cf81273a,Earnings Call Transcript,"Please find attached the transcript of Analyst/ Investor Conference call held on Tuesday, February 06, 2024.",False,2024-02-13
543384_51,543384,FSN E-Commerce Ventures Ltd,2024-02-15 21:21:10.753,DissemDT,Context-Dependent,Investor / Analyst,1,4c96cbe8-fa32-4e49-a182-a2d61e4b5d36,Analyst / Investor Meet,Please find the attached letter,False,2024-02-15
543384_52,543384,FSN E-Commerce Ventures Ltd,2024-03-01 20:25:20.977,DissemDT,Context-Dependent,Investor / Analyst,1,d8276642-f3c9-4493-9575-c8ab8a7282f0,Press Release / Media Release,Please find attached the press release titled Nykaa Expands its Global Footprint with the launch of Nysaa - First Ever Beauty Retail Store in Dubai in collaboration with Apparel Group.,False,2024-03-01
543384_53,543384,FSN E-Commerce Ventures Ltd,2024-03-04 11:04:17.060,DissemDT,Context-Dependent,Investor / Analyst,1,28b9cb86-6cff-4fbe-9d7c-ef01b9e5baa7,Analyst / Investor Meet,Please find attached the intimation,False,2024-03-04
543384_54,543384,FSN E-Commerce Ventures Ltd,2024-03-12 13:06:24.143,DissemDT,Potentially Price-Sensitive,Corporate Actions,1,3ad47515-10db-4c29-a249-f1eafcdb3eca,Allotment of Equity Shares,Allotment of shares pursuant to exercise of ESOPs.,False,2024-03-12
543384_55,543384,FSN E-Commerce Ventures Ltd,2024-03-15 11:58:18.753,DissemDT,Context-Dependent,Investor / Analyst,1,bd19bd85-6d34-4f9c-9eab-3f03fddce63a,Analyst / Investor Meet,Please find the attached letter.,False,2024-03-15
543384_56,543384,FSN E-Commerce Ventures Ltd,2024-03-21 10:59:06.470,DissemDT,Routine / Lower Signal,Other,1,d17953d9-dda9-40c8-9e25-7c61e3317c22,Closure of Trading Window,Intimation of closure of trading window,False,2024-03-21
543384_57,543384,FSN E-Commerce Ventures Ltd,2024-04-07 21:47:05.157,DissemDT,Routine / Lower Signal,Other,1,14599e48-4976-4e6b-8efe-dbb0ec3b8f29,General,Please find attached herewith a communication on Nykaa (FSN E-Commerce Ventures Limited along with its subsidiaries) which is self-explanatory.,False,2024-04-07
543384_58,543384,FSN E-Commerce Ventures Ltd,2024-04-08 15:14:49.207,DissemDT,Routine / Lower Signal,Regulatory / Compliance,1,204713a9-9948-4e22-ae93-4e22fe838057,"Certificate under Reg. 74 (5) of SEBI (DP) Regulations, 2018",As per the letter attached,False,2024-04-08
543384_59,543384,FSN E-Commerce Ventures Ltd,2024-04-08 17:06:42.010,DissemDT,Routine / Lower Signal,Regulatory / Compliance,1,4d070354-e2a8-4984-a28e-f228217ac101,Reg. 7(3) – Compliance Certificate (RTA & Compliance Officer),As per letter attached.,False,2024-04-08
543384_6,543384,FSN E-Commerce Ventures Ltd,2023-08-31 17:57:34.600,DissemDT,Potentially Price-Sensitive,Business / Strategic,1,3ea2a2f1-8eb2-4a27-93f4-c5c9a3ee66cb,Acquisition,"We refer to our earlier disclosure dated June 28, 2023 regarding proposed acquisition of shares of FSN International Private Limited, a wholly owned subsidiary of the Company on rights ....",False,2023-08-31
543384_60,543384,FSN E-Commerce Ventures Ltd,2024-04-11 12:16:30.143,DissemDT,Potentially Price-Sensitive,Corporate Actions,1,66ce9f8a-47d3-4838-a7db-49470f7fb787,Allotment of Equity Shares,"Allotment of 2,17,800 equity shares towards exercise of vested stock options under the Employee Stock Option Scheme of the Company.",False,2024-04-11
543384_61,543384,FSN E-Commerce Ventures Ltd,2024-04-15 16:01:02.127,DissemDT,Routine / Lower Signal,Regulatory / Compliance,1,8e81a469-200e-4625-a618-38ba6ffab4e6,Reg. 40 (10) - PCS Certificate for Transfer / Transmission / Transposition,As per the Letter attached.,False,2024-04-15
543384_62,543384,FSN E-Commerce Ventures Ltd,2024-05-10 09:50:30.940,DissemDT,Potentially Price-Sensitive,Financial Results,1,3c5b27ee-6300-4e81-979d-04fda6a67832,Board Meeting,"FSN E-Commerce Ventures Ltdhas informed BSE that the meeting of the Board of Directors of the Company is scheduled on 22/05/2024 ,inter alia, to consider and approve the Audited Standalone ....",True,2024-05-10
543384_63,543384,FSN E-Commerce Ventures Ltd,2024-05-10 16:58:47.453,DissemDT,Potentially Price-Sensitive,Corporate Actions,1,4eb00916-50c1-4232-ba25-21b0004a21a5,Allotment of Equity Shares,Allotment of shares pursuant to exercise of ESOPs.,False,2024-05-10
543384_64,543384,FSN E-Commerce Ventures Ltd,2024-05-11 09:51:46.363,DissemDT,Context-Dependent,Investor / Analyst,1,e575b0ef-5e93-41ee-a7e5-af3d2c3c4866,General,Please find attached the letter.,False,2024-05-11
543384_65,543384,FSN E-Commerce Ventures Ltd,2024-05-14 18:25:22.723,DissemDT,Routine / Lower Signal,Regulatory / Compliance,2,"11f3e029-d748-411d-b11b-3a5af74ea75f, 9a24f8a5-b36a-4371-bd2c-22d6dda0c2a9",Monitoring Agency Report; General,Monitoring Agency Report attached. || Statement attached.,False,2024-05-14
543384_66,543384,FSN E-Commerce Ventures Ltd,2024-05-20 21:20:59.693,DissemDT,Routine / Lower Signal,Other,1,9f78a7a7-eb77-46ec-9db9-2c305ab739c7,General,As per the letter attached.,False,2024-05-20
543384_67,543384,FSN E-Commerce Ventures Ltd,2024-05-22 16:10:04.840,DissemDT,Potentially Price-Sensitive,Financial Results,5,"61151568-c500-43b3-b663-caa7faf2113d, 2b511ff4-e61d-4781-bf4f-5299236a000d, 37225493-6ace-4d93-85de-cc4e25d1fd03, b47973bf-8eff-456f-9da9-0c1c6becc897, 6a98ae37-332a-43aa-9bbe-bc8e746f2dd7",General; Financial Results; Acquisition; Investor Presentation,As per the letter attached || As per the documents attached || As per the letter attached || As per the letter attached || Investor Presentation Attached,True,2024-05-22
543384_68,543384,FSN E-Commerce Ventures Ltd,2024-05-22 17:25:28.150,DissemDT,Context-Dependent,Investor / Analyst,1,a77e00ef-7300-4ec8-b79a-2a3d904bbac1,Press Release / Media Release,As per the documents attached,False,2024-05-22
543384_69,543384,FSN E-Commerce Ventures Ltd,2024-05-22 20:18:09.850,DissemDT,Context-Dependent,Investor / Analyst,1,0bfdaa73-dfd8-473e-bde9-07bcf92341ca,General,Link of recording,False,2024-05-22
543384_7,543384,FSN E-Commerce Ventures Ltd,2023-09-01 12:14:56.767,DissemDT,Context-Dependent,Investor / Analyst,1,e86f532d-d208-410a-9733-4f9c88c6c1d3,Analyst / Investor Meet,Please find enclosed the schedule of Investor Meeting which will be attended by the official(s) of the Company,False,2023-09-01
543384_70,543384,FSN E-Commerce Ventures Ltd,2024-05-24 18:07:01.240,DissemDT,Routine / Lower Signal,Regulatory / Compliance,1,2d65e11f-1bbf-4485-9d7f-30990a80e7d9,Newspaper Publication,As per the letter attached,False,2024-05-24
543384_71,543384,FSN E-Commerce Ventures Ltd,2024-05-27 09:56:09.007,DissemDT,Routine / Lower Signal,Regulatory / Compliance,1,ad813718-9ea9-4f61-882b-dba5614117d8,Reg.24(A)-Annual Secretarial Compliance,Report attached,False,2024-05-27
543384_72,543384,FSN E-Commerce Ventures Ltd,2024-05-27 15:01:49.550,DissemDT,Context-Dependent,Investor / Analyst,1,572474f9-6a66-46d8-af84-b8dc73a6603f,Press Release / Media Release,Press Release attached,False,2024-05-27
543384_73,543384,FSN E-Commerce Ventures Ltd,2024-05-27 21:45:17.433,DissemDT,Context-Dependent,Investor / Analyst,1,50515bab-febc-47a4-9777-49b6aea983b8,Earnings Call Transcript,As per the letter attached,False,2024-05-27
543384_74,543384,FSN E-Commerce Ventures Ltd,2024-05-30 19:25:01.453,DissemDT,Context-Dependent,Investor / Analyst,1,5bafccb0-dbc4-49b8-918f-8f392a978b14,General,Please find attached the intimation for Annual Investor Day,False,2024-05-30
543384_75,543384,FSN E-Commerce Ventures Ltd,2024-05-31 12:39:54.190,DissemDT,Context-Dependent,Investor / Analyst,1,a7371f7b-3841-422e-b9ae-23ad1b391b35,Analyst / Investor Meet,Attached,False,2024-05-31
543384_76,543384,FSN E-Commerce Ventures Ltd,2024-06-03 17:29:05.097,DissemDT,Context-Dependent,Investor / Analyst,1,e981f28f-8ba4-44db-b351-7612d30b57f8,Analyst / Investor Meet,Please find the attachment,False,2024-06-03
543384_77,543384,FSN E-Commerce Ventures Ltd,2024-06-06 22:05:23.080,DissemDT,Potentially Price-Sensitive,Business / Strategic,1,9edf90de-51ad-499c-a005-8ee0491a0259,General,As per the letter attached,False,2024-06-06
543384_78,543384,FSN E-Commerce Ventures Ltd,2024-06-12 09:01:52.720,DissemDT,Potentially Price-Sensitive,Board / Management,1,b2b1924c-0413-46ad-88d9-63f4bdbfff52,Postal Ballot,Notice of Postal Ballot attached,False,2024-06-12
543384_79,543384,FSN E-Commerce Ventures Ltd,2024-06-12 11:55:13.287,DissemDT,Potentially Price-Sensitive,Board / Management,1,0c0407c2-f662-4ab0-bc65-0d8fb65c8719,General,Response to the clarification sought by stock exchanges is attached,False,2024-06-12
543384_8,543384,FSN E-Commerce Ventures Ltd,2023-09-02 15:52:27.390,DissemDT,Potentially Price-Sensitive,Corporate Actions,1,5798216c-9665-4974-98d7-656578ffac8c,Allotment of ESOP / ESPS,"Allotment of 3,56,068 Equity Shares against exercise of vested Employee Stock Options under ESOS 2012 and ESOS 2017",False,2023-09-02
543384_80,543384,FSN E-Commerce Ventures Ltd,2024-06-14 08:35:39.083,DissemDT,Routine / Lower Signal,Regulatory / Compliance,1,a341130a-5ea4-4ba8-9cd2-38db8be60baf,Newspaper Publication,Newspaper Publication,False,2024-06-14
543384_81,543384,FSN E-Commerce Ventures Ltd,2024-06-14 09:23:09.013,DissemDT,Context-Dependent,Investor / Analyst,1,918fe2a5-26f9-4071-8e5d-4c43dd4ce20a,Investor Presentation,Investor Presentation,False,2024-06-14
543384_82,543384,FSN E-Commerce Ventures Ltd,2024-06-14 11:24:07.097,DissemDT,Potentially Price-Sensitive,Corporate Actions,1,c9a352b1-65b8-44ea-aed5-929a03903da9,Allotment of ESOP / ESPS,Allotment of Shares pursuant to ESOP''s,False,2024-06-14
543384_83,543384,FSN E-Commerce Ventures Ltd,2024-06-17 16:48:07.337,DissemDT,Routine / Lower Signal,Other,1,46fc507e-e6ab-4850-95ec-20883659e0f7,Closure of Trading Window,please find attached the intimation for closure of trading window,False,2024-06-17
543384_84,543384,FSN E-Commerce Ventures Ltd,2024-06-20 14:29:39.230,DissemDT,Context-Dependent,Investor / Analyst,1,3a4c6dab-c818-4388-8d72-5bc68ea35b75,Analyst / Investor Meet,Please find attached the letter,False,2024-06-20
543384_85,543384,FSN E-Commerce Ventures Ltd,2024-07-04 16:57:19.007,DissemDT,Potentially Price-Sensitive,Business / Strategic,1,d1923f8f-d897-4302-9935-5f9c841cae53,General,"Pursuant to Regulation 30 of SEBI LODR Regulations, 2015, read with Part A of Schedule 3 of the Listing Regulations, we hereby inform you that Nessa International Holdings Limited, a step-down ....",False,2024-07-04
543384_86,543384,FSN E-Commerce Ventures Ltd,2024-07-07 16:16:01.010,DissemDT,Routine / Lower Signal,Other,1,533611db-c3f2-4d96-8604-e51a1f9a9478,General,Please find enclosed herewith a Communication on Nykaa (FSN E Commerce Ventures Limited along with its subsidiaries) which is self explanatory,False,2024-07-07
543384_87,543384,FSN E-Commerce Ventures Ltd,2024-07-09 10:59:14.920,DissemDT,Routine / Lower Signal,Regulatory / Compliance,1,c5c97c5b-f371-43e3-b070-5b6dbe86f3ae,"Certificate under Reg. 74 (5) of SEBI (DP) Regulations, 2018",As per letter attached,False,2024-07-09
543384_88,543384,FSN E-Commerce Ventures Ltd,2024-07-13 13:34:36.773,DissemDT,Potentially Price-Sensitive,Board / Management,3,"c1ef2c68-4f23-466a-bd8d-2caafb5ee1f9, dc2c1dc5-ccd9-42d8-bac8-ff7b0ea02c59, b319ab67-1494-4b3a-9c5a-a06c4d4e035b",Postal Ballot,Scrutinizer Report Attached || Outcome of Postal Ballot || Minutes of Postal Ballot Proceedings,False,2024-07-13
543384_89,543384,FSN E-Commerce Ventures Ltd,2024-07-14 18:21:50.580,DissemDT,Potentially Price-Sensitive,Board / Management,1,2e800658-2fd0-4ddd-917e-aef63c7cc4de,General,As per the intimation attached,False,2024-07-14
543384_9,543384,FSN E-Commerce Ventures Ltd,2023-09-05 12:01:24.440,DissemDT,Context-Dependent,Investor / Analyst,1,1e43f13d-4941-43eb-9ecd-cebb97e5f318,Investor Presentation,"Please find enclosed the corporate presentation to be used by the Company on Jefferies 4th Annual Asia Forum scheduled to be held on September 06, 2023 and September 07, 2023",False,2023-09-05
543384_90,543384,FSN E-Commerce Ventures Ltd,2024-07-15 18:08:16.933,DissemDT,Potentially Price-Sensitive,Corporate Actions,1,651ea871-1397-4d4f-b0e8-6c765e7b6661,Allotment of ESOP / ESPS,Allotment of Shares pursuant to ESOP''s,False,2024-07-15
543384_91,543384,FSN E-Commerce Ventures Ltd,2024-07-22 18:35:31.377,DissemDT,Potentially Price-Sensitive,Business / Strategic,1,fb3b6e63-dc3b-4ea4-86b7-be8cbb8c4e6e,General,"Issuance of Unlisted, Unsecured, Unrated, Redeemable Non-Convertible Debentures (NCDs) by Nykaa E-Retail Limited, a wholly owned subsidiary of the Company, on private placement basis",False,2024-07-22
543384_92,543384,FSN E-Commerce Ventures Ltd,2024-08-06 09:16:51.723,DissemDT,Potentially Price-Sensitive,Financial Results,1,552fcb96-457d-4b3c-b588-28ede8c90751,Board Meeting,"FSN E-Commerce Ventures Ltdhas informed BSE that the meeting of the Board of Directors of the Company is scheduled on 13/08/2024 ,inter alia, to consider and approve the Unaudited Standalone ....",True,2024-08-06
543384_93,543384,FSN E-Commerce Ventures Ltd,2024-08-07 11:15:37.190,DissemDT,Context-Dependent,Investor / Analyst,1,c864e2b5-e559-41cc-ac9f-031e1fbe63f4,General,As per the letter attached.,False,2024-08-07
543384_94,543384,FSN E-Commerce Ventures Ltd,2024-08-07 18:36:08.297,DissemDT,Potentially Price-Sensitive,Corporate Actions,1,9cac2e2e-1377-4435-b73a-6a44b7804822,Allotment of Equity Shares,Allotment of 166550 equity shares pursuant to exercise of stock options,False,2024-08-07
543384_95,543384,FSN E-Commerce Ventures Ltd,2024-08-13 15:50:40.970,DissemDT,Potentially Price-Sensitive,Financial Results,5,"39dacc47-9fc2-4c81-9fc9-c8bf7c0796ae, 4185807d-8764-4380-ae08-9dc61d76b7ad, bd883505-60b2-4663-a65a-bd0bbb21231f, 3acac845-bc0d-46a1-b8a5-444bc38d12d5, 54e589e5-6f5a-40ab-adf2-38a924a84582",Financial Results; Acquisition; General; Investor Presentation; Press Release / Media Release,Attached || As per the letter attached || As per the letter attached. || Investor presentation attached || Press Release attached,True,2024-08-13
543384_96,543384,FSN E-Commerce Ventures Ltd,2024-08-13 18:34:31.660,DissemDT,Context-Dependent,Investor / Analyst,1,9811efcc-20a0-4534-9f04-2ebc671c27dc,Press Release / Media Release,Press Release attached,False,2024-08-13
543384_97,543384,FSN E-Commerce Ventures Ltd,2024-08-13 21:52:19.410,DissemDT,Context-Dependent,Investor / Analyst,1,cde75f1a-21b4-45be-b3ec-9560a519c9a2,General,Link of recording,False,2024-08-13
543384_98,543384,FSN E-Commerce Ventures Ltd,2024-08-14 12:13:26.813,DissemDT,Routine / Lower Signal,Regulatory / Compliance,1,8bc1009e-c7c7-4cc4-b910-05bc88c2feec,Newspaper Publication,Please find attached copy of newspaper publication,False,2024-08-14
543384_99,543384,FSN E-Commerce Ventures Ltd,2024-08-21 13:12:00.560,DissemDT,Context-Dependent,Investor / Analyst,1,cb4eb8b3-c505-4c9e-8d0f-4a7764c5c779,Earnings Call Transcript,Earnings call transcript for Q1 FY25,False,2024-08-21
